# Blender 4.2.3 LTS
# www.blender.org
mtllib Earth 2K.mtl
o Earth
v 1.513805 1.992606 -1.896267
v -2.089305 1.788082 -1.515084
v 1.902728 1.825881 1.704025
v -1.706612 1.629742 2.071069
v 1.706612 -1.629741 -2.071070
v -1.902727 -1.825881 -1.704025
v 2.089305 -1.788082 1.515084
v -1.513805 -1.992606 1.896267
v 1.993516 1.975796 1.407136
v 2.080288 2.145861 0.962079
v 2.118619 2.274999 0.440165
v 2.092205 2.338162 -0.116582
v 1.998960 2.326675 -0.669818
v 1.849037 2.245518 -1.181790
v 1.667535 2.115878 -1.612544
v 1.200931 2.112355 -1.988375
v 0.737658 2.236575 -2.076417
v 0.202361 2.311246 -2.115445
v -0.359609 2.315915 -2.089290
v -0.908747 2.246479 -1.996352
v -1.408244 2.112430 -1.847268
v -1.821345 1.939290 -1.667264
v -2.192608 1.896111 -1.206293
v -2.293247 2.009338 -0.749328
v -2.341792 2.079713 -0.220717
v -2.319976 2.088703 0.336073
v -2.224905 2.031777 0.882947
v -2.066880 1.916265 1.383419
v -1.872614 1.764094 1.799778
v -1.409603 1.769532 2.177082
v -0.963889 1.929674 2.281488
v -0.440613 2.053754 2.333638
v 0.118041 2.118292 2.314480
v 0.673311 2.114765 2.220886
v 1.186951 2.047213 2.063487
v 1.618690 1.934521 1.869594
v 2.216372 -1.496764 1.644781
v 2.349942 -1.057707 1.793583
v 2.433329 -0.539475 1.909395
v 2.444323 0.017247 1.970508
v 2.377299 0.574522 1.968830
v 2.240896 1.094026 1.907722
v 2.061214 1.534205 1.804307
v -1.806510 1.325924 2.199173
v -1.909987 0.872418 2.334255
v -1.971676 0.343022 2.419244
v -1.973971 -0.219064 2.431741
v -1.912864 -0.774743 2.366144
v -1.796045 -1.285936 2.231256
v -1.645357 -1.713130 2.053265
v -1.200931 -2.112355 1.988375
v -0.737658 -2.236575 2.076417
v -0.202361 -2.311246 2.115445
v 0.359609 -2.315915 2.089290
v 0.908747 -2.246479 1.996352
v 1.408243 -2.112431 1.847268
v 1.821345 -1.939290 1.667264
v 1.872614 -1.764094 -1.799779
v 2.066880 -1.916265 -1.383419
v 2.224905 -2.031777 -0.882947
v 2.319976 -2.088703 -0.336073
v 2.341792 -2.079713 0.220717
v 2.293247 -2.009338 0.749328
v 2.192608 -1.896111 1.206293
v -1.667535 -2.115879 1.612544
v -1.849037 -2.245518 1.181790
v -1.998960 -2.326675 0.669818
v -2.092205 -2.338162 0.116582
v -2.118619 -2.274999 -0.440165
v -2.080288 -2.145861 -0.962079
v -1.993516 -1.975797 -1.407136
v -1.618691 -1.934521 -1.869594
v -1.186951 -2.047213 -2.063487
v -0.673311 -2.114765 -2.220886
v -0.118041 -2.118292 -2.314480
v 0.440613 -2.053754 -2.333638
v 0.963889 -1.929674 -2.281489
v 1.409603 -1.769533 -2.177082
v 1.645357 1.713130 -2.053265
v 1.796044 1.285937 -2.231256
v 1.912864 0.774743 -2.366144
v 1.973971 0.219064 -2.431741
v 1.971676 -0.343022 -2.419244
v 1.909987 -0.872418 -2.334255
v 1.806510 -1.325924 -2.199173
v -2.061214 -1.534205 -1.804307
v -2.240896 -1.094026 -1.907722
v -2.377299 -0.574522 -1.968830
v -2.444323 -0.017247 -1.970508
v -2.433329 0.539475 -1.909395
v -2.349942 1.057707 -1.793583
v -2.216372 1.496764 -1.644781
v 1.275228 2.375189 -1.609405
v 0.790734 2.556921 -1.641587
v 0.242592 2.658920 -1.652031
v -0.330922 2.670688 -1.617353
v -0.892133 2.591695 -1.531382
v -1.406579 2.427988 -1.408659
v -1.844773 2.194641 -1.279953
v 1.405297 2.562561 -1.147316
v 0.885609 2.789293 -1.137303
v 0.309907 2.916863 -1.119724
v -0.289409 2.935766 -1.074913
v -0.876912 2.845877 -0.994947
v -1.420680 2.652916 -0.895332
v -1.896133 2.370582 -0.801835
v 1.529307 2.671713 -0.617318
v 0.986959 2.924532 -0.575273
v 0.388753 3.069987 -0.531005
v -0.235435 3.094690 -0.474740
v -0.848892 2.995869 -0.402568
v -1.417953 2.782281 -0.325933
v -1.918977 2.471384 -0.260197
v 1.616354 2.691229 -0.050978
v 1.068824 2.952152 0.018088
v 0.463618 3.104055 0.088399
v -0.170871 3.131181 0.156275
v -0.796751 3.029155 0.217542
v -1.377663 2.808502 0.268842
v -1.888845 2.488984 0.308448
v 1.652131 2.619440 0.516634
v 1.115748 2.870621 0.610371
v 0.522981 3.014707 0.704236
v -0.099258 3.039341 0.781322
v -0.715893 2.942223 0.829901
v -1.291312 2.731237 0.854852
v -1.798795 2.422653 0.867759
v 1.643169 2.461380 1.048578
v 1.135864 2.684409 1.166907
v 0.570748 2.809119 1.281020
v -0.024951 2.827804 1.364117
v -0.618227 2.741002 1.400934
v -1.174209 2.553084 1.400325
v -1.662916 2.275643 1.383501
v 1.613009 2.231553 1.508737
v 1.148926 2.406465 1.657350
v 0.616650 2.503711 1.791393
v 0.048241 2.514925 1.879025
v -0.520741 2.440037 1.906033
v -1.053067 2.283784 1.879706
v -1.512723 2.058691 1.825204
v 1.717978 1.551913 2.120856
v 1.272702 1.610029 2.376121
v 0.749791 1.649828 2.563941
v 0.183695 1.645530 2.667659
v -0.388735 1.588575 2.680155
v -0.931236 1.491505 2.601178
v -1.409932 1.383717 2.440355
v 1.855594 1.082928 2.289530
v 1.381747 1.100423 2.595720
v 0.835014 1.113286 2.814473
v 0.244174 1.099827 2.930644
v -0.356182 1.049907 2.937472
v -0.932136 0.977240 2.834438
v -1.454838 0.906507 2.630514
v 1.970795 0.546394 2.382296
v 1.478137 0.532411 2.718375
v 0.911547 0.518923 2.959344
v 0.296872 0.494436 3.086310
v -0.330386 0.452964 3.089269
v -0.934161 0.404221 2.970162
v -1.486168 0.362547 2.741856
v 2.032865 -0.024095 2.392654
v 1.535785 -0.065628 2.737694
v 0.962816 -0.105914 2.986583
v 0.338376 -0.142699 3.118181
v -0.300935 -0.173605 3.120451
v -0.916481 -0.196932 2.996530
v -1.479009 -0.212037 2.761429
v 2.029401 -0.592556 2.321276
v 1.540920 -0.660071 2.654766
v 0.978370 -0.725625 2.893816
v 0.365838 -0.773480 3.020895
v -0.262325 -0.793243 3.026527
v -0.869216 -0.791166 2.911432
v -1.424907 -0.779985 2.686853
v 1.969676 -1.122557 2.172131
v 1.504132 -1.216602 2.472929
v 0.965039 -1.304551 2.687891
v 0.378061 -1.360705 2.804187
v -0.223988 -1.370833 2.815770
v -0.805948 -1.344888 2.720228
v -1.336083 -1.305272 2.523700
v 1.881017 -1.579573 1.955668
v 1.448554 -1.706128 2.201983
v 0.936540 -1.815955 2.383928
v 0.375560 -1.878560 2.487545
v -0.199312 -1.880783 2.506161
v -0.750691 -1.830940 2.437629
v -1.241150 -1.755489 2.288169
v 1.844773 -2.194641 1.279953
v 1.406579 -2.427988 1.408659
v 0.892133 -2.591695 1.531382
v 0.330922 -2.670688 1.617353
v -0.242592 -2.658920 1.652031
v -0.790734 -2.556921 1.641586
v -1.275229 -2.375189 1.609405
v 1.896133 -2.370581 0.801835
v 1.420680 -2.652916 0.895332
v 0.876912 -2.845877 0.994947
v 0.289409 -2.935766 1.074913
v -0.309907 -2.916863 1.119724
v -0.885609 -2.789292 1.137303
v -1.405297 -2.562561 1.147316
v 1.918977 -2.471384 0.260197
v 1.417953 -2.782281 0.325933
v 0.848892 -2.995869 0.402568
v 0.235435 -3.094690 0.474740
v -0.388753 -3.069987 0.531005
v -0.986959 -2.924532 0.575273
v -1.529307 -2.671713 0.617318
v 1.888845 -2.488984 -0.308448
v 1.377663 -2.808502 -0.268842
v 0.796751 -3.029155 -0.217542
v 0.170871 -3.131181 -0.156275
v -0.463618 -3.104055 -0.088399
v -1.068824 -2.952152 -0.018088
v -1.616355 -2.691229 0.050978
v 1.798795 -2.422652 -0.867759
v 1.291312 -2.731237 -0.854852
v 0.715893 -2.942223 -0.829901
v 0.099258 -3.039341 -0.781322
v -0.522981 -3.014707 -0.704237
v -1.115748 -2.870621 -0.610371
v -1.652131 -2.619440 -0.516634
v 1.662916 -2.275643 -1.383501
v 1.174209 -2.553084 -1.400325
v 0.618227 -2.741002 -1.400934
v 0.024951 -2.827804 -1.364117
v -0.570748 -2.809119 -1.281020
v -1.135864 -2.684409 -1.166907
v -1.643169 -2.461380 -1.048578
v 1.512723 -2.058691 -1.825205
v 1.053067 -2.283784 -1.879706
v 0.520741 -2.440037 -1.906033
v -0.048241 -2.514926 -1.879025
v -0.616650 -2.503711 -1.791393
v -1.148926 -2.406465 -1.657350
v -1.613009 -2.231553 -1.508737
v 1.409932 -1.383717 -2.440355
v 0.931236 -1.491505 -2.601178
v 0.388735 -1.588575 -2.680155
v -0.183695 -1.645530 -2.667659
v -0.749791 -1.649829 -2.563941
v -1.272702 -1.610029 -2.376121
v -1.717978 -1.551913 -2.120856
v 1.454838 -0.906507 -2.630514
v 0.932136 -0.977240 -2.834438
v 0.356182 -1.049907 -2.937472
v -0.244174 -1.099827 -2.930644
v -0.835014 -1.113286 -2.814473
v -1.381747 -1.100423 -2.595719
v -1.855594 -1.082928 -2.289531
v 1.486168 -0.362547 -2.741856
v 0.934161 -0.404221 -2.970162
v 0.330386 -0.452964 -3.089269
v -0.296872 -0.494436 -3.086310
v -0.911547 -0.518923 -2.959343
v -1.478137 -0.532411 -2.718375
v -1.970794 -0.546394 -2.382296
v 1.479009 0.212037 -2.761429
v 0.916481 0.196932 -2.996530
v 0.300935 0.173605 -3.120451
v -0.338376 0.142699 -3.118181
v -0.962816 0.105914 -2.986583
v -1.535785 0.065628 -2.737694
v -2.032865 0.024094 -2.392655
v 1.424907 0.779985 -2.686853
v 0.869216 0.791166 -2.911432
v 0.262325 0.793243 -3.026527
v -0.365838 0.773480 -3.020895
v -0.978370 0.725625 -2.893816
v -1.540920 0.660071 -2.654766
v -2.029401 0.592556 -2.321276
v 1.336083 1.305272 -2.523700
v 0.805948 1.344888 -2.720228
v 0.223988 1.370833 -2.815770
v -0.378061 1.360705 -2.804187
v -0.965039 1.304551 -2.687891
v -1.504132 1.216602 -2.472929
v -1.969676 1.122557 -2.172131
v 1.241150 1.755489 -2.288169
v 0.750691 1.830940 -2.437629
v 0.199312 1.880783 -2.506161
v -0.375560 1.878560 -2.487545
v -0.936540 1.815955 -2.383928
v -1.448554 1.706129 -2.201983
v -1.881017 1.579573 -1.955668
v 2.294445 1.615243 1.408697
v 2.530586 1.157133 1.454336
v 2.693951 0.626280 1.486040
v 2.768803 0.057922 1.479285
v 2.750050 -0.511320 1.426074
v 2.640356 -1.046036 1.338746
v 2.452636 -1.513646 1.245538
v 2.442631 1.738726 0.931825
v 2.725116 1.248166 0.934740
v 2.915387 0.691153 0.938478
v 2.999593 0.097432 0.922421
v 2.973251 -0.498680 0.876931
v 2.839036 -1.064312 0.815492
v 2.608781 -1.572238 0.761737
v 2.510777 1.844015 0.391813
v 2.820036 1.331850 0.362614
v 3.029126 0.752826 0.339949
v 3.121166 0.134344 0.313352
v 3.089148 -0.488064 0.277259
v 2.938381 -1.079720 0.240897
v 2.684009 -1.614540 0.217418
v 2.492500 1.900970 -0.177962
v 2.809087 1.382799 -0.234122
v 3.024017 0.795833 -0.282637
v 3.118896 0.166550 -0.320407
v 3.085433 -0.468025 -0.344922
v 2.930039 -1.070797 -0.355219
v 2.669369 -1.615107 -0.351870
v 2.389295 1.897058 -0.741858
v 2.693870 1.387266 -0.822479
v 2.898505 0.810178 -0.894535
v 2.988968 0.191981 -0.941875
v 2.959728 -0.432356 -0.954458
v 2.814327 -1.027185 -0.939344
v 2.565144 -1.565048 -0.910260
v 2.207065 1.841230 -1.263586
v 2.479374 1.355639 -1.368524
v 2.660742 0.802457 -1.460968
v 2.741959 0.209317 -1.515178
v 2.720720 -0.390262 -1.517660
v 2.597022 -0.961912 -1.479229
v 2.377832 -1.475992 -1.423122
v 1.959255 1.760365 -1.708903
v 2.177565 1.310557 -1.843519
v 2.327069 0.785611 -1.955884
v 2.397562 0.218238 -2.015436
v 2.385792 -0.355558 -2.009849
v 2.291959 -0.898886 -1.948548
v 2.123140 -1.376225 -1.859084
v -1.959254 -1.760365 1.708903
v -2.177565 -1.310557 1.843519
v -2.327069 -0.785611 1.955884
v -2.397561 -0.218238 2.015437
v -2.385792 0.355558 2.009849
v -2.291959 0.898886 1.948549
v -2.123140 1.376224 1.859084
v -2.207065 -1.841230 1.263586
v -2.479374 -1.355639 1.368524
v -2.660742 -0.802457 1.460968
v -2.741959 -0.209317 1.515178
v -2.720720 0.390262 1.517660
v -2.597022 0.961912 1.479228
v -2.377832 1.475992 1.423122
v -2.389295 -1.897058 0.741858
v -2.693870 -1.387266 0.822479
v -2.898505 -0.810178 0.894535
v -2.988968 -0.191981 0.941875
v -2.959728 0.432356 0.954458
v -2.814327 1.027184 0.939344
v -2.565144 1.565049 0.910260
v -2.492500 -1.900970 0.177962
v -2.809087 -1.382799 0.234122
v -3.024017 -0.795833 0.282637
v -3.118896 -0.166550 0.320407
v -3.085433 0.468025 0.344922
v -2.930039 1.070797 0.355219
v -2.669369 1.615106 0.351870
v -2.510777 -1.844015 -0.391813
v -2.820036 -1.331849 -0.362614
v -3.029126 -0.752826 -0.339949
v -3.121166 -0.134344 -0.313352
v -3.089148 0.488064 -0.277259
v -2.938381 1.079720 -0.240897
v -2.684009 1.614540 -0.217418
v -2.442631 -1.738726 -0.931825
v -2.725116 -1.248166 -0.934740
v -2.915387 -0.691153 -0.938478
v -2.999593 -0.097432 -0.922421
v -2.973251 0.498680 -0.876931
v -2.839036 1.064312 -0.815492
v -2.608781 1.572238 -0.761737
v -2.294445 -1.615243 -1.408697
v -2.530586 -1.157133 -1.454336
v -2.693951 -0.626280 -1.486040
v -2.768804 -0.057922 -1.479285
v -2.750051 0.511320 -1.426074
v -2.640356 1.046036 -1.338746
v -2.452636 1.513646 -1.245538
vn 0.4821 0.6346 -0.6040
vn -0.6654 0.5695 -0.4826
vn 0.6060 0.5815 0.5427
vn -0.5435 0.5190 0.6597
vn 0.5435 -0.5190 -0.6597
vn -0.6060 -0.5815 -0.5427
vn 0.6654 -0.5695 0.4826
vn -0.4821 -0.6346 0.6040
vn 0.6372 0.6334 0.4390
vn 0.6633 0.6852 0.3011
vn 0.6748 0.7250 0.1379
vn 0.6663 0.7447 -0.0372
vn 0.6372 0.7412 -0.2111
vn 0.5908 0.7164 -0.3712
vn 0.5354 0.6772 -0.5048
vn 0.3730 0.6759 -0.6356
vn 0.2296 0.7134 -0.6621
vn 0.0623 0.7362 -0.6738
vn -0.1144 0.7376 -0.6655
vn -0.2871 0.7159 -0.6364
vn -0.4434 0.6745 -0.5903
vn -0.5717 0.6218 -0.5353
vn -0.7010 0.6068 -0.3748
vn -0.7312 0.6410 -0.2333
vn -0.7459 0.6626 -0.0680
vn -0.7389 0.6653 0.1071
vn -0.7091 0.6475 0.2792
vn -0.6602 0.6118 0.4357
vn -0.6009 0.5655 0.5649
vn -0.4398 0.5674 0.6962
vn -0.3016 0.6161 0.7276
vn -0.1380 0.6545 0.7434
vn 0.0377 0.6746 0.7372
vn 0.2123 0.6737 0.7079
vn 0.3728 0.6530 0.6592
vn 0.5068 0.6190 0.6000
vn 0.7092 -0.4677 0.5275
vn 0.7496 -0.3315 0.5728
vn 0.7752 -0.1695 0.6086
vn 0.7784 0.0056 0.6277
vn 0.7575 0.1809 0.6273
vn 0.7154 0.3433 0.6086
vn 0.6607 0.4797 0.5773
vn -0.5779 0.4129 0.7039
vn -0.6092 0.2724 0.7448
vn -0.6280 0.1069 0.7708
vn -0.6286 -0.0699 0.7746
vn -0.6096 -0.2446 0.7541
vn -0.5735 -0.4044 0.7124
vn -0.5276 -0.5370 0.6582
vn -0.3730 -0.6759 0.6356
vn -0.2296 -0.7134 0.6621
vn -0.0623 -0.7362 0.6738
vn 0.1144 -0.7376 0.6655
vn 0.2871 -0.7159 0.6364
vn 0.4434 -0.6745 0.5903
vn 0.5717 -0.6218 0.5353
vn 0.6009 -0.5655 -0.5649
vn 0.6602 -0.6118 -0.4357
vn 0.7091 -0.6475 -0.2792
vn 0.7389 -0.6653 -0.1071
vn 0.7459 -0.6626 0.0680
vn 0.7312 -0.6410 0.2333
vn 0.7010 -0.6068 0.3748
vn -0.5354 -0.6772 0.5048
vn -0.5908 -0.7164 0.3712
vn -0.6372 -0.7412 0.2111
vn -0.6663 -0.7447 0.0372
vn -0.6748 -0.7250 -0.1379
vn -0.6633 -0.6852 -0.3011
vn -0.6372 -0.6334 -0.4390
vn -0.5068 -0.6190 -0.6000
vn -0.3728 -0.6530 -0.6592
vn -0.2123 -0.6737 -0.7079
vn -0.0377 -0.6746 -0.7372
vn 0.1380 -0.6545 -0.7434
vn 0.3016 -0.6161 -0.7276
vn 0.4398 -0.5674 -0.6962
vn 0.5276 0.5370 -0.6582
vn 0.5735 0.4044 -0.7124
vn 0.6096 0.2446 -0.7541
vn 0.6286 0.0699 -0.7746
vn 0.6280 -0.1069 -0.7708
vn 0.6092 -0.2724 -0.7448
vn 0.5779 -0.4129 -0.7039
vn -0.6607 -0.4797 -0.5773
vn -0.7154 -0.3433 -0.6086
vn -0.7575 -0.1809 -0.6273
vn -0.7784 -0.0056 -0.6277
vn -0.7752 0.1695 -0.6086
vn -0.7496 0.3315 -0.5728
vn -0.7092 0.4677 -0.5275
vn 0.4007 0.7638 -0.5059
vn 0.2474 0.8176 -0.5199
vn 0.0754 0.8485 -0.5238
vn -0.1051 0.8520 -0.5130
vn -0.2817 0.8274 -0.4859
vn -0.4433 0.7771 -0.4467
vn -0.5817 0.7070 -0.4023
vn 0.4456 0.8195 -0.3604
vn 0.2790 0.8909 -0.3584
vn 0.0971 0.9304 -0.3533
vn -0.0917 0.9362 -0.3392
vn -0.2769 0.9081 -0.3141
vn -0.4488 0.8479 -0.2821
vn -0.6013 0.7586 -0.2509
vn 0.4852 0.8526 -0.1941
vn 0.3116 0.9329 -0.1808
vn 0.1221 0.9784 -0.1668
vn -0.0746 0.9860 -0.1489
vn -0.2679 0.9551 -0.1263
vn -0.4484 0.8880 -0.1020
vn -0.6090 0.7891 -0.0808
vn 0.5126 0.8585 -0.0160
vn 0.3373 0.9414 0.0062
vn 0.1455 0.9889 0.0284
vn -0.0542 0.9973 0.0498
vn -0.2513 0.9654 0.0691
vn -0.4356 0.8961 0.0854
vn -0.5995 0.7944 0.0982
vn 0.5239 0.8361 0.1627
vn 0.3521 0.9159 0.1928
vn 0.1643 0.9610 0.2225
vn -0.0317 0.9686 0.2466
vn -0.2260 0.9382 0.2621
vn -0.4085 0.8719 0.2701
vn -0.5711 0.7737 0.2742
vn 0.5204 0.7877 0.3298
vn 0.3579 0.8578 0.3688
vn 0.1795 0.8964 0.4053
vn -0.0082 0.9021 0.4315
vn -0.1952 0.8749 0.4432
vn -0.3710 0.8164 0.4426
vn -0.5279 0.7287 0.4362
vn 0.5071 0.7186 0.4758
vn 0.3609 0.7699 0.5262
vn 0.1940 0.7992 0.5689
vn 0.0152 0.8025 0.5964
vn -0.1639 0.7792 0.6050
vn -0.3312 0.7314 0.5962
vn -0.4771 0.6642 0.5756
vn 0.5426 0.4880 0.6837
vn 0.4012 0.5101 0.7608
vn 0.2369 0.5232 0.8186
vn 0.0588 0.5218 0.8510
vn -0.1213 0.5039 0.8552
vn -0.2915 0.4728 0.8316
vn -0.4422 0.4350 0.7844
vn 0.5892 0.3401 0.7329
vn 0.4371 0.3468 0.8298
vn 0.2642 0.3514 0.8982
vn 0.0781 0.3471 0.9346
vn -0.1111 0.3314 0.9369
vn -0.2930 0.3079 0.9052
vn -0.4604 0.2840 0.8411
vn 0.6259 0.1717 0.7608
vn 0.4680 0.1674 0.8678
vn 0.2883 0.1631 0.9435
vn 0.0947 0.1551 0.9833
vn -0.1029 0.1422 0.9845
vn -0.2942 0.1268 0.9473
vn -0.4709 0.1132 0.8749
vn 0.6454 -0.0077 0.7638
vn 0.4860 -0.0210 0.8737
vn 0.3043 -0.0338 0.9520
vn 0.1077 -0.0454 0.9931
vn -0.0935 -0.0552 0.9941
vn -0.2886 -0.0626 0.9554
vn -0.4687 -0.0675 0.8808
vn 0.6443 -0.1866 0.7416
vn 0.4877 -0.2084 0.8478
vn 0.3093 -0.2291 0.9229
vn 0.1163 -0.2440 0.9628
vn -0.0815 -0.2504 0.9647
vn -0.2738 -0.2498 0.9288
vn -0.4517 -0.2462 0.8575
vn 0.6251 -0.3532 0.6960
vn 0.4757 -0.3844 0.7912
vn 0.3052 -0.4126 0.8583
vn 0.1202 -0.4302 0.8947
vn -0.0694 -0.4335 0.8985
vn -0.2532 -0.4249 0.8691
vn -0.4231 -0.4111 0.8074
vn 0.5940 -0.4981 0.6317
vn 0.4570 -0.5415 0.7057
vn 0.2961 -0.5765 0.7616
vn 0.1195 -0.5962 0.7939
vn -0.0613 -0.5969 0.8000
vn -0.2343 -0.5807 0.7797
vn -0.3891 -0.5534 0.7364
vn 0.5817 -0.7070 0.4023
vn 0.4433 -0.7771 0.4467
vn 0.2817 -0.8274 0.4859
vn 0.1051 -0.8520 0.5130
vn -0.0754 -0.8485 0.5238
vn -0.2474 -0.8176 0.5199
vn -0.4007 -0.7638 0.5059
vn 0.6013 -0.7586 0.2509
vn 0.4488 -0.8479 0.2821
vn 0.2769 -0.9081 0.3141
vn 0.0917 -0.9362 0.3392
vn -0.0971 -0.9304 0.3533
vn -0.2790 -0.8909 0.3584
vn -0.4456 -0.8195 0.3604
vn 0.6090 -0.7891 0.0808
vn 0.4484 -0.8880 0.1020
vn 0.2679 -0.9551 0.1263
vn 0.0746 -0.9860 0.1489
vn -0.1221 -0.9784 0.1668
vn -0.3116 -0.9329 0.1808
vn -0.4852 -0.8526 0.1941
vn 0.5995 -0.7944 -0.0982
vn 0.4356 -0.8961 -0.0854
vn 0.2513 -0.9654 -0.0691
vn 0.0542 -0.9973 -0.0498
vn -0.1455 -0.9890 -0.0284
vn -0.3373 -0.9414 -0.0062
vn -0.5126 -0.8585 0.0160
vn 0.5711 -0.7737 -0.2742
vn 0.4085 -0.8719 -0.2701
vn 0.2260 -0.9382 -0.2621
vn 0.0317 -0.9686 -0.2466
vn -0.1643 -0.9610 -0.2225
vn -0.3521 -0.9159 -0.1928
vn -0.5239 -0.8361 -0.1627
vn 0.5279 -0.7287 -0.4362
vn 0.3710 -0.8164 -0.4426
vn 0.1952 -0.8749 -0.4432
vn 0.0082 -0.9021 -0.4315
vn -0.1795 -0.8964 -0.4053
vn -0.3579 -0.8578 -0.3688
vn -0.5204 -0.7877 -0.3298
vn 0.4771 -0.6642 -0.5756
vn 0.3312 -0.7314 -0.5962
vn 0.1639 -0.7792 -0.6050
vn -0.0152 -0.8025 -0.5964
vn -0.1940 -0.7992 -0.5689
vn -0.3609 -0.7699 -0.5262
vn -0.5071 -0.7186 -0.4758
vn 0.4422 -0.4350 -0.7844
vn 0.2915 -0.4728 -0.8316
vn 0.1213 -0.5039 -0.8552
vn -0.0588 -0.5218 -0.8510
vn -0.2369 -0.5232 -0.8186
vn -0.4012 -0.5101 -0.7608
vn -0.5426 -0.4880 -0.6837
vn 0.4604 -0.2840 -0.8411
vn 0.2930 -0.3079 -0.9052
vn 0.1111 -0.3314 -0.9369
vn -0.0781 -0.3471 -0.9346
vn -0.2642 -0.3514 -0.8982
vn -0.4371 -0.3468 -0.8298
vn -0.5892 -0.3401 -0.7329
vn 0.4709 -0.1132 -0.8749
vn 0.2942 -0.1268 -0.9473
vn 0.1029 -0.1422 -0.9845
vn -0.0947 -0.1551 -0.9833
vn -0.2883 -0.1631 -0.9435
vn -0.4680 -0.1674 -0.8678
vn -0.6259 -0.1717 -0.7608
vn 0.4687 0.0675 -0.8808
vn 0.2886 0.0626 -0.9554
vn 0.0935 0.0552 -0.9941
vn -0.1077 0.0454 -0.9931
vn -0.3043 0.0338 -0.9520
vn -0.4860 0.0210 -0.8737
vn -0.6454 0.0077 -0.7638
vn 0.4517 0.2462 -0.8575
vn 0.2738 0.2498 -0.9288
vn 0.0815 0.2504 -0.9647
vn -0.1163 0.2440 -0.9628
vn -0.3093 0.2291 -0.9229
vn -0.4877 0.2084 -0.8478
vn -0.6443 0.1866 -0.7416
vn 0.4231 0.4111 -0.8074
vn 0.2532 0.4249 -0.8691
vn 0.0694 0.4335 -0.8985
vn -0.1202 0.4302 -0.8947
vn -0.3052 0.4126 -0.8583
vn -0.4757 0.3844 -0.7912
vn -0.6251 0.3532 -0.6960
vn 0.3891 0.5534 -0.7364
vn 0.2343 0.5807 -0.7797
vn 0.0613 0.5969 -0.8000
vn -0.1195 0.5962 -0.7939
vn -0.2961 0.5765 -0.7616
vn -0.4570 0.5415 -0.7057
vn -0.5940 0.4981 -0.6317
vn 0.7383 0.5095 0.4419
vn 0.8095 0.3644 0.4603
vn 0.8597 0.1976 0.4710
vn 0.8830 0.0188 0.4689
vn 0.8774 -0.1604 0.4522
vn 0.8441 -0.3282 0.4240
vn 0.7881 -0.4757 0.3906
vn 0.7812 0.5520 0.2917
vn 0.8706 0.3946 0.2939
vn 0.9300 0.2185 0.2956
vn 0.9563 0.0314 0.2905
vn 0.9483 -0.1565 0.2763
vn 0.9066 -0.3352 0.2563
vn 0.8339 -0.4980 0.2378
vn 0.8013 0.5856 0.1223
vn 0.8997 0.4215 0.1131
vn 0.9655 0.2380 0.1059
vn 0.9943 0.0431 0.0974
vn 0.9845 -0.1531 0.0862
vn 0.9372 -0.3406 0.0747
vn 0.8564 -0.5120 0.0670
vn 0.7954 0.6035 -0.0570
vn 0.8961 0.4375 -0.0749
vn 0.9637 0.2514 -0.0903
vn 0.9933 0.0532 -0.1021
vn 0.9831 -0.1466 -0.1099
vn 0.9344 -0.3377 -0.1132
vn 0.8515 -0.5121 -0.1122
vn 0.7631 0.6022 -0.2344
vn 0.8600 0.4389 -0.2603
vn 0.9243 0.2560 -0.2831
vn 0.9526 0.0612 -0.2978
vn 0.9436 -0.1355 -0.3020
vn 0.8981 -0.3240 -0.2973
vn 0.8190 -0.4964 -0.2880
vn 0.7072 0.5841 -0.3984
vn 0.7930 0.4285 -0.4330
vn 0.8495 0.2536 -0.4627
vn 0.8749 0.0667 -0.4797
vn 0.8684 -0.1222 -0.4806
vn 0.8302 -0.3029 -0.4681
vn 0.7613 -0.4677 -0.4491
vn 0.6328 0.5552 -0.5397
vn 0.6976 0.4130 -0.5855
vn 0.7433 0.2481 -0.6213
vn 0.7652 0.0696 -0.6400
vn 0.7618 -0.1109 -0.6383
vn 0.7336 -0.2815 -0.6186
vn 0.6844 -0.4324 -0.5871
vn -0.6328 -0.5552 0.5397
vn -0.6976 -0.4130 0.5855
vn -0.7433 -0.2481 0.6213
vn -0.7652 -0.0696 0.6400
vn -0.7618 0.1109 0.6383
vn -0.7336 0.2815 0.6186
vn -0.6844 0.4324 0.5871
vn -0.7072 -0.5841 0.3984
vn -0.7930 -0.4285 0.4330
vn -0.8495 -0.2536 0.4627
vn -0.8749 -0.0667 0.4797
vn -0.8684 0.1222 0.4806
vn -0.8302 0.3029 0.4681
vn -0.7613 0.4677 0.4491
vn -0.7631 -0.6022 0.2344
vn -0.8600 -0.4389 0.2603
vn -0.9243 -0.2560 0.2831
vn -0.9526 -0.0612 0.2978
vn -0.9436 0.1355 0.3020
vn -0.8981 0.3240 0.2973
vn -0.8190 0.4964 0.2880
vn -0.7954 -0.6035 0.0570
vn -0.8961 -0.4375 0.0749
vn -0.9637 -0.2514 0.0903
vn -0.9933 -0.0532 0.1021
vn -0.9831 0.1466 0.1099
vn -0.9344 0.3377 0.1132
vn -0.8515 0.5121 0.1122
vn -0.8013 -0.5856 -0.1223
vn -0.8997 -0.4215 -0.1131
vn -0.9655 -0.2380 -0.1059
vn -0.9943 -0.0431 -0.0974
vn -0.9845 0.1531 -0.0862
vn -0.9372 0.3406 -0.0747
vn -0.8564 0.5120 -0.0670
vn -0.7812 -0.5520 -0.2917
vn -0.8706 -0.3946 -0.2939
vn -0.9300 -0.2185 -0.2956
vn -0.9563 -0.0314 -0.2905
vn -0.9483 0.1565 -0.2763
vn -0.9066 0.3352 -0.2563
vn -0.8339 0.4980 -0.2378
vn -0.7383 -0.5095 -0.4419
vn -0.8095 -0.3644 -0.4603
vn -0.8597 -0.1976 -0.4710
vn -0.8830 -0.0188 -0.4689
vn -0.8774 0.1604 -0.4522
vn -0.8441 0.3282 -0.4240
vn -0.7881 0.4757 -0.3906
vt 0.469450 0.947331
vt 0.438960 0.947331
vt 0.438960 0.906657
vt 0.469450 0.906657
vt 0.408469 0.947331
vt 0.408469 0.906657
vt 0.377979 0.947331
vt 0.377979 0.906657
vt 0.347489 0.947331
vt 0.347489 0.906657
vt 0.316998 0.947331
vt 0.316998 0.906657
vt 0.286508 0.947331
vt 0.286508 0.906657
vt 0.438960 0.865983
vt 0.469450 0.865983
vt 0.408469 0.865983
vt 0.377979 0.865983
vt 0.347489 0.865983
vt 0.316998 0.865983
vt 0.286508 0.865983
vt 0.438960 0.825310
vt 0.469450 0.825310
vt 0.408469 0.825310
vt 0.377979 0.825310
vt 0.347489 0.825310
vt 0.316998 0.825310
vt 0.286508 0.825310
vt 0.438960 0.784636
vt 0.469450 0.784636
vt 0.408469 0.784636
vt 0.377979 0.784636
vt 0.347489 0.784636
vt 0.316998 0.784636
vt 0.286508 0.784636
vt 0.438960 0.743963
vt 0.469450 0.743963
vt 0.408469 0.743963
vt 0.377979 0.743962
vt 0.347489 0.743962
vt 0.316998 0.743962
vt 0.286508 0.743963
vt 0.438960 0.703289
vt 0.469450 0.703289
vt 0.408469 0.703289
vt 0.377979 0.703289
vt 0.347489 0.703289
vt 0.316998 0.703289
vt 0.286508 0.703289
vt 0.499940 0.988004
vt 0.469450 0.988004
vt 0.499940 0.947331
vt 0.438960 0.988004
vt 0.408469 0.988004
vt 0.377979 0.988004
vt 0.347489 0.988004
vt 0.316998 0.988004
vt 0.286508 0.988004
vt 0.256018 0.988004
vt 0.256018 0.947331
vt 0.256018 0.906657
vt 0.256018 0.865983
vt 0.256018 0.825310
vt 0.256018 0.784636
vt 0.256018 0.743963
vt 0.256018 0.703289
vt 0.256018 0.662615
vt 0.286508 0.662615
vt 0.316998 0.662615
vt 0.347489 0.662615
vt 0.377979 0.662615
vt 0.408469 0.662615
vt 0.438960 0.662615
vt 0.469450 0.662615
vt 0.499940 0.703289
vt 0.499940 0.662615
vt 0.499940 0.743963
vt 0.499940 0.784636
vt 0.499940 0.825310
vt 0.499940 0.865983
vt 0.499940 0.906657
vt 0.469450 0.621961
vt 0.438960 0.621961
vt 0.438960 0.581308
vt 0.469450 0.581308
vt 0.408469 0.621961
vt 0.408469 0.581308
vt 0.377979 0.621961
vt 0.377979 0.581308
vt 0.347489 0.621961
vt 0.347489 0.581308
vt 0.316998 0.621961
vt 0.316998 0.581308
vt 0.286508 0.621961
vt 0.286508 0.581308
vt 0.438960 0.540654
vt 0.469450 0.540654
vt 0.408469 0.540654
vt 0.377979 0.540654
vt 0.347489 0.540654
vt 0.316998 0.540654
vt 0.286508 0.540654
vt 0.438960 0.500000
vt 0.469450 0.500000
vt 0.408469 0.500000
vt 0.377979 0.500000
vt 0.347489 0.500000
vt 0.316998 0.500000
vt 0.286508 0.500000
vt 0.438960 0.459346
vt 0.469450 0.459346
vt 0.408469 0.459346
vt 0.377979 0.459346
vt 0.347489 0.459346
vt 0.316998 0.459346
vt 0.286508 0.459346
vt 0.438960 0.418692
vt 0.469450 0.418692
vt 0.408469 0.418692
vt 0.377979 0.418692
vt 0.347489 0.418692
vt 0.316998 0.418692
vt 0.286508 0.418692
vt 0.438960 0.378039
vt 0.469450 0.378039
vt 0.408469 0.378039
vt 0.377979 0.378039
vt 0.347489 0.378039
vt 0.316998 0.378039
vt 0.286508 0.378039
vt 0.499940 0.621961
vt 0.256018 0.621961
vt 0.256018 0.581308
vt 0.256018 0.540654
vt 0.256018 0.500000
vt 0.256018 0.459346
vt 0.256018 0.418692
vt 0.256018 0.378039
vt 0.256018 0.337385
vt 0.286508 0.337385
vt 0.316998 0.337385
vt 0.347489 0.337385
vt 0.377979 0.337385
vt 0.408469 0.337385
vt 0.438960 0.337385
vt 0.469450 0.337385
vt 0.499940 0.378039
vt 0.499940 0.337385
vt 0.499940 0.418692
vt 0.499940 0.459346
vt 0.499940 0.500000
vt 0.499940 0.540654
vt 0.499940 0.581308
vt 0.469450 0.296711
vt 0.438960 0.296711
vt 0.438960 0.256037
vt 0.469450 0.256037
vt 0.408469 0.296711
vt 0.408469 0.256037
vt 0.377979 0.296711
vt 0.377979 0.256038
vt 0.347489 0.296711
vt 0.347489 0.256037
vt 0.316998 0.296711
vt 0.316998 0.256037
vt 0.286508 0.296711
vt 0.286508 0.256037
vt 0.438960 0.215364
vt 0.469450 0.215364
vt 0.408469 0.215364
vt 0.377979 0.215364
vt 0.347489 0.215364
vt 0.316998 0.215364
vt 0.286508 0.215364
vt 0.438960 0.174690
vt 0.469450 0.174690
vt 0.408469 0.174690
vt 0.377979 0.174690
vt 0.347489 0.174690
vt 0.316998 0.174690
vt 0.286508 0.174690
vt 0.438960 0.134017
vt 0.469450 0.134017
vt 0.408469 0.134017
vt 0.377979 0.134017
vt 0.347489 0.134017
vt 0.316998 0.134017
vt 0.286508 0.134017
vt 0.438960 0.093343
vt 0.469450 0.093343
vt 0.408469 0.093343
vt 0.377979 0.093343
vt 0.347489 0.093343
vt 0.316998 0.093343
vt 0.286508 0.093343
vt 0.438960 0.052669
vt 0.469450 0.052669
vt 0.408469 0.052669
vt 0.377979 0.052669
vt 0.347489 0.052669
vt 0.316998 0.052669
vt 0.286508 0.052669
vt 0.499940 0.296711
vt 0.256018 0.296711
vt 0.256018 0.256038
vt 0.256018 0.215364
vt 0.256018 0.174690
vt 0.256018 0.134017
vt 0.256018 0.093343
vt 0.256018 0.052669
vt 0.256018 0.011996
vt 0.286508 0.011996
vt 0.316998 0.011996
vt 0.347489 0.011996
vt 0.377979 0.011996
vt 0.408469 0.011996
vt 0.438960 0.011996
vt 0.469450 0.011996
vt 0.499940 0.052669
vt 0.499940 0.011996
vt 0.499940 0.093343
vt 0.499940 0.134017
vt 0.499940 0.174690
vt 0.499940 0.215364
vt 0.499940 0.256038
vt 0.774488 0.378039
vt 0.804993 0.378039
vt 0.804993 0.418692
vt 0.774488 0.418692
vt 0.835498 0.378039
vt 0.835498 0.418692
vt 0.866003 0.378039
vt 0.866003 0.418692
vt 0.896509 0.378039
vt 0.896509 0.418692
vt 0.927014 0.378039
vt 0.927014 0.418692
vt 0.957519 0.378039
vt 0.957519 0.418692
vt 0.804993 0.459346
vt 0.774488 0.459346
vt 0.835498 0.459346
vt 0.866003 0.459346
vt 0.896509 0.459346
vt 0.927014 0.459346
vt 0.957519 0.459346
vt 0.804993 0.500000
vt 0.774488 0.500000
vt 0.835498 0.500000
vt 0.866003 0.500000
vt 0.896509 0.500000
vt 0.927014 0.500000
vt 0.957519 0.500000
vt 0.804993 0.540654
vt 0.774488 0.540654
vt 0.835498 0.540654
vt 0.866003 0.540654
vt 0.896509 0.540654
vt 0.927014 0.540654
vt 0.957519 0.540654
vt 0.804993 0.581308
vt 0.774488 0.581308
vt 0.835498 0.581308
vt 0.866003 0.581308
vt 0.896509 0.581308
vt 0.927014 0.581308
vt 0.957519 0.581308
vt 0.804993 0.621961
vt 0.774488 0.621961
vt 0.835498 0.621961
vt 0.866003 0.621961
vt 0.896509 0.621961
vt 0.927014 0.621961
vt 0.957519 0.621961
vt 0.743982 0.337385
vt 0.774488 0.337385
vt 0.743982 0.378039
vt 0.804993 0.337385
vt 0.835498 0.337385
vt 0.866003 0.337385
vt 0.896509 0.337385
vt 0.927014 0.337385
vt 0.957519 0.337385
vt 0.988024 0.337385
vt 0.988024 0.378039
vt 0.988024 0.418692
vt 0.988024 0.459346
vt 0.988024 0.500000
vt 0.988024 0.540654
vt 0.988024 0.581308
vt 0.988024 0.621961
vt 0.988024 0.662615
vt 0.957519 0.662615
vt 0.927014 0.662615
vt 0.896509 0.662615
vt 0.866003 0.662615
vt 0.835498 0.662615
vt 0.804993 0.662615
vt 0.774488 0.662615
vt 0.743982 0.621961
vt 0.743982 0.662615
vt 0.743982 0.581308
vt 0.743982 0.540654
vt 0.743982 0.500000
vt 0.743982 0.459346
vt 0.743982 0.418692
vt 0.530446 0.621961
vt 0.530446 0.581308
vt 0.560951 0.581308
vt 0.560951 0.621961
vt 0.530446 0.540654
vt 0.560951 0.540654
vt 0.530446 0.500000
vt 0.560951 0.500000
vt 0.530446 0.459346
vt 0.560951 0.459346
vt 0.530446 0.418692
vt 0.560951 0.418692
vt 0.530446 0.378039
vt 0.560951 0.378039
vt 0.591456 0.581308
vt 0.591456 0.621961
vt 0.591456 0.540654
vt 0.591456 0.500000
vt 0.591456 0.459346
vt 0.591456 0.418692
vt 0.591456 0.378039
vt 0.621961 0.581308
vt 0.621961 0.621961
vt 0.621961 0.540654
vt 0.621961 0.500000
vt 0.621961 0.459346
vt 0.621961 0.418692
vt 0.621961 0.378039
vt 0.652467 0.581308
vt 0.652467 0.621961
vt 0.652467 0.540654
vt 0.652467 0.500000
vt 0.652467 0.459346
vt 0.652467 0.418692
vt 0.652467 0.378039
vt 0.682972 0.581308
vt 0.682972 0.621961
vt 0.682972 0.540654
vt 0.682972 0.500000
vt 0.682972 0.459346
vt 0.682972 0.418692
vt 0.682972 0.378039
vt 0.713477 0.581308
vt 0.713477 0.621961
vt 0.713477 0.540654
vt 0.713477 0.500000
vt 0.713477 0.459346
vt 0.713477 0.418692
vt 0.713477 0.378039
vt 0.530446 0.662615
vt 0.530446 0.337385
vt 0.560951 0.337385
vt 0.591456 0.337385
vt 0.621961 0.337385
vt 0.652467 0.337385
vt 0.682972 0.337385
vt 0.713477 0.337385
vt 0.713477 0.662615
vt 0.682972 0.662615
vt 0.652467 0.662615
vt 0.621961 0.662615
vt 0.591456 0.662615
vt 0.560951 0.662615
vt 0.225512 0.378039
vt 0.225512 0.418692
vt 0.195007 0.418692
vt 0.195007 0.378039
vt 0.225512 0.459346
vt 0.195007 0.459346
vt 0.225512 0.500000
vt 0.195007 0.500000
vt 0.225512 0.540654
vt 0.195007 0.540654
vt 0.225512 0.581308
vt 0.195007 0.581308
vt 0.225512 0.621961
vt 0.195007 0.621961
vt 0.164502 0.418692
vt 0.164502 0.378039
vt 0.164502 0.459346
vt 0.164502 0.500000
vt 0.164502 0.540654
vt 0.164502 0.581308
vt 0.164502 0.621961
vt 0.133997 0.418692
vt 0.133997 0.378039
vt 0.133997 0.459346
vt 0.133997 0.500000
vt 0.133997 0.540654
vt 0.133997 0.581308
vt 0.133997 0.621961
vt 0.103491 0.418692
vt 0.103491 0.378039
vt 0.103491 0.459346
vt 0.103491 0.500000
vt 0.103491 0.540654
vt 0.103491 0.581308
vt 0.103491 0.621961
vt 0.072986 0.418692
vt 0.072986 0.378039
vt 0.072986 0.459346
vt 0.072986 0.500000
vt 0.072986 0.540654
vt 0.072986 0.581308
vt 0.072986 0.621961
vt 0.042481 0.418692
vt 0.042481 0.378039
vt 0.042481 0.459346
vt 0.042481 0.500000
vt 0.042481 0.540654
vt 0.042481 0.581308
vt 0.042481 0.621961
vt 0.225512 0.337385
vt 0.225512 0.662615
vt 0.195007 0.662615
vt 0.164502 0.662615
vt 0.133997 0.662615
vt 0.103491 0.662615
vt 0.072986 0.662615
vt 0.042481 0.662615
vt 0.011976 0.662615
vt 0.011976 0.621961
vt 0.011976 0.581308
vt 0.011976 0.540654
vt 0.011976 0.500000
vt 0.011976 0.459346
vt 0.011976 0.418692
vt 0.011976 0.378039
vt 0.042481 0.337385
vt 0.011976 0.337385
vt 0.072986 0.337385
vt 0.103491 0.337385
vt 0.133997 0.337385
vt 0.164502 0.337385
vt 0.195007 0.337385
s 1
usemtl Earth
f 93/1/93 94/2/94 101/3/101 100/4/100
f 94/2/94 95/5/95 102/6/102 101/3/101
f 95/5/95 96/7/96 103/8/103 102/6/102
f 96/7/96 97/9/97 104/10/104 103/8/103
f 97/9/97 98/11/98 105/12/105 104/10/104
f 98/11/98 99/13/99 106/14/106 105/12/105
f 100/4/100 101/3/101 108/15/108 107/16/107
f 101/3/101 102/6/102 109/17/109 108/15/108
f 102/6/102 103/8/103 110/18/110 109/17/109
f 103/8/103 104/10/104 111/19/111 110/18/110
f 104/10/104 105/12/105 112/20/112 111/19/111
f 105/12/105 106/14/106 113/21/113 112/20/112
f 107/16/107 108/15/108 115/22/115 114/23/114
f 108/15/108 109/17/109 116/24/116 115/22/115
f 109/17/109 110/18/110 117/25/117 116/24/116
f 110/18/110 111/19/111 118/26/118 117/25/117
f 111/19/111 112/20/112 119/27/119 118/26/118
f 112/20/112 113/21/113 120/28/120 119/27/119
f 114/23/114 115/22/115 122/29/122 121/30/121
f 115/22/115 116/24/116 123/31/123 122/29/122
f 116/24/116 117/25/117 124/32/124 123/31/123
f 117/25/117 118/26/118 125/33/125 124/32/124
f 118/26/118 119/27/119 126/34/126 125/33/125
f 119/27/119 120/28/120 127/35/127 126/34/126
f 121/30/121 122/29/122 129/36/129 128/37/128
f 122/29/122 123/31/123 130/38/130 129/36/129
f 123/31/123 124/32/124 131/39/131 130/38/130
f 124/32/124 125/33/125 132/40/132 131/39/131
f 125/33/125 126/34/126 133/41/133 132/40/132
f 126/34/126 127/35/127 134/42/134 133/41/133
f 128/37/128 129/36/129 136/43/136 135/44/135
f 129/36/129 130/38/130 137/45/137 136/43/136
f 130/38/130 131/39/131 138/46/138 137/45/137
f 131/39/131 132/40/132 139/47/139 138/46/138
f 132/40/132 133/41/133 140/48/140 139/47/139
f 133/41/133 134/42/134 141/49/141 140/48/140
f 1/50/1 16/51/16 93/1/93 15/52/15
f 16/51/16 17/53/17 94/2/94 93/1/93
f 17/53/17 18/54/18 95/5/95 94/2/94
f 18/54/18 19/55/19 96/7/96 95/5/95
f 19/55/19 20/56/20 97/9/97 96/7/96
f 20/56/20 21/57/21 98/11/98 97/9/97
f 21/57/21 22/58/22 99/13/99 98/11/98
f 22/58/22 2/59/2 23/60/23 99/13/99
f 99/13/99 23/60/23 24/61/24 106/14/106
f 106/14/106 24/61/24 25/62/25 113/21/113
f 113/21/113 25/62/25 26/63/26 120/28/120
f 120/28/120 26/63/26 27/64/27 127/35/127
f 127/35/127 27/64/27 28/65/28 134/42/134
f 134/42/134 28/65/28 29/66/29 141/49/141
f 141/49/141 29/66/29 4/67/4 30/68/30
f 140/48/140 141/49/141 30/68/30 31/69/31
f 139/47/139 140/48/140 31/69/31 32/70/32
f 138/46/138 139/47/139 32/70/32 33/71/33
f 137/45/137 138/46/138 33/71/33 34/72/34
f 136/43/136 137/45/137 34/72/34 35/73/35
f 135/44/135 136/43/136 35/73/35 36/74/36
f 9/75/9 135/44/135 36/74/36 3/76/3
f 10/77/10 128/37/128 135/44/135 9/75/9
f 11/78/11 121/30/121 128/37/128 10/77/10
f 12/79/12 114/23/114 121/30/121 11/78/11
f 13/80/13 107/16/107 114/23/114 12/79/12
f 14/81/14 100/4/100 107/16/107 13/80/13
f 15/52/15 93/1/93 100/4/100 14/81/14
f 142/82/142 143/83/143 150/84/150 149/85/149
f 143/83/143 144/86/144 151/87/151 150/84/150
f 144/86/144 145/88/145 152/89/152 151/87/151
f 145/88/145 146/90/146 153/91/153 152/89/152
f 146/90/146 147/92/147 154/93/154 153/91/153
f 147/92/147 148/94/148 155/95/155 154/93/154
f 149/85/149 150/84/150 157/96/157 156/97/156
f 150/84/150 151/87/151 158/98/158 157/96/157
f 151/87/151 152/89/152 159/99/159 158/98/158
f 152/89/152 153/91/153 160/100/160 159/99/159
f 153/91/153 154/93/154 161/101/161 160/100/160
f 154/93/154 155/95/155 162/102/162 161/101/161
f 156/97/156 157/96/157 164/103/164 163/104/163
f 157/96/157 158/98/158 165/105/165 164/103/164
f 158/98/158 159/99/159 166/106/166 165/105/165
f 159/99/159 160/100/160 167/107/167 166/106/166
f 160/100/160 161/101/161 168/108/168 167/107/167
f 161/101/161 162/102/162 169/109/169 168/108/168
f 163/104/163 164/103/164 171/110/171 170/111/170
f 164/103/164 165/105/165 172/112/172 171/110/171
f 165/105/165 166/106/166 173/113/173 172/112/172
f 166/106/166 167/107/167 174/114/174 173/113/173
f 167/107/167 168/108/168 175/115/175 174/114/174
f 168/108/168 169/109/169 176/116/176 175/115/175
f 170/111/170 171/110/171 178/117/178 177/118/177
f 171/110/171 172/112/172 179/119/179 178/117/178
f 172/112/172 173/113/173 180/120/180 179/119/179
f 173/113/173 174/114/174 181/121/181 180/120/180
f 174/114/174 175/115/175 182/122/182 181/121/181
f 175/115/175 176/116/176 183/123/183 182/122/182
f 177/118/177 178/117/178 185/124/185 184/125/184
f 178/117/178 179/119/179 186/126/186 185/124/185
f 179/119/179 180/120/180 187/127/187 186/126/186
f 180/120/180 181/121/181 188/128/188 187/127/187
f 181/121/181 182/122/182 189/129/189 188/128/188
f 182/122/182 183/123/183 190/130/190 189/129/189
f 3/76/3 36/74/36 142/82/142 43/131/43
f 36/74/36 35/73/35 143/83/143 142/82/142
f 35/73/35 34/72/34 144/86/144 143/83/143
f 34/72/34 33/71/33 145/88/145 144/86/144
f 33/71/33 32/70/32 146/90/146 145/88/145
f 32/70/32 31/69/31 147/92/147 146/90/146
f 31/69/31 30/68/30 148/94/148 147/92/147
f 30/68/30 4/67/4 44/132/44 148/94/148
f 148/94/148 44/132/44 45/133/45 155/95/155
f 155/95/155 45/133/45 46/134/46 162/102/162
f 162/102/162 46/134/46 47/135/47 169/109/169
f 169/109/169 47/135/47 48/136/48 176/116/176
f 176/116/176 48/136/48 49/137/49 183/123/183
f 183/123/183 49/137/49 50/138/50 190/130/190
f 190/130/190 50/138/50 8/139/8 51/140/51
f 189/129/189 190/130/190 51/140/51 52/141/52
f 188/128/188 189/129/189 52/141/52 53/142/53
f 187/127/187 188/128/188 53/142/53 54/143/54
f 186/126/186 187/127/187 54/143/54 55/144/55
f 185/124/185 186/126/186 55/144/55 56/145/56
f 184/125/184 185/124/185 56/145/56 57/146/57
f 37/147/37 184/125/184 57/146/57 7/148/7
f 38/149/38 177/118/177 184/125/184 37/147/37
f 39/150/39 170/111/170 177/118/177 38/149/38
f 40/151/40 163/104/163 170/111/170 39/150/39
f 41/152/41 156/97/156 163/104/163 40/151/40
f 42/153/42 149/85/149 156/97/156 41/152/41
f 43/131/43 142/82/142 149/85/149 42/153/42
f 191/154/191 192/155/192 199/156/199 198/157/198
f 192/155/192 193/158/193 200/159/200 199/156/199
f 193/158/193 194/160/194 201/161/201 200/159/200
f 194/160/194 195/162/195 202/163/202 201/161/201
f 195/162/195 196/164/196 203/165/203 202/163/202
f 196/164/196 197/166/197 204/167/204 203/165/203
f 198/157/198 199/156/199 206/168/206 205/169/205
f 199/156/199 200/159/200 207/170/207 206/168/206
f 200/159/200 201/161/201 208/171/208 207/170/207
f 201/161/201 202/163/202 209/172/209 208/171/208
f 202/163/202 203/165/203 210/173/210 209/172/209
f 203/165/203 204/167/204 211/174/211 210/173/210
f 205/169/205 206/168/206 213/175/213 212/176/212
f 206/168/206 207/170/207 214/177/214 213/175/213
f 207/170/207 208/171/208 215/178/215 214/177/214
f 208/171/208 209/172/209 216/179/216 215/178/215
f 209/172/209 210/173/210 217/180/217 216/179/216
f 210/173/210 211/174/211 218/181/218 217/180/217
f 212/176/212 213/175/213 220/182/220 219/183/219
f 213/175/213 214/177/214 221/184/221 220/182/220
f 214/177/214 215/178/215 222/185/222 221/184/221
f 215/178/215 216/179/216 223/186/223 222/185/222
f 216/179/216 217/180/217 224/187/224 223/186/223
f 217/180/217 218/181/218 225/188/225 224/187/224
f 219/183/219 220/182/220 227/189/227 226/190/226
f 220/182/220 221/184/221 228/191/228 227/189/227
f 221/184/221 222/185/222 229/192/229 228/191/228
f 222/185/222 223/186/223 230/193/230 229/192/229
f 223/186/223 224/187/224 231/194/231 230/193/230
f 224/187/224 225/188/225 232/195/232 231/194/231
f 226/190/226 227/189/227 234/196/234 233/197/233
f 227/189/227 228/191/228 235/198/235 234/196/234
f 228/191/228 229/192/229 236/199/236 235/198/235
f 229/192/229 230/193/230 237/200/237 236/199/236
f 230/193/230 231/194/231 238/201/238 237/200/237
f 231/194/231 232/195/232 239/202/239 238/201/238
f 7/148/7 57/146/57 191/154/191 64/203/64
f 57/146/57 56/145/56 192/155/192 191/154/191
f 56/145/56 55/144/55 193/158/193 192/155/192
f 55/144/55 54/143/54 194/160/194 193/158/193
f 54/143/54 53/142/53 195/162/195 194/160/194
f 53/142/53 52/141/52 196/164/196 195/162/195
f 52/141/52 51/140/51 197/166/197 196/164/196
f 51/140/51 8/139/8 65/204/65 197/166/197
f 197/166/197 65/204/65 66/205/66 204/167/204
f 204/167/204 66/205/66 67/206/67 211/174/211
f 211/174/211 67/206/67 68/207/68 218/181/218
f 218/181/218 68/207/68 69/208/69 225/188/225
f 225/188/225 69/208/69 70/209/70 232/195/232
f 232/195/232 70/209/70 71/210/71 239/202/239
f 239/202/239 71/210/71 6/211/6 72/212/72
f 238/201/238 239/202/239 72/212/72 73/213/73
f 237/200/237 238/201/238 73/213/73 74/214/74
f 236/199/236 237/200/237 74/214/74 75/215/75
f 235/198/235 236/199/236 75/215/75 76/216/76
f 234/196/234 235/198/235 76/216/76 77/217/77
f 233/197/233 234/196/234 77/217/77 78/218/78
f 58/219/58 233/197/233 78/218/78 5/220/5
f 59/221/59 226/190/226 233/197/233 58/219/58
f 60/222/60 219/183/219 226/190/226 59/221/59
f 61/223/61 212/176/212 219/183/219 60/222/60
f 62/224/62 205/169/205 212/176/212 61/223/61
f 63/225/63 198/157/198 205/169/205 62/224/62
f 64/203/64 191/154/191 198/157/198 63/225/63
f 240/226/240 241/227/241 248/228/248 247/229/247
f 241/227/241 242/230/242 249/231/249 248/228/248
f 242/230/242 243/232/243 250/233/250 249/231/249
f 243/232/243 244/234/244 251/235/251 250/233/250
f 244/234/244 245/236/245 252/237/252 251/235/251
f 245/236/245 246/238/246 253/239/253 252/237/252
f 247/229/247 248/228/248 255/240/255 254/241/254
f 248/228/248 249/231/249 256/242/256 255/240/255
f 249/231/249 250/233/250 257/243/257 256/242/256
f 250/233/250 251/235/251 258/244/258 257/243/257
f 251/235/251 252/237/252 259/245/259 258/244/258
f 252/237/252 253/239/253 260/246/260 259/245/259
f 254/241/254 255/240/255 262/247/262 261/248/261
f 255/240/255 256/242/256 263/249/263 262/247/262
f 256/242/256 257/243/257 264/250/264 263/249/263
f 257/243/257 258/244/258 265/251/265 264/250/264
f 258/244/258 259/245/259 266/252/266 265/251/265
f 259/245/259 260/246/260 267/253/267 266/252/266
f 261/248/261 262/247/262 269/254/269 268/255/268
f 262/247/262 263/249/263 270/256/270 269/254/269
f 263/249/263 264/250/264 271/257/271 270/256/270
f 264/250/264 265/251/265 272/258/272 271/257/271
f 265/251/265 266/252/266 273/259/273 272/258/272
f 266/252/266 267/253/267 274/260/274 273/259/273
f 268/255/268 269/254/269 276/261/276 275/262/275
f 269/254/269 270/256/270 277/263/277 276/261/276
f 270/256/270 271/257/271 278/264/278 277/263/277
f 271/257/271 272/258/272 279/265/279 278/264/278
f 272/258/272 273/259/273 280/266/280 279/265/279
f 273/259/273 274/260/274 281/267/281 280/266/280
f 275/262/275 276/261/276 283/268/283 282/269/282
f 276/261/276 277/263/277 284/270/284 283/268/283
f 277/263/277 278/264/278 285/271/285 284/270/284
f 278/264/278 279/265/279 286/272/286 285/271/285
f 279/265/279 280/266/280 287/273/287 286/272/286
f 280/266/280 281/267/281 288/274/288 287/273/287
f 5/275/5 78/276/78 240/226/240 85/277/85
f 78/276/78 77/278/77 241/227/241 240/226/240
f 77/278/77 76/279/76 242/230/242 241/227/241
f 76/279/76 75/280/75 243/232/243 242/230/242
f 75/280/75 74/281/74 244/234/244 243/232/243
f 74/281/74 73/282/73 245/236/245 244/234/244
f 73/282/73 72/283/72 246/238/246 245/236/245
f 72/283/72 6/284/6 86/285/86 246/238/246
f 246/238/246 86/285/86 87/286/87 253/239/253
f 253/239/253 87/286/87 88/287/88 260/246/260
f 260/246/260 88/287/88 89/288/89 267/253/267
f 267/253/267 89/288/89 90/289/90 274/260/274
f 274/260/274 90/289/90 91/290/91 281/267/281
f 281/267/281 91/290/91 92/291/92 288/274/288
f 288/274/288 92/291/92 2/292/2 22/293/22
f 287/273/287 288/274/288 22/293/22 21/294/21
f 286/272/286 287/273/287 21/294/21 20/295/20
f 285/271/285 286/272/286 20/295/20 19/296/19
f 284/270/284 285/271/285 19/296/19 18/297/18
f 283/268/283 284/270/284 18/297/18 17/298/17
f 282/269/282 283/268/283 17/298/17 16/299/16
f 79/300/79 282/269/282 16/299/16 1/301/1
f 80/302/80 275/262/275 282/269/282 79/300/79
f 81/303/81 268/255/268 275/262/275 80/302/80
f 82/304/82 261/248/261 268/255/268 81/303/81
f 83/305/83 254/241/254 261/248/261 82/304/82
f 84/306/84 247/229/247 254/241/254 83/305/83
f 85/277/85 240/226/240 247/229/247 84/306/84
f 289/307/289 290/308/290 297/309/297 296/310/296
f 290/308/290 291/311/291 298/312/298 297/309/297
f 291/311/291 292/313/292 299/314/299 298/312/298
f 292/313/292 293/315/293 300/316/300 299/314/299
f 293/315/293 294/317/294 301/318/301 300/316/300
f 294/317/294 295/319/295 302/320/302 301/318/301
f 296/310/296 297/309/297 304/321/304 303/322/303
f 297/309/297 298/312/298 305/323/305 304/321/304
f 298/312/298 299/314/299 306/324/306 305/323/305
f 299/314/299 300/316/300 307/325/307 306/324/306
f 300/316/300 301/318/301 308/326/308 307/325/307
f 301/318/301 302/320/302 309/327/309 308/326/308
f 303/322/303 304/321/304 311/328/311 310/329/310
f 304/321/304 305/323/305 312/330/312 311/328/311
f 305/323/305 306/324/306 313/331/313 312/330/312
f 306/324/306 307/325/307 314/332/314 313/331/313
f 307/325/307 308/326/308 315/333/315 314/332/314
f 308/326/308 309/327/309 316/334/316 315/333/315
f 310/329/310 311/328/311 318/335/318 317/336/317
f 311/328/311 312/330/312 319/337/319 318/335/318
f 312/330/312 313/331/313 320/338/320 319/337/319
f 313/331/313 314/332/314 321/339/321 320/338/320
f 314/332/314 315/333/315 322/340/322 321/339/321
f 315/333/315 316/334/316 323/341/323 322/340/322
f 317/336/317 318/335/318 325/342/325 324/343/324
f 318/335/318 319/337/319 326/344/326 325/342/325
f 319/337/319 320/338/320 327/345/327 326/344/326
f 320/338/320 321/339/321 328/346/328 327/345/327
f 321/339/321 322/340/322 329/347/329 328/346/328
f 322/340/322 323/341/323 330/348/330 329/347/329
f 324/343/324 325/342/325 332/349/332 331/350/331
f 325/342/325 326/344/326 333/351/333 332/349/332
f 326/344/326 327/345/327 334/352/334 333/351/333
f 327/345/327 328/346/328 335/353/335 334/352/334
f 328/346/328 329/347/329 336/354/336 335/353/335
f 329/347/329 330/348/330 337/355/337 336/354/336
f 3/76/3 43/131/43 289/307/289 9/356/9
f 43/131/43 42/153/42 290/308/290 289/307/289
f 42/153/42 41/152/41 291/311/291 290/308/290
f 41/152/41 40/151/40 292/313/292 291/311/291
f 40/151/40 39/150/39 293/315/293 292/313/292
f 39/150/39 38/149/38 294/317/294 293/315/293
f 38/149/38 37/147/37 295/319/295 294/317/294
f 37/147/37 7/148/7 64/357/64 295/319/295
f 295/319/295 64/357/64 63/358/63 302/320/302
f 302/320/302 63/358/63 62/359/62 309/327/309
f 309/327/309 62/359/62 61/360/61 316/334/316
f 316/334/316 61/360/61 60/361/60 323/341/323
f 323/341/323 60/361/60 59/362/59 330/348/330
f 330/348/330 59/362/59 58/363/58 337/355/337
f 337/355/337 58/363/58 5/275/5 85/277/85
f 336/354/336 337/355/337 85/277/85 84/306/84
f 335/353/335 336/354/336 84/306/84 83/305/83
f 334/352/334 335/353/335 83/305/83 82/304/82
f 333/351/333 334/352/334 82/304/82 81/303/81
f 332/349/332 333/351/333 81/303/81 80/302/80
f 331/350/331 332/349/332 80/302/80 79/300/79
f 15/364/15 331/350/331 79/300/79 1/301/1
f 14/365/14 324/343/324 331/350/331 15/364/15
f 13/366/13 317/336/317 324/343/324 14/365/14
f 12/367/12 310/329/310 317/336/317 13/366/13
f 11/368/11 303/322/303 310/329/310 12/367/12
f 10/369/10 296/310/296 303/322/303 11/368/11
f 9/356/9 289/307/289 296/310/296 10/369/10
f 338/370/338 339/371/339 346/372/346 345/373/345
f 339/371/339 340/374/340 347/375/347 346/372/346
f 340/374/340 341/376/341 348/377/348 347/375/347
f 341/376/341 342/378/342 349/379/349 348/377/348
f 342/378/342 343/380/343 350/381/350 349/379/349
f 343/380/343 344/382/344 351/383/351 350/381/350
f 345/373/345 346/372/346 353/384/353 352/385/352
f 346/372/346 347/375/347 354/386/354 353/384/353
f 347/375/347 348/377/348 355/387/355 354/386/354
f 348/377/348 349/379/349 356/388/356 355/387/355
f 349/379/349 350/381/350 357/389/357 356/388/356
f 350/381/350 351/383/351 358/390/358 357/389/357
f 352/385/352 353/384/353 360/391/360 359/392/359
f 353/384/353 354/386/354 361/393/361 360/391/360
f 354/386/354 355/387/355 362/394/362 361/393/361
f 355/387/355 356/388/356 363/395/363 362/394/362
f 356/388/356 357/389/357 364/396/364 363/395/363
f 357/389/357 358/390/358 365/397/365 364/396/364
f 359/392/359 360/391/360 367/398/367 366/399/366
f 360/391/360 361/393/361 368/400/368 367/398/367
f 361/393/361 362/394/362 369/401/369 368/400/368
f 362/394/362 363/395/363 370/402/370 369/401/369
f 363/395/363 364/396/364 371/403/371 370/402/370
f 364/396/364 365/397/365 372/404/372 371/403/371
f 366/399/366 367/398/367 374/405/374 373/406/373
f 367/398/367 368/400/368 375/407/375 374/405/374
f 368/400/368 369/401/369 376/408/376 375/407/375
f 369/401/369 370/402/370 377/409/377 376/408/376
f 370/402/370 371/403/371 378/410/378 377/409/377
f 371/403/371 372/404/372 379/411/379 378/410/378
f 373/406/373 374/405/374 381/412/381 380/413/380
f 374/405/374 375/407/375 382/414/382 381/412/381
f 375/407/375 376/408/376 383/415/383 382/414/382
f 376/408/376 377/409/377 384/416/384 383/415/383
f 377/409/377 378/410/378 385/417/385 384/416/384
f 378/410/378 379/411/379 386/418/386 385/417/385
f 8/139/8 50/138/50 338/370/338 65/419/65
f 50/138/50 49/137/49 339/371/339 338/370/338
f 49/137/49 48/136/48 340/374/340 339/371/339
f 48/136/48 47/135/47 341/376/341 340/374/340
f 47/135/47 46/134/46 342/378/342 341/376/341
f 46/134/46 45/133/45 343/380/343 342/378/342
f 45/133/45 44/132/44 344/382/344 343/380/343
f 44/132/44 4/67/4 29/420/29 344/382/344
f 344/382/344 29/420/29 28/421/28 351/383/351
f 351/383/351 28/421/28 27/422/27 358/390/358
f 358/390/358 27/422/27 26/423/26 365/397/365
f 365/397/365 26/423/26 25/424/25 372/404/372
f 372/404/372 25/424/25 24/425/24 379/411/379
f 379/411/379 24/425/24 23/426/23 386/418/386
f 386/418/386 23/426/23 2/427/2 92/428/92
f 385/417/385 386/418/386 92/428/92 91/429/91
f 384/416/384 385/417/385 91/429/91 90/430/90
f 383/415/383 384/416/384 90/430/90 89/431/89
f 382/414/382 383/415/383 89/431/89 88/432/88
f 381/412/381 382/414/382 88/432/88 87/433/87
f 380/413/380 381/412/381 87/433/87 86/434/86
f 71/435/71 380/413/380 86/434/86 6/436/6
f 70/437/70 373/406/373 380/413/380 71/435/71
f 69/438/69 366/399/366 373/406/373 70/437/70
f 68/439/68 359/392/359 366/399/366 69/438/69
f 67/440/67 352/385/352 359/392/359 68/439/68
f 66/441/66 345/373/345 352/385/352 67/440/67
f 65/419/65 338/370/338 345/373/345 66/441/66
o Clouds
v 1.523220 2.004997 -1.908059
v -2.102296 1.799203 -1.524505
v 1.914560 1.837233 1.714622
v -1.717224 1.639877 2.083948
v 1.717224 -1.639877 -2.083948
v -1.914560 -1.837233 -1.714622
v 2.102296 -1.799203 1.524506
v -1.523220 -2.004996 1.908059
v 2.005914 1.988082 1.415887
v 2.093225 2.159203 0.968062
v 2.131795 2.289145 0.442903
v 2.105216 2.352700 -0.117306
v 2.011392 2.341142 -0.673983
v 1.860536 2.259481 -1.189138
v 1.677906 2.129035 -1.622571
v 1.208400 2.125490 -2.000739
v 0.742247 2.250483 -2.089329
v 0.203621 2.325618 -2.128599
v -0.361844 2.330317 -2.102282
v -0.914397 2.260450 -2.008766
v -1.416999 2.125567 -1.858755
v -1.832670 1.951350 -1.677632
v -2.206241 1.907903 -1.213795
v -2.307506 2.021834 -0.753988
v -2.356353 2.092647 -0.222090
v -2.334401 2.101693 0.338162
v -2.238739 2.044413 0.888437
v -2.079731 1.928183 1.392021
v -1.884258 1.775065 1.810970
v -1.418368 1.780537 2.190619
v -0.969882 1.941674 2.295676
v -0.443351 2.066525 2.348150
v 0.118777 2.131464 2.328872
v 0.677499 2.127915 2.234697
v 1.194333 2.059942 2.076319
v 1.628757 1.946550 1.881220
v 2.230153 -1.506073 1.655009
v 2.364554 -1.064286 1.804737
v 2.448460 -0.542831 1.921269
v 2.459522 0.017353 1.982762
v 2.392082 0.578092 1.981073
v 2.254832 1.100827 1.919585
v 2.074032 1.543744 1.815527
v -1.817743 1.334171 2.212847
v -1.921865 0.877845 2.348770
v -1.983937 0.345156 2.434288
v -1.986246 -0.220425 2.446862
v -1.924759 -0.779560 2.380858
v -1.807214 -1.293932 2.245131
v -1.655590 -1.723782 2.066033
v -1.208400 -2.125490 2.000739
v -0.742247 -2.250483 2.089328
v -0.203620 -2.325619 2.128599
v 0.361844 -2.330317 2.102282
v 0.914397 -2.260449 2.008766
v 1.416999 -2.125567 1.858755
v 1.832670 -1.951350 1.677632
v 1.884258 -1.775065 -1.810970
v 2.079731 -1.928183 -1.392021
v 2.238739 -2.044413 -0.888437
v 2.334401 -2.101693 -0.338162
v 2.356353 -2.092647 0.222090
v 2.307506 -2.021834 0.753988
v 2.206242 -1.907904 1.213795
v -1.677906 -2.129035 1.622571
v -1.860536 -2.259481 1.189138
v -2.011392 -2.341142 0.673983
v -2.105216 -2.352700 0.117306
v -2.131795 -2.289145 -0.442903
v -2.093225 -2.159203 -0.968062
v -2.005914 -1.988082 -1.415887
v -1.628757 -1.946550 -1.881220
v -1.194334 -2.059942 -2.076319
v -0.677499 -2.127915 -2.234697
v -0.118777 -2.131464 -2.328872
v 0.443351 -2.066526 -2.348150
v 0.969882 -1.941674 -2.295676
v 1.418368 -1.780537 -2.190620
v 1.655590 1.723782 -2.066033
v 1.807214 1.293932 -2.245131
v 1.924759 0.779560 -2.380858
v 1.986246 0.220425 -2.446862
v 1.983937 -0.345156 -2.434288
v 1.921864 -0.877844 -2.348770
v 1.817743 -1.334171 -2.212847
v -2.074032 -1.543744 -1.815527
v -2.254832 -1.100827 -1.919585
v -2.392082 -0.578092 -1.981073
v -2.459522 -0.017353 -1.982762
v -2.448460 0.542831 -1.921269
v -2.364554 1.064286 -1.804737
v -2.230153 1.506073 -1.655009
v 1.283160 2.389958 -1.619413
v 0.795652 2.572821 -1.651794
v 0.244102 2.675455 -1.662303
v -0.332978 2.687296 -1.627410
v -0.897680 2.607811 -1.540904
v -1.415324 2.443088 -1.417419
v -1.856243 2.208289 -1.287912
v 1.414037 2.578496 -1.154450
v 0.891118 2.806637 -1.144375
v 0.311835 2.935001 -1.126687
v -0.291207 2.954022 -1.081597
v -0.882364 2.863575 -1.001134
v -1.429513 2.669414 -0.900899
v -1.907922 2.385324 -0.806820
v 1.538819 2.688326 -0.621156
v 0.993098 2.942717 -0.578849
v 0.391172 3.089077 -0.534307
v -0.236897 3.113934 -0.477692
v -0.854169 3.014500 -0.405071
v -1.426769 2.799584 -0.327959
v -1.930908 2.486753 -0.261815
v 1.626407 2.707963 -0.051295
v 1.075473 2.970509 0.018201
v 0.466503 3.123357 0.088949
v -0.171932 3.150652 0.157248
v -0.801704 3.047991 0.218895
v -1.386228 2.825967 0.270514
v -1.900589 2.504462 0.310366
v 1.662407 2.635727 0.519847
v 1.122688 2.888471 0.614167
v 0.526235 3.033453 0.708616
v -0.099874 3.058241 0.786181
v -0.720343 2.960519 0.835062
v -1.299341 2.748221 0.860168
v -1.809979 2.437719 0.873154
v 1.653389 2.476684 1.055100
v 1.142929 2.701101 1.174164
v 0.574299 2.826586 1.288986
v -0.025104 2.845389 1.372600
v -0.622070 2.758047 1.409646
v -1.181510 2.568960 1.409032
v -1.673256 2.289795 1.392103
v 1.623041 2.245428 1.518120
v 1.156072 2.421428 1.667657
v 0.620486 2.519279 1.802533
v 0.048543 2.530565 1.890710
v -0.523978 2.455210 1.917886
v -1.059614 2.297986 1.891394
v -1.522129 2.071494 1.836554
v 1.728661 1.561562 2.134045
v 1.280617 1.620040 2.390896
v 0.754454 1.660087 2.579885
v 0.184838 1.655762 2.684247
v -0.391151 1.598454 2.696820
v -0.937026 1.500781 2.617353
v -1.418699 1.392322 2.455530
v 1.867134 1.089661 2.303767
v 1.390340 1.107265 2.611861
v 0.840208 1.120208 2.831975
v 0.245693 1.106666 2.948868
v -0.358396 1.056436 2.955738
v -0.937932 0.983318 2.852063
v -1.463884 0.912145 2.646871
v 1.983050 0.549791 2.397110
v 1.487329 0.535720 2.735279
v 0.917216 0.522149 2.977746
v 0.298719 0.497511 3.105502
v -0.332440 0.455781 3.108479
v -0.939970 0.406735 2.988631
v -1.495410 0.364802 2.758906
v 2.045506 -0.024246 2.407533
v 1.545335 -0.066038 2.754718
v 0.968804 -0.106574 3.005155
v 0.340480 -0.143587 3.137571
v -0.302806 -0.174684 3.139855
v -0.922180 -0.198156 3.015164
v -1.488206 -0.213354 2.778600
v 2.042020 -0.596242 2.335711
v 1.550501 -0.664177 2.671275
v 0.984454 -0.730138 2.911811
v 0.368112 -0.778290 3.039680
v -0.263957 -0.798176 3.045347
v -0.874621 -0.796085 2.929536
v -1.433768 -0.784834 2.703561
v 1.981924 -1.129539 2.185638
v 1.513485 -1.224168 2.488307
v 0.971040 -1.312664 2.704605
v 0.380411 -1.369167 2.821625
v -0.225382 -1.379358 2.833279
v -0.810960 -1.353251 2.737143
v -1.344392 -1.313388 2.539393
v 1.892713 -1.589396 1.967829
v 1.457560 -1.716739 2.215676
v 0.942363 -1.827248 2.398752
v 0.377895 -1.890242 2.503014
v -0.200552 -1.892478 2.521745
v -0.755361 -1.842325 2.452787
v -1.248869 -1.766405 2.302397
v 1.856243 -2.208289 1.287912
v 1.415324 -2.443088 1.417419
v 0.897680 -2.607811 1.540904
v 0.332978 -2.687296 1.627410
v -0.244102 -2.675454 1.662303
v -0.795652 -2.572821 1.651794
v -1.283160 -2.389958 1.619413
v 1.907922 -2.385324 0.806820
v 1.429513 -2.669414 0.900899
v 0.882364 -2.863575 1.001134
v 0.291207 -2.954021 1.081597
v -0.311835 -2.935001 1.126687
v -0.891118 -2.806637 1.144375
v -1.414037 -2.578495 1.154450
v 1.930908 -2.486753 0.261815
v 1.426769 -2.799584 0.327959
v 0.854169 -3.014499 0.405071
v 0.236897 -3.113934 0.477692
v -0.391172 -3.089077 0.534307
v -0.993098 -2.942717 0.578849
v -1.538819 -2.688326 0.621156
v 1.900589 -2.504462 -0.310366
v 1.386228 -2.825967 -0.270514
v 0.801704 -3.047991 -0.218895
v 0.171932 -3.150652 -0.157247
v -0.466503 -3.123357 -0.088949
v -1.075473 -2.970509 -0.018201
v -1.626407 -2.707963 0.051295
v 1.809979 -2.437719 -0.873154
v 1.299341 -2.748221 -0.860168
v 0.720343 -2.960519 -0.835062
v 0.099874 -3.058241 -0.786181
v -0.526235 -3.033453 -0.708616
v -1.122688 -2.888471 -0.614167
v -1.662407 -2.635727 -0.519847
v 1.673256 -2.289795 -1.392103
v 1.181510 -2.568960 -1.409032
v 0.622070 -2.758047 -1.409646
v 0.025104 -2.845389 -1.372599
v -0.574299 -2.826586 -1.288986
v -1.142929 -2.701101 -1.174164
v -1.653389 -2.476684 -1.055099
v 1.522129 -2.071494 -1.836554
v 1.059614 -2.297986 -1.891394
v 0.523978 -2.455210 -1.917886
v -0.048543 -2.530564 -1.890710
v -0.620486 -2.519279 -1.802533
v -1.156072 -2.421428 -1.667657
v -1.623041 -2.245428 -1.518120
v 1.418699 -1.392322 -2.455529
v 0.937026 -1.500781 -2.617353
v 0.391151 -1.598454 -2.696820
v -0.184838 -1.655762 -2.684247
v -0.754454 -1.660087 -2.579885
v -1.280617 -1.620040 -2.390896
v -1.728662 -1.561562 -2.134045
v 1.463884 -0.912145 -2.646871
v 0.937932 -0.983318 -2.852063
v 0.358396 -1.056436 -2.955738
v -0.245693 -1.106666 -2.948868
v -0.840208 -1.120209 -2.831975
v -1.390340 -1.107265 -2.611861
v -1.867134 -1.089661 -2.303768
v 1.495410 -0.364802 -2.758906
v 0.939970 -0.406735 -2.988631
v 0.332440 -0.455781 -3.108479
v -0.298719 -0.497511 -3.105503
v -0.917216 -0.522149 -2.977746
v -1.487329 -0.535720 -2.735279
v -1.983050 -0.549791 -2.397110
v 1.488206 0.213354 -2.778600
v 0.922180 0.198156 -3.015164
v 0.302806 0.174684 -3.139855
v -0.340481 0.143587 -3.137571
v -0.968804 0.106574 -3.005155
v -1.545335 0.066038 -2.754718
v -2.045506 0.024246 -2.407533
v 1.433768 0.784834 -2.703561
v 0.874621 0.796085 -2.929536
v 0.263957 0.798176 -3.045347
v -0.368113 0.778290 -3.039680
v -0.984454 0.730138 -2.911811
v -1.550501 0.664177 -2.671275
v -2.042020 0.596242 -2.335711
v 1.344392 1.313388 -2.539393
v 0.810960 1.353250 -2.737143
v 0.225382 1.379358 -2.833279
v -0.380411 1.369167 -2.821625
v -0.971040 1.312664 -2.704605
v -1.513485 1.224168 -2.488307
v -1.981924 1.129539 -2.185638
v 1.248869 1.766405 -2.302397
v 0.755360 1.842325 -2.452787
v 0.200552 1.892478 -2.521745
v -0.377895 1.890242 -2.503014
v -0.942363 1.827248 -2.398752
v -1.457560 1.716739 -2.215676
v -1.892713 1.589397 -1.967830
v 2.308713 1.625285 1.417458
v 2.546322 1.164326 1.463380
v 2.710703 0.630173 1.495281
v 2.786021 0.058281 1.488485
v 2.767151 -0.514502 1.434943
v 2.656774 -1.052542 1.347071
v 2.467886 -1.523060 1.253284
v 2.457822 1.749536 0.937620
v 2.742062 1.255925 0.940554
v 2.933516 0.695449 0.944314
v 3.018246 0.098036 0.928158
v 2.991740 -0.501784 0.882385
v 2.856689 -1.070933 0.820564
v 2.625002 -1.582017 0.766474
v 2.526392 1.855480 0.394250
v 2.837572 1.340129 0.364870
v 3.047962 0.757505 0.342064
v 3.140574 0.135177 0.315301
v 3.108357 -0.491102 0.278984
v 2.956653 -1.086437 0.242396
v 2.700698 -1.624581 0.218771
v 2.508001 1.912789 -0.179067
v 2.826556 1.391396 -0.235576
v 3.042822 0.800780 -0.284394
v 3.138291 0.167583 -0.322398
v 3.104619 -0.470938 -0.347066
v 2.948258 -1.077458 -0.357427
v 2.685967 -1.625152 -0.354057
v 2.404154 1.908853 -0.746470
v 2.710623 1.395890 -0.827593
v 2.916530 0.815214 -0.900097
v 3.007555 0.193172 -0.947731
v 2.978133 -0.435047 -0.960392
v 2.831827 -1.033574 -0.945184
v 2.581094 -1.574782 -0.915919
v 2.220791 1.852678 -1.271443
v 2.494793 1.364067 -1.377034
v 2.677289 0.807445 -1.470052
v 2.759010 0.210616 -1.524599
v 2.737639 -0.392691 -1.527097
v 2.613170 -0.967896 -1.488426
v 2.392617 -1.485172 -1.431971
v 1.971439 1.771310 -1.719529
v 2.191107 1.318705 -1.854983
v 2.341540 0.790494 -1.968045
v 2.412471 0.219594 -2.027969
v 2.400627 -0.357771 -2.022346
v 2.306211 -0.904477 -1.960665
v 2.136342 -1.384784 -1.870644
v -1.971439 -1.771311 1.719529
v -2.191107 -1.318705 1.854983
v -2.341540 -0.790495 1.968046
v -2.412471 -0.219594 2.027969
v -2.400627 0.357771 2.022346
v -2.306211 0.904477 1.960665
v -2.136343 1.384784 1.870644
v -2.220791 -1.852678 1.271443
v -2.494793 -1.364067 1.377033
v -2.677289 -0.807445 1.470052
v -2.759010 -0.210616 1.524599
v -2.737639 0.392691 1.527096
v -2.613170 0.967896 1.488426
v -2.392617 1.485172 1.431971
v -2.404154 -1.908853 0.746470
v -2.710623 -1.395890 0.827592
v -2.916530 -0.815214 0.900097
v -3.007555 -0.193172 0.947731
v -2.978133 0.435047 0.960392
v -2.831827 1.033574 0.945184
v -2.581094 1.574782 0.915919
v -2.508001 -1.912789 0.179067
v -2.826556 -1.391396 0.235576
v -3.042822 -0.800780 0.284394
v -3.138291 -0.167583 0.322398
v -3.104619 0.470938 0.347066
v -2.948258 1.077458 0.357427
v -2.685967 1.625152 0.354057
v -2.526392 -1.855480 -0.394250
v -2.837572 -1.340129 -0.364870
v -3.047963 -0.757505 -0.342064
v -3.140574 -0.135177 -0.315301
v -3.108357 0.491102 -0.278984
v -2.956653 1.086437 -0.242396
v -2.700698 1.624581 -0.218771
v -2.457822 -1.749536 -0.937620
v -2.742062 -1.255925 -0.940554
v -2.933516 -0.695449 -0.944314
v -3.018246 -0.098036 -0.928158
v -2.991740 0.501784 -0.882385
v -2.856689 1.070933 -0.820564
v -2.625002 1.582017 -0.766474
v -2.308713 -1.625285 -1.417458
v -2.546322 -1.164326 -1.463380
v -2.710703 -0.630173 -1.495282
v -2.786021 -0.058280 -1.488485
v -2.767151 0.514502 -1.434942
v -2.656774 1.052542 -1.347071
v -2.467886 1.523060 -1.253284
vn 0.4821 0.6346 -0.6040
vn -0.6654 0.5695 -0.4826
vn 0.6060 0.5815 0.5427
vn -0.5435 0.5190 0.6597
vn 0.5435 -0.5190 -0.6597
vn -0.6060 -0.5815 -0.5427
vn 0.6654 -0.5695 0.4826
vn -0.4821 -0.6346 0.6040
vn 0.6372 0.6334 0.4390
vn 0.6633 0.6852 0.3011
vn 0.6748 0.7250 0.1379
vn 0.6663 0.7447 -0.0372
vn 0.6372 0.7412 -0.2111
vn 0.5908 0.7164 -0.3712
vn 0.5354 0.6772 -0.5048
vn 0.3730 0.6759 -0.6356
vn 0.2296 0.7134 -0.6621
vn 0.0623 0.7362 -0.6738
vn -0.1144 0.7376 -0.6655
vn -0.2871 0.7159 -0.6364
vn -0.4434 0.6745 -0.5903
vn -0.5717 0.6218 -0.5353
vn -0.7010 0.6068 -0.3748
vn -0.7312 0.6410 -0.2333
vn -0.7459 0.6626 -0.0680
vn -0.7389 0.6653 0.1071
vn -0.7091 0.6475 0.2792
vn -0.6602 0.6118 0.4357
vn -0.6009 0.5655 0.5649
vn -0.4398 0.5674 0.6962
vn -0.3016 0.6161 0.7276
vn -0.1380 0.6545 0.7434
vn 0.0377 0.6746 0.7372
vn 0.2123 0.6737 0.7079
vn 0.3728 0.6530 0.6592
vn 0.5068 0.6190 0.6000
vn 0.7092 -0.4677 0.5275
vn 0.7496 -0.3315 0.5728
vn 0.7752 -0.1695 0.6086
vn 0.7784 0.0056 0.6277
vn 0.7575 0.1809 0.6273
vn 0.7154 0.3433 0.6086
vn 0.6607 0.4797 0.5773
vn -0.5779 0.4129 0.7039
vn -0.6092 0.2724 0.7448
vn -0.6280 0.1069 0.7708
vn -0.6286 -0.0698 0.7746
vn -0.6096 -0.2446 0.7541
vn -0.5735 -0.4044 0.7124
vn -0.5276 -0.5370 0.6582
vn -0.3730 -0.6759 0.6356
vn -0.2296 -0.7134 0.6621
vn -0.0623 -0.7362 0.6738
vn 0.1144 -0.7376 0.6655
vn 0.2871 -0.7159 0.6364
vn 0.4434 -0.6745 0.5903
vn 0.5717 -0.6218 0.5353
vn 0.6009 -0.5655 -0.5649
vn 0.6602 -0.6118 -0.4357
vn 0.7091 -0.6475 -0.2792
vn 0.7389 -0.6653 -0.1071
vn 0.7459 -0.6626 0.0680
vn 0.7312 -0.6410 0.2333
vn 0.7010 -0.6068 0.3748
vn -0.5354 -0.6772 0.5048
vn -0.5908 -0.7164 0.3712
vn -0.6372 -0.7412 0.2111
vn -0.6663 -0.7447 0.0372
vn -0.6748 -0.7250 -0.1379
vn -0.6633 -0.6852 -0.3011
vn -0.6372 -0.6334 -0.4390
vn -0.5068 -0.6190 -0.6000
vn -0.3728 -0.6530 -0.6592
vn -0.2123 -0.6737 -0.7079
vn -0.0377 -0.6746 -0.7372
vn 0.1380 -0.6545 -0.7434
vn 0.3016 -0.6161 -0.7276
vn 0.4398 -0.5674 -0.6962
vn 0.5276 0.5370 -0.6582
vn 0.5735 0.4044 -0.7124
vn 0.6096 0.2446 -0.7541
vn 0.6286 0.0698 -0.7746
vn 0.6280 -0.1069 -0.7708
vn 0.6092 -0.2724 -0.7448
vn 0.5779 -0.4129 -0.7039
vn -0.6607 -0.4797 -0.5773
vn -0.7154 -0.3433 -0.6086
vn -0.7575 -0.1809 -0.6273
vn -0.7784 -0.0056 -0.6277
vn -0.7752 0.1695 -0.6086
vn -0.7496 0.3315 -0.5728
vn -0.7092 0.4677 -0.5275
vn 0.4007 0.7638 -0.5059
vn 0.2474 0.8176 -0.5199
vn 0.0754 0.8485 -0.5238
vn -0.1051 0.8520 -0.5130
vn -0.2817 0.8274 -0.4859
vn -0.4433 0.7771 -0.4467
vn -0.5817 0.7070 -0.4023
vn 0.4456 0.8195 -0.3604
vn 0.2790 0.8909 -0.3584
vn 0.0971 0.9304 -0.3533
vn -0.0917 0.9362 -0.3392
vn -0.2769 0.9081 -0.3141
vn -0.4488 0.8479 -0.2821
vn -0.6013 0.7586 -0.2509
vn 0.4852 0.8526 -0.1941
vn 0.3116 0.9329 -0.1808
vn 0.1221 0.9784 -0.1668
vn -0.0746 0.9860 -0.1489
vn -0.2679 0.9551 -0.1263
vn -0.4484 0.8880 -0.1020
vn -0.6090 0.7891 -0.0808
vn 0.5126 0.8585 -0.0160
vn 0.3373 0.9414 0.0062
vn 0.1455 0.9889 0.0284
vn -0.0542 0.9973 0.0498
vn -0.2513 0.9654 0.0691
vn -0.4356 0.8961 0.0854
vn -0.5995 0.7944 0.0982
vn 0.5239 0.8361 0.1627
vn 0.3521 0.9159 0.1928
vn 0.1643 0.9610 0.2225
vn -0.0317 0.9686 0.2466
vn -0.2260 0.9382 0.2621
vn -0.4085 0.8719 0.2701
vn -0.5711 0.7737 0.2742
vn 0.5204 0.7877 0.3298
vn 0.3579 0.8578 0.3688
vn 0.1795 0.8964 0.4053
vn -0.0082 0.9021 0.4315
vn -0.1952 0.8749 0.4432
vn -0.3710 0.8164 0.4426
vn -0.5279 0.7287 0.4362
vn 0.5071 0.7186 0.4758
vn 0.3609 0.7699 0.5262
vn 0.1940 0.7992 0.5689
vn 0.0152 0.8025 0.5964
vn -0.1639 0.7792 0.6050
vn -0.3312 0.7314 0.5962
vn -0.4771 0.6642 0.5756
vn 0.5426 0.4880 0.6837
vn 0.4012 0.5101 0.7608
vn 0.2369 0.5232 0.8186
vn 0.0588 0.5218 0.8510
vn -0.1213 0.5039 0.8552
vn -0.2915 0.4728 0.8316
vn -0.4422 0.4350 0.7844
vn 0.5892 0.3401 0.7329
vn 0.4371 0.3468 0.8298
vn 0.2642 0.3514 0.8982
vn 0.0781 0.3471 0.9346
vn -0.1111 0.3314 0.9369
vn -0.2930 0.3079 0.9052
vn -0.4604 0.2840 0.8411
vn 0.6259 0.1717 0.7608
vn 0.4680 0.1674 0.8678
vn 0.2883 0.1631 0.9435
vn 0.0947 0.1551 0.9833
vn -0.1029 0.1422 0.9845
vn -0.2942 0.1268 0.9473
vn -0.4709 0.1132 0.8749
vn 0.6454 -0.0077 0.7638
vn 0.4860 -0.0210 0.8737
vn 0.3043 -0.0338 0.9520
vn 0.1077 -0.0454 0.9931
vn -0.0935 -0.0552 0.9941
vn -0.2886 -0.0626 0.9554
vn -0.4687 -0.0675 0.8808
vn 0.6443 -0.1866 0.7416
vn 0.4877 -0.2084 0.8478
vn 0.3093 -0.2291 0.9229
vn 0.1163 -0.2440 0.9628
vn -0.0815 -0.2504 0.9647
vn -0.2738 -0.2498 0.9288
vn -0.4517 -0.2462 0.8575
vn 0.6251 -0.3532 0.6960
vn 0.4757 -0.3844 0.7912
vn 0.3052 -0.4126 0.8583
vn 0.1202 -0.4302 0.8947
vn -0.0694 -0.4335 0.8985
vn -0.2532 -0.4249 0.8691
vn -0.4231 -0.4111 0.8074
vn 0.5940 -0.4981 0.6317
vn 0.4570 -0.5415 0.7057
vn 0.2961 -0.5765 0.7616
vn 0.1195 -0.5962 0.7939
vn -0.0613 -0.5969 0.8000
vn -0.2343 -0.5807 0.7797
vn -0.3891 -0.5534 0.7364
vn 0.5817 -0.7070 0.4023
vn 0.4433 -0.7771 0.4467
vn 0.2817 -0.8274 0.4859
vn 0.1051 -0.8520 0.5130
vn -0.0754 -0.8485 0.5238
vn -0.2474 -0.8176 0.5199
vn -0.4007 -0.7638 0.5059
vn 0.6013 -0.7586 0.2509
vn 0.4488 -0.8479 0.2821
vn 0.2769 -0.9081 0.3141
vn 0.0917 -0.9362 0.3392
vn -0.0971 -0.9304 0.3533
vn -0.2790 -0.8909 0.3584
vn -0.4456 -0.8195 0.3604
vn 0.6090 -0.7891 0.0808
vn 0.4484 -0.8880 0.1020
vn 0.2679 -0.9551 0.1263
vn 0.0746 -0.9860 0.1489
vn -0.1221 -0.9784 0.1668
vn -0.3116 -0.9329 0.1808
vn -0.4852 -0.8526 0.1941
vn 0.5995 -0.7944 -0.0982
vn 0.4356 -0.8961 -0.0854
vn 0.2513 -0.9654 -0.0691
vn 0.0542 -0.9973 -0.0498
vn -0.1455 -0.9889 -0.0284
vn -0.3373 -0.9414 -0.0062
vn -0.5126 -0.8585 0.0160
vn 0.5711 -0.7737 -0.2742
vn 0.4085 -0.8719 -0.2701
vn 0.2260 -0.9382 -0.2621
vn 0.0317 -0.9686 -0.2466
vn -0.1643 -0.9610 -0.2225
vn -0.3521 -0.9159 -0.1928
vn -0.5239 -0.8361 -0.1627
vn 0.5279 -0.7287 -0.4362
vn 0.3710 -0.8164 -0.4426
vn 0.1952 -0.8749 -0.4432
vn 0.0082 -0.9021 -0.4315
vn -0.1795 -0.8964 -0.4053
vn -0.3579 -0.8578 -0.3688
vn -0.5204 -0.7877 -0.3298
vn 0.4771 -0.6642 -0.5756
vn 0.3312 -0.7314 -0.5962
vn 0.1639 -0.7792 -0.6050
vn -0.0152 -0.8025 -0.5964
vn -0.1940 -0.7992 -0.5689
vn -0.3609 -0.7699 -0.5262
vn -0.5071 -0.7186 -0.4758
vn 0.4422 -0.4350 -0.7844
vn 0.2915 -0.4728 -0.8316
vn 0.1213 -0.5039 -0.8552
vn -0.0588 -0.5218 -0.8510
vn -0.2369 -0.5232 -0.8186
vn -0.4012 -0.5101 -0.7608
vn -0.5426 -0.4880 -0.6837
vn 0.4604 -0.2840 -0.8411
vn 0.2930 -0.3079 -0.9052
vn 0.1111 -0.3314 -0.9369
vn -0.0781 -0.3471 -0.9346
vn -0.2642 -0.3514 -0.8982
vn -0.4371 -0.3468 -0.8298
vn -0.5892 -0.3401 -0.7329
vn 0.4709 -0.1132 -0.8749
vn 0.2942 -0.1268 -0.9473
vn 0.1029 -0.1422 -0.9845
vn -0.0947 -0.1551 -0.9833
vn -0.2883 -0.1631 -0.9435
vn -0.4680 -0.1674 -0.8678
vn -0.6259 -0.1717 -0.7608
vn 0.4687 0.0675 -0.8808
vn 0.2886 0.0626 -0.9554
vn 0.0935 0.0552 -0.9941
vn -0.1077 0.0454 -0.9931
vn -0.3043 0.0338 -0.9520
vn -0.4860 0.0210 -0.8737
vn -0.6454 0.0077 -0.7638
vn 0.4517 0.2462 -0.8575
vn 0.2738 0.2498 -0.9288
vn 0.0815 0.2504 -0.9647
vn -0.1163 0.2440 -0.9628
vn -0.3093 0.2291 -0.9229
vn -0.4877 0.2084 -0.8478
vn -0.6443 0.1866 -0.7416
vn 0.4231 0.4111 -0.8074
vn 0.2532 0.4249 -0.8691
vn 0.0694 0.4335 -0.8985
vn -0.1202 0.4302 -0.8947
vn -0.3052 0.4126 -0.8583
vn -0.4757 0.3844 -0.7912
vn -0.6251 0.3532 -0.6960
vn 0.3891 0.5534 -0.7364
vn 0.2343 0.5807 -0.7797
vn 0.0613 0.5969 -0.8000
vn -0.1195 0.5962 -0.7939
vn -0.2961 0.5765 -0.7616
vn -0.4570 0.5415 -0.7057
vn -0.5940 0.4981 -0.6317
vn 0.7383 0.5095 0.4419
vn 0.8095 0.3644 0.4603
vn 0.8597 0.1976 0.4710
vn 0.8830 0.0188 0.4689
vn 0.8774 -0.1604 0.4522
vn 0.8441 -0.3282 0.4240
vn 0.7881 -0.4757 0.3906
vn 0.7812 0.5520 0.2917
vn 0.8706 0.3946 0.2939
vn 0.9300 0.2185 0.2956
vn 0.9563 0.0314 0.2905
vn 0.9483 -0.1565 0.2763
vn 0.9066 -0.3352 0.2563
vn 0.8339 -0.4980 0.2378
vn 0.8013 0.5856 0.1223
vn 0.8997 0.4215 0.1131
vn 0.9655 0.2380 0.1059
vn 0.9943 0.0431 0.0974
vn 0.9845 -0.1531 0.0862
vn 0.9372 -0.3406 0.0747
vn 0.8564 -0.5120 0.0670
vn 0.7954 0.6034 -0.0570
vn 0.8961 0.4375 -0.0749
vn 0.9637 0.2514 -0.0903
vn 0.9933 0.0532 -0.1021
vn 0.9831 -0.1466 -0.1099
vn 0.9344 -0.3377 -0.1132
vn 0.8515 -0.5121 -0.1122
vn 0.7631 0.6022 -0.2344
vn 0.8600 0.4389 -0.2603
vn 0.9243 0.2560 -0.2831
vn 0.9526 0.0612 -0.2978
vn 0.9436 -0.1355 -0.3020
vn 0.8981 -0.3240 -0.2973
vn 0.8190 -0.4964 -0.2880
vn 0.7072 0.5841 -0.3984
vn 0.7930 0.4285 -0.4330
vn 0.8495 0.2536 -0.4627
vn 0.8749 0.0667 -0.4797
vn 0.8684 -0.1222 -0.4806
vn 0.8302 -0.3029 -0.4681
vn 0.7613 -0.4677 -0.4491
vn 0.6328 0.5552 -0.5397
vn 0.6976 0.4130 -0.5855
vn 0.7433 0.2481 -0.6213
vn 0.7652 0.0696 -0.6400
vn 0.7618 -0.1109 -0.6383
vn 0.7336 -0.2815 -0.6186
vn 0.6844 -0.4324 -0.5871
vn -0.6328 -0.5552 0.5397
vn -0.6976 -0.4130 0.5855
vn -0.7433 -0.2481 0.6213
vn -0.7652 -0.0696 0.6400
vn -0.7618 0.1109 0.6383
vn -0.7336 0.2815 0.6186
vn -0.6844 0.4324 0.5871
vn -0.7072 -0.5841 0.3984
vn -0.7930 -0.4285 0.4330
vn -0.8495 -0.2536 0.4627
vn -0.8749 -0.0667 0.4797
vn -0.8684 0.1222 0.4806
vn -0.8302 0.3029 0.4681
vn -0.7613 0.4677 0.4491
vn -0.7631 -0.6022 0.2344
vn -0.8600 -0.4389 0.2603
vn -0.9243 -0.2560 0.2831
vn -0.9526 -0.0612 0.2978
vn -0.9436 0.1355 0.3020
vn -0.8981 0.3240 0.2973
vn -0.8190 0.4964 0.2880
vn -0.7954 -0.6034 0.0570
vn -0.8961 -0.4375 0.0749
vn -0.9637 -0.2514 0.0903
vn -0.9933 -0.0532 0.1021
vn -0.9831 0.1466 0.1099
vn -0.9344 0.3377 0.1132
vn -0.8515 0.5121 0.1122
vn -0.8013 -0.5856 -0.1223
vn -0.8997 -0.4215 -0.1131
vn -0.9655 -0.2380 -0.1059
vn -0.9943 -0.0431 -0.0974
vn -0.9845 0.1531 -0.0862
vn -0.9372 0.3406 -0.0747
vn -0.8564 0.5120 -0.0670
vn -0.7812 -0.5520 -0.2917
vn -0.8706 -0.3946 -0.2939
vn -0.9300 -0.2185 -0.2956
vn -0.9563 -0.0314 -0.2905
vn -0.9483 0.1565 -0.2763
vn -0.9066 0.3352 -0.2563
vn -0.8339 0.4980 -0.2378
vn -0.7383 -0.5095 -0.4419
vn -0.8095 -0.3644 -0.4603
vn -0.8597 -0.1976 -0.4710
vn -0.8830 -0.0188 -0.4689
vn -0.8774 0.1604 -0.4522
vn -0.8441 0.3282 -0.4240
vn -0.7881 0.4757 -0.3906
vt 0.469450 0.947331
vt 0.438960 0.947331
vt 0.438960 0.906657
vt 0.469450 0.906657
vt 0.408469 0.947331
vt 0.408469 0.906657
vt 0.377979 0.947331
vt 0.377979 0.906657
vt 0.347489 0.947331
vt 0.347489 0.906657
vt 0.316998 0.947331
vt 0.316998 0.906657
vt 0.286508 0.947331
vt 0.286508 0.906657
vt 0.438960 0.865983
vt 0.469450 0.865983
vt 0.408469 0.865983
vt 0.377979 0.865983
vt 0.347489 0.865983
vt 0.316998 0.865983
vt 0.286508 0.865983
vt 0.438960 0.825310
vt 0.469450 0.825310
vt 0.408469 0.825310
vt 0.377979 0.825310
vt 0.347489 0.825310
vt 0.316998 0.825310
vt 0.286508 0.825310
vt 0.438960 0.784636
vt 0.469450 0.784636
vt 0.408469 0.784636
vt 0.377979 0.784636
vt 0.347489 0.784636
vt 0.316998 0.784636
vt 0.286508 0.784636
vt 0.438960 0.743963
vt 0.469450 0.743963
vt 0.408469 0.743963
vt 0.377979 0.743962
vt 0.347489 0.743962
vt 0.316998 0.743962
vt 0.286508 0.743963
vt 0.438960 0.703289
vt 0.469450 0.703289
vt 0.408469 0.703289
vt 0.377979 0.703289
vt 0.347489 0.703289
vt 0.316998 0.703289
vt 0.286508 0.703289
vt 0.499940 0.988004
vt 0.469450 0.988004
vt 0.499940 0.947331
vt 0.438960 0.988004
vt 0.408469 0.988004
vt 0.377979 0.988004
vt 0.347489 0.988004
vt 0.316998 0.988004
vt 0.286508 0.988004
vt 0.256018 0.988004
vt 0.256018 0.947331
vt 0.256018 0.906657
vt 0.256018 0.865983
vt 0.256018 0.825310
vt 0.256018 0.784636
vt 0.256018 0.743963
vt 0.256018 0.703289
vt 0.256018 0.662615
vt 0.286508 0.662615
vt 0.316998 0.662615
vt 0.347489 0.662615
vt 0.377979 0.662615
vt 0.408469 0.662615
vt 0.438960 0.662615
vt 0.469450 0.662615
vt 0.499940 0.703289
vt 0.499940 0.662615
vt 0.499940 0.743963
vt 0.499940 0.784636
vt 0.499940 0.825310
vt 0.499940 0.865983
vt 0.499940 0.906657
vt 0.469450 0.621961
vt 0.438960 0.621961
vt 0.438960 0.581308
vt 0.469450 0.581308
vt 0.408469 0.621961
vt 0.408469 0.581308
vt 0.377979 0.621961
vt 0.377979 0.581308
vt 0.347489 0.621961
vt 0.347489 0.581308
vt 0.316998 0.621961
vt 0.316998 0.581308
vt 0.286508 0.621961
vt 0.286508 0.581308
vt 0.438960 0.540654
vt 0.469450 0.540654
vt 0.408469 0.540654
vt 0.377979 0.540654
vt 0.347489 0.540654
vt 0.316998 0.540654
vt 0.286508 0.540654
vt 0.438960 0.500000
vt 0.469450 0.500000
vt 0.408469 0.500000
vt 0.377979 0.500000
vt 0.347489 0.500000
vt 0.316998 0.500000
vt 0.286508 0.500000
vt 0.438960 0.459346
vt 0.469450 0.459346
vt 0.408469 0.459346
vt 0.377979 0.459346
vt 0.347489 0.459346
vt 0.316998 0.459346
vt 0.286508 0.459346
vt 0.438960 0.418692
vt 0.469450 0.418692
vt 0.408469 0.418692
vt 0.377979 0.418692
vt 0.347489 0.418692
vt 0.316998 0.418692
vt 0.286508 0.418692
vt 0.438960 0.378039
vt 0.469450 0.378039
vt 0.408469 0.378039
vt 0.377979 0.378039
vt 0.347489 0.378039
vt 0.316998 0.378039
vt 0.286508 0.378039
vt 0.499940 0.621961
vt 0.256018 0.621961
vt 0.256018 0.581308
vt 0.256018 0.540654
vt 0.256018 0.500000
vt 0.256018 0.459346
vt 0.256018 0.418692
vt 0.256018 0.378039
vt 0.256018 0.337385
vt 0.286508 0.337385
vt 0.316998 0.337385
vt 0.347489 0.337385
vt 0.377979 0.337385
vt 0.408469 0.337385
vt 0.438960 0.337385
vt 0.469450 0.337385
vt 0.499940 0.378039
vt 0.499940 0.337385
vt 0.499940 0.418692
vt 0.499940 0.459346
vt 0.499940 0.500000
vt 0.499940 0.540654
vt 0.499940 0.581308
vt 0.469450 0.296711
vt 0.438960 0.296711
vt 0.438960 0.256037
vt 0.469450 0.256037
vt 0.408469 0.296711
vt 0.408469 0.256037
vt 0.377979 0.296711
vt 0.377979 0.256038
vt 0.347489 0.296711
vt 0.347489 0.256037
vt 0.316998 0.296711
vt 0.316998 0.256037
vt 0.286508 0.296711
vt 0.286508 0.256037
vt 0.438960 0.215364
vt 0.469450 0.215364
vt 0.408469 0.215364
vt 0.377979 0.215364
vt 0.347489 0.215364
vt 0.316998 0.215364
vt 0.286508 0.215364
vt 0.438960 0.174690
vt 0.469450 0.174690
vt 0.408469 0.174690
vt 0.377979 0.174690
vt 0.347489 0.174690
vt 0.316998 0.174690
vt 0.286508 0.174690
vt 0.438960 0.134017
vt 0.469450 0.134017
vt 0.408469 0.134017
vt 0.377979 0.134017
vt 0.347489 0.134017
vt 0.316998 0.134017
vt 0.286508 0.134017
vt 0.438960 0.093343
vt 0.469450 0.093343
vt 0.408469 0.093343
vt 0.377979 0.093343
vt 0.347489 0.093343
vt 0.316998 0.093343
vt 0.286508 0.093343
vt 0.438960 0.052669
vt 0.469450 0.052669
vt 0.408469 0.052669
vt 0.377979 0.052669
vt 0.347489 0.052669
vt 0.316998 0.052669
vt 0.286508 0.052669
vt 0.499940 0.296711
vt 0.256018 0.296711
vt 0.256018 0.256038
vt 0.256018 0.215364
vt 0.256018 0.174690
vt 0.256018 0.134017
vt 0.256018 0.093343
vt 0.256018 0.052669
vt 0.256018 0.011996
vt 0.286508 0.011996
vt 0.316998 0.011996
vt 0.347489 0.011996
vt 0.377979 0.011996
vt 0.408469 0.011996
vt 0.438960 0.011996
vt 0.469450 0.011996
vt 0.499940 0.052669
vt 0.499940 0.011996
vt 0.499940 0.093343
vt 0.499940 0.134017
vt 0.499940 0.174690
vt 0.499940 0.215364
vt 0.499940 0.256038
vt 0.774488 0.378039
vt 0.804993 0.378039
vt 0.804993 0.418692
vt 0.774488 0.418692
vt 0.835498 0.378039
vt 0.835498 0.418692
vt 0.866003 0.378039
vt 0.866003 0.418692
vt 0.896509 0.378039
vt 0.896509 0.418692
vt 0.927014 0.378039
vt 0.927014 0.418692
vt 0.957519 0.378039
vt 0.957519 0.418692
vt 0.804993 0.459346
vt 0.774488 0.459346
vt 0.835498 0.459346
vt 0.866003 0.459346
vt 0.896509 0.459346
vt 0.927014 0.459346
vt 0.957519 0.459346
vt 0.804993 0.500000
vt 0.774488 0.500000
vt 0.835498 0.500000
vt 0.866003 0.500000
vt 0.896509 0.500000
vt 0.927014 0.500000
vt 0.957519 0.500000
vt 0.804993 0.540654
vt 0.774488 0.540654
vt 0.835498 0.540654
vt 0.866003 0.540654
vt 0.896509 0.540654
vt 0.927014 0.540654
vt 0.957519 0.540654
vt 0.804993 0.581308
vt 0.774488 0.581308
vt 0.835498 0.581308
vt 0.866003 0.581308
vt 0.896509 0.581308
vt 0.927014 0.581308
vt 0.957519 0.581308
vt 0.804993 0.621961
vt 0.774488 0.621961
vt 0.835498 0.621961
vt 0.866003 0.621961
vt 0.896509 0.621961
vt 0.927014 0.621961
vt 0.957519 0.621961
vt 0.743982 0.337385
vt 0.774488 0.337385
vt 0.743982 0.378039
vt 0.804993 0.337385
vt 0.835498 0.337385
vt 0.866003 0.337385
vt 0.896509 0.337385
vt 0.927014 0.337385
vt 0.957519 0.337385
vt 0.988024 0.337385
vt 0.988024 0.378039
vt 0.988024 0.418692
vt 0.988024 0.459346
vt 0.988024 0.500000
vt 0.988024 0.540654
vt 0.988024 0.581308
vt 0.988024 0.621961
vt 0.988024 0.662615
vt 0.957519 0.662615
vt 0.927014 0.662615
vt 0.896509 0.662615
vt 0.866003 0.662615
vt 0.835498 0.662615
vt 0.804993 0.662615
vt 0.774488 0.662615
vt 0.743982 0.621961
vt 0.743982 0.662615
vt 0.743982 0.581308
vt 0.743982 0.540654
vt 0.743982 0.500000
vt 0.743982 0.459346
vt 0.743982 0.418692
vt 0.530446 0.621961
vt 0.530446 0.581308
vt 0.560951 0.581308
vt 0.560951 0.621961
vt 0.530446 0.540654
vt 0.560951 0.540654
vt 0.530446 0.500000
vt 0.560951 0.500000
vt 0.530446 0.459346
vt 0.560951 0.459346
vt 0.530446 0.418692
vt 0.560951 0.418692
vt 0.530446 0.378039
vt 0.560951 0.378039
vt 0.591456 0.581308
vt 0.591456 0.621961
vt 0.591456 0.540654
vt 0.591456 0.500000
vt 0.591456 0.459346
vt 0.591456 0.418692
vt 0.591456 0.378039
vt 0.621961 0.581308
vt 0.621961 0.621961
vt 0.621961 0.540654
vt 0.621961 0.500000
vt 0.621961 0.459346
vt 0.621961 0.418692
vt 0.621961 0.378039
vt 0.652467 0.581308
vt 0.652467 0.621961
vt 0.652467 0.540654
vt 0.652467 0.500000
vt 0.652467 0.459346
vt 0.652467 0.418692
vt 0.652467 0.378039
vt 0.682972 0.581308
vt 0.682972 0.621961
vt 0.682972 0.540654
vt 0.682972 0.500000
vt 0.682972 0.459346
vt 0.682972 0.418692
vt 0.682972 0.378039
vt 0.713477 0.581308
vt 0.713477 0.621961
vt 0.713477 0.540654
vt 0.713477 0.500000
vt 0.713477 0.459346
vt 0.713477 0.418692
vt 0.713477 0.378039
vt 0.530446 0.662615
vt 0.530446 0.337385
vt 0.560951 0.337385
vt 0.591456 0.337385
vt 0.621961 0.337385
vt 0.652467 0.337385
vt 0.682972 0.337385
vt 0.713477 0.337385
vt 0.713477 0.662615
vt 0.682972 0.662615
vt 0.652467 0.662615
vt 0.621961 0.662615
vt 0.591456 0.662615
vt 0.560951 0.662615
vt 0.225512 0.378039
vt 0.225512 0.418692
vt 0.195007 0.418692
vt 0.195007 0.378039
vt 0.225512 0.459346
vt 0.195007 0.459346
vt 0.225512 0.500000
vt 0.195007 0.500000
vt 0.225512 0.540654
vt 0.195007 0.540654
vt 0.225512 0.581308
vt 0.195007 0.581308
vt 0.225512 0.621961
vt 0.195007 0.621961
vt 0.164502 0.418692
vt 0.164502 0.378039
vt 0.164502 0.459346
vt 0.164502 0.500000
vt 0.164502 0.540654
vt 0.164502 0.581308
vt 0.164502 0.621961
vt 0.133997 0.418692
vt 0.133997 0.378039
vt 0.133997 0.459346
vt 0.133997 0.500000
vt 0.133997 0.540654
vt 0.133997 0.581308
vt 0.133997 0.621961
vt 0.103491 0.418692
vt 0.103491 0.378039
vt 0.103491 0.459346
vt 0.103491 0.500000
vt 0.103491 0.540654
vt 0.103491 0.581308
vt 0.103491 0.621961
vt 0.072986 0.418692
vt 0.072986 0.378039
vt 0.072986 0.459346
vt 0.072986 0.500000
vt 0.072986 0.540654
vt 0.072986 0.581308
vt 0.072986 0.621961
vt 0.042481 0.418692
vt 0.042481 0.378039
vt 0.042481 0.459346
vt 0.042481 0.500000
vt 0.042481 0.540654
vt 0.042481 0.581308
vt 0.042481 0.621961
vt 0.225512 0.337385
vt 0.225512 0.662615
vt 0.195007 0.662615
vt 0.164502 0.662615
vt 0.133997 0.662615
vt 0.103491 0.662615
vt 0.072986 0.662615
vt 0.042481 0.662615
vt 0.011976 0.662615
vt 0.011976 0.621961
vt 0.011976 0.581308
vt 0.011976 0.540654
vt 0.011976 0.500000
vt 0.011976 0.459346
vt 0.011976 0.418692
vt 0.011976 0.378039
vt 0.042481 0.337385
vt 0.011976 0.337385
vt 0.072986 0.337385
vt 0.103491 0.337385
vt 0.133997 0.337385
vt 0.164502 0.337385
vt 0.195007 0.337385
s 1
usemtl Clouds
f 479/442/479 480/443/480 487/444/487 486/445/486
f 480/443/480 481/446/481 488/447/488 487/444/487
f 481/446/481 482/448/482 489/449/489 488/447/488
f 482/448/482 483/450/483 490/451/490 489/449/489
f 483/450/483 484/452/484 491/453/491 490/451/490
f 484/452/484 485/454/485 492/455/492 491/453/491
f 486/445/486 487/444/487 494/456/494 493/457/493
f 487/444/487 488/447/488 495/458/495 494/456/494
f 488/447/488 489/449/489 496/459/496 495/458/495
f 489/449/489 490/451/490 497/460/497 496/459/496
f 490/451/490 491/453/491 498/461/498 497/460/497
f 491/453/491 492/455/492 499/462/499 498/461/498
f 493/457/493 494/456/494 501/463/501 500/464/500
f 494/456/494 495/458/495 502/465/502 501/463/501
f 495/458/495 496/459/496 503/466/503 502/465/502
f 496/459/496 497/460/497 504/467/504 503/466/503
f 497/460/497 498/461/498 505/468/505 504/467/504
f 498/461/498 499/462/499 506/469/506 505/468/505
f 500/464/500 501/463/501 508/470/508 507/471/507
f 501/463/501 502/465/502 509/472/509 508/470/508
f 502/465/502 503/466/503 510/473/510 509/472/509
f 503/466/503 504/467/504 511/474/511 510/473/510
f 504/467/504 505/468/505 512/475/512 511/474/511
f 505/468/505 506/469/506 513/476/513 512/475/512
f 507/471/507 508/470/508 515/477/515 514/478/514
f 508/470/508 509/472/509 516/479/516 515/477/515
f 509/472/509 510/473/510 517/480/517 516/479/516
f 510/473/510 511/474/511 518/481/518 517/480/517
f 511/474/511 512/475/512 519/482/519 518/481/518
f 512/475/512 513/476/513 520/483/520 519/482/519
f 514/478/514 515/477/515 522/484/522 521/485/521
f 515/477/515 516/479/516 523/486/523 522/484/522
f 516/479/516 517/480/517 524/487/524 523/486/523
f 517/480/517 518/481/518 525/488/525 524/487/524
f 518/481/518 519/482/519 526/489/526 525/488/525
f 519/482/519 520/483/520 527/490/527 526/489/526
f 387/491/387 402/492/402 479/442/479 401/493/401
f 402/492/402 403/494/403 480/443/480 479/442/479
f 403/494/403 404/495/404 481/446/481 480/443/480
f 404/495/404 405/496/405 482/448/482 481/446/481
f 405/496/405 406/497/406 483/450/483 482/448/482
f 406/497/406 407/498/407 484/452/484 483/450/483
f 407/498/407 408/499/408 485/454/485 484/452/484
f 408/499/408 388/500/388 409/501/409 485/454/485
f 485/454/485 409/501/409 410/502/410 492/455/492
f 492/455/492 410/502/410 411/503/411 499/462/499
f 499/462/499 411/503/411 412/504/412 506/469/506
f 506/469/506 412/504/412 413/505/413 513/476/513
f 513/476/513 413/505/413 414/506/414 520/483/520
f 520/483/520 414/506/414 415/507/415 527/490/527
f 527/490/527 415/507/415 390/508/390 416/509/416
f 526/489/526 527/490/527 416/509/416 417/510/417
f 525/488/525 526/489/526 417/510/417 418/511/418
f 524/487/524 525/488/525 418/511/418 419/512/419
f 523/486/523 524/487/524 419/512/419 420/513/420
f 522/484/522 523/486/523 420/513/420 421/514/421
f 521/485/521 522/484/522 421/514/421 422/515/422
f 395/516/395 521/485/521 422/515/422 389/517/389
f 396/518/396 514/478/514 521/485/521 395/516/395
f 397/519/397 507/471/507 514/478/514 396/518/396
f 398/520/398 500/464/500 507/471/507 397/519/397
f 399/521/399 493/457/493 500/464/500 398/520/398
f 400/522/400 486/445/486 493/457/493 399/521/399
f 401/493/401 479/442/479 486/445/486 400/522/400
f 528/523/528 529/524/529 536/525/536 535/526/535
f 529/524/529 530/527/530 537/528/537 536/525/536
f 530/527/530 531/529/531 538/530/538 537/528/537
f 531/529/531 532/531/532 539/532/539 538/530/538
f 532/531/532 533/533/533 540/534/540 539/532/539
f 533/533/533 534/535/534 541/536/541 540/534/540
f 535/526/535 536/525/536 543/537/543 542/538/542
f 536/525/536 537/528/537 544/539/544 543/537/543
f 537/528/537 538/530/538 545/540/545 544/539/544
f 538/530/538 539/532/539 546/541/546 545/540/545
f 539/532/539 540/534/540 547/542/547 546/541/546
f 540/534/540 541/536/541 548/543/548 547/542/547
f 542/538/542 543/537/543 550/544/550 549/545/549
f 543/537/543 544/539/544 551/546/551 550/544/550
f 544/539/544 545/540/545 552/547/552 551/546/551
f 545/540/545 546/541/546 553/548/553 552/547/552
f 546/541/546 547/542/547 554/549/554 553/548/553
f 547/542/547 548/543/548 555/550/555 554/549/554
f 549/545/549 550/544/550 557/551/557 556/552/556
f 550/544/550 551/546/551 558/553/558 557/551/557
f 551/546/551 552/547/552 559/554/559 558/553/558
f 552/547/552 553/548/553 560/555/560 559/554/559
f 553/548/553 554/549/554 561/556/561 560/555/560
f 554/549/554 555/550/555 562/557/562 561/556/561
f 556/552/556 557/551/557 564/558/564 563/559/563
f 557/551/557 558/553/558 565/560/565 564/558/564
f 558/553/558 559/554/559 566/561/566 565/560/565
f 559/554/559 560/555/560 567/562/567 566/561/566
f 560/555/560 561/556/561 568/563/568 567/562/567
f 561/556/561 562/557/562 569/564/569 568/563/568
f 563/559/563 564/558/564 571/565/571 570/566/570
f 564/558/564 565/560/565 572/567/572 571/565/571
f 565/560/565 566/561/566 573/568/573 572/567/572
f 566/561/566 567/562/567 574/569/574 573/568/573
f 567/562/567 568/563/568 575/570/575 574/569/574
f 568/563/568 569/564/569 576/571/576 575/570/575
f 389/517/389 422/515/422 528/523/528 429/572/429
f 422/515/422 421/514/421 529/524/529 528/523/528
f 421/514/421 420/513/420 530/527/530 529/524/529
f 420/513/420 419/512/419 531/529/531 530/527/530
f 419/512/419 418/511/418 532/531/532 531/529/531
f 418/511/418 417/510/417 533/533/533 532/531/532
f 417/510/417 416/509/416 534/535/534 533/533/533
f 416/509/416 390/508/390 430/573/430 534/535/534
f 534/535/534 430/573/430 431/574/431 541/536/541
f 541/536/541 431/574/431 432/575/432 548/543/548
f 548/543/548 432/575/432 433/576/433 555/550/555
f 555/550/555 433/576/433 434/577/434 562/557/562
f 562/557/562 434/577/434 435/578/435 569/564/569
f 569/564/569 435/578/435 436/579/436 576/571/576
f 576/571/576 436/579/436 394/580/394 437/581/437
f 575/570/575 576/571/576 437/581/437 438/582/438
f 574/569/574 575/570/575 438/582/438 439/583/439
f 573/568/573 574/569/574 439/583/439 440/584/440
f 572/567/572 573/568/573 440/584/440 441/585/441
f 571/565/571 572/567/572 441/585/441 442/586/442
f 570/566/570 571/565/571 442/586/442 443/587/443
f 423/588/423 570/566/570 443/587/443 393/589/393
f 424/590/424 563/559/563 570/566/570 423/588/423
f 425/591/425 556/552/556 563/559/563 424/590/424
f 426/592/426 549/545/549 556/552/556 425/591/425
f 427/593/427 542/538/542 549/545/549 426/592/426
f 428/594/428 535/526/535 542/538/542 427/593/427
f 429/572/429 528/523/528 535/526/535 428/594/428
f 577/595/577 578/596/578 585/597/585 584/598/584
f 578/596/578 579/599/579 586/600/586 585/597/585
f 579/599/579 580/601/580 587/602/587 586/600/586
f 580/601/580 581/603/581 588/604/588 587/602/587
f 581/603/581 582/605/582 589/606/589 588/604/588
f 582/605/582 583/607/583 590/608/590 589/606/589
f 584/598/584 585/597/585 592/609/592 591/610/591
f 585/597/585 586/600/586 593/611/593 592/609/592
f 586/600/586 587/602/587 594/612/594 593/611/593
f 587/602/587 588/604/588 595/613/595 594/612/594
f 588/604/588 589/606/589 596/614/596 595/613/595
f 589/606/589 590/608/590 597/615/597 596/614/596
f 591/610/591 592/609/592 599/616/599 598/617/598
f 592/609/592 593/611/593 600/618/600 599/616/599
f 593/611/593 594/612/594 601/619/601 600/618/600
f 594/612/594 595/613/595 602/620/602 601/619/601
f 595/613/595 596/614/596 603/621/603 602/620/602
f 596/614/596 597/615/597 604/622/604 603/621/603
f 598/617/598 599/616/599 606/623/606 605/624/605
f 599/616/599 600/618/600 607/625/607 606/623/606
f 600/618/600 601/619/601 608/626/608 607/625/607
f 601/619/601 602/620/602 609/627/609 608/626/608
f 602/620/602 603/621/603 610/628/610 609/627/609
f 603/621/603 604/622/604 611/629/611 610/628/610
f 605/624/605 606/623/606 613/630/613 612/631/612
f 606/623/606 607/625/607 614/632/614 613/630/613
f 607/625/607 608/626/608 615/633/615 614/632/614
f 608/626/608 609/627/609 616/634/616 615/633/615
f 609/627/609 610/628/610 617/635/617 616/634/616
f 610/628/610 611/629/611 618/636/618 617/635/617
f 612/631/612 613/630/613 620/637/620 619/638/619
f 613/630/613 614/632/614 621/639/621 620/637/620
f 614/632/614 615/633/615 622/640/622 621/639/621
f 615/633/615 616/634/616 623/641/623 622/640/622
f 616/634/616 617/635/617 624/642/624 623/641/623
f 617/635/617 618/636/618 625/643/625 624/642/624
f 393/589/393 443/587/443 577/595/577 450/644/450
f 443/587/443 442/586/442 578/596/578 577/595/577
f 442/586/442 441/585/441 579/599/579 578/596/578
f 441/585/441 440/584/440 580/601/580 579/599/579
f 440/584/440 439/583/439 581/603/581 580/601/580
f 439/583/439 438/582/438 582/605/582 581/603/581
f 438/582/438 437/581/437 583/607/583 582/605/582
f 437/581/437 394/580/394 451/645/451 583/607/583
f 583/607/583 451/645/451 452/646/452 590/608/590
f 590/608/590 452/646/452 453/647/453 597/615/597
f 597/615/597 453/647/453 454/648/454 604/622/604
f 604/622/604 454/648/454 455/649/455 611/629/611
f 611/629/611 455/649/455 456/650/456 618/636/618
f 618/636/618 456/650/456 457/651/457 625/643/625
f 625/643/625 457/651/457 392/652/392 458/653/458
f 624/642/624 625/643/625 458/653/458 459/654/459
f 623/641/623 624/642/624 459/654/459 460/655/460
f 622/640/622 623/641/623 460/655/460 461/656/461
f 621/639/621 622/640/622 461/656/461 462/657/462
f 620/637/620 621/639/621 462/657/462 463/658/463
f 619/638/619 620/637/620 463/658/463 464/659/464
f 444/660/444 619/638/619 464/659/464 391/661/391
f 445/662/445 612/631/612 619/638/619 444/660/444
f 446/663/446 605/624/605 612/631/612 445/662/445
f 447/664/447 598/617/598 605/624/605 446/663/446
f 448/665/448 591/610/591 598/617/598 447/664/447
f 449/666/449 584/598/584 591/610/591 448/665/448
f 450/644/450 577/595/577 584/598/584 449/666/449
f 626/667/626 627/668/627 634/669/634 633/670/633
f 627/668/627 628/671/628 635/672/635 634/669/634
f 628/671/628 629/673/629 636/674/636 635/672/635
f 629/673/629 630/675/630 637/676/637 636/674/636
f 630/675/630 631/677/631 638/678/638 637/676/637
f 631/677/631 632/679/632 639/680/639 638/678/638
f 633/670/633 634/669/634 641/681/641 640/682/640
f 634/669/634 635/672/635 642/683/642 641/681/641
f 635/672/635 636/674/636 643/684/643 642/683/642
f 636/674/636 637/676/637 644/685/644 643/684/643
f 637/676/637 638/678/638 645/686/645 644/685/644
f 638/678/638 639/680/639 646/687/646 645/686/645
f 640/682/640 641/681/641 648/688/648 647/689/647
f 641/681/641 642/683/642 649/690/649 648/688/648
f 642/683/642 643/684/643 650/691/650 649/690/649
f 643/684/643 644/685/644 651/692/651 650/691/650
f 644/685/644 645/686/645 652/693/652 651/692/651
f 645/686/645 646/687/646 653/694/653 652/693/652
f 647/689/647 648/688/648 655/695/655 654/696/654
f 648/688/648 649/690/649 656/697/656 655/695/655
f 649/690/649 650/691/650 657/698/657 656/697/656
f 650/691/650 651/692/651 658/699/658 657/698/657
f 651/692/651 652/693/652 659/700/659 658/699/658
f 652/693/652 653/694/653 660/701/660 659/700/659
f 654/696/654 655/695/655 662/702/662 661/703/661
f 655/695/655 656/697/656 663/704/663 662/702/662
f 656/697/656 657/698/657 664/705/664 663/704/663
f 657/698/657 658/699/658 665/706/665 664/705/664
f 658/699/658 659/700/659 666/707/666 665/706/665
f 659/700/659 660/701/660 667/708/667 666/707/666
f 661/703/661 662/702/662 669/709/669 668/710/668
f 662/702/662 663/704/663 670/711/670 669/709/669
f 663/704/663 664/705/664 671/712/671 670/711/670
f 664/705/664 665/706/665 672/713/672 671/712/671
f 665/706/665 666/707/666 673/714/673 672/713/672
f 666/707/666 667/708/667 674/715/674 673/714/673
f 391/716/391 464/717/464 626/667/626 471/718/471
f 464/717/464 463/719/463 627/668/627 626/667/626
f 463/719/463 462/720/462 628/671/628 627/668/627
f 462/720/462 461/721/461 629/673/629 628/671/628
f 461/721/461 460/722/460 630/675/630 629/673/629
f 460/722/460 459/723/459 631/677/631 630/675/630
f 459/723/459 458/724/458 632/679/632 631/677/631
f 458/724/458 392/725/392 472/726/472 632/679/632
f 632/679/632 472/726/472 473/727/473 639/680/639
f 639/680/639 473/727/473 474/728/474 646/687/646
f 646/687/646 474/728/474 475/729/475 653/694/653
f 653/694/653 475/729/475 476/730/476 660/701/660
f 660/701/660 476/730/476 477/731/477 667/708/667
f 667/708/667 477/731/477 478/732/478 674/715/674
f 674/715/674 478/732/478 388/733/388 408/734/408
f 673/714/673 674/715/674 408/734/408 407/735/407
f 672/713/672 673/714/673 407/735/407 406/736/406
f 671/712/671 672/713/672 406/736/406 405/737/405
f 670/711/670 671/712/671 405/737/405 404/738/404
f 669/709/669 670/711/670 404/738/404 403/739/403
f 668/710/668 669/709/669 403/739/403 402/740/402
f 465/741/465 668/710/668 402/740/402 387/742/387
f 466/743/466 661/703/661 668/710/668 465/741/465
f 467/744/467 654/696/654 661/703/661 466/743/466
f 468/745/468 647/689/647 654/696/654 467/744/467
f 469/746/469 640/682/640 647/689/647 468/745/468
f 470/747/470 633/670/633 640/682/640 469/746/469
f 471/718/471 626/667/626 633/670/633 470/747/470
f 675/748/675 676/749/676 683/750/683 682/751/682
f 676/749/676 677/752/677 684/753/684 683/750/683
f 677/752/677 678/754/678 685/755/685 684/753/684
f 678/754/678 679/756/679 686/757/686 685/755/685
f 679/756/679 680/758/680 687/759/687 686/757/686
f 680/758/680 681/760/681 688/761/688 687/759/687
f 682/751/682 683/750/683 690/762/690 689/763/689
f 683/750/683 684/753/684 691/764/691 690/762/690
f 684/753/684 685/755/685 692/765/692 691/764/691
f 685/755/685 686/757/686 693/766/693 692/765/692
f 686/757/686 687/759/687 694/767/694 693/766/693
f 687/759/687 688/761/688 695/768/695 694/767/694
f 689/763/689 690/762/690 697/769/697 696/770/696
f 690/762/690 691/764/691 698/771/698 697/769/697
f 691/764/691 692/765/692 699/772/699 698/771/698
f 692/765/692 693/766/693 700/773/700 699/772/699
f 693/766/693 694/767/694 701/774/701 700/773/700
f 694/767/694 695/768/695 702/775/702 701/774/701
f 696/770/696 697/769/697 704/776/704 703/777/703
f 697/769/697 698/771/698 705/778/705 704/776/704
f 698/771/698 699/772/699 706/779/706 705/778/705
f 699/772/699 700/773/700 707/780/707 706/779/706
f 700/773/700 701/774/701 708/781/708 707/780/707
f 701/774/701 702/775/702 709/782/709 708/781/708
f 703/777/703 704/776/704 711/783/711 710/784/710
f 704/776/704 705/778/705 712/785/712 711/783/711
f 705/778/705 706/779/706 713/786/713 712/785/712
f 706/779/706 707/780/707 714/787/714 713/786/713
f 707/780/707 708/781/708 715/788/715 714/787/714
f 708/781/708 709/782/709 716/789/716 715/788/715
f 710/784/710 711/783/711 718/790/718 717/791/717
f 711/783/711 712/785/712 719/792/719 718/790/718
f 712/785/712 713/786/713 720/793/720 719/792/719
f 713/786/713 714/787/714 721/794/721 720/793/720
f 714/787/714 715/788/715 722/795/722 721/794/721
f 715/788/715 716/789/716 723/796/723 722/795/722
f 389/517/389 429/572/429 675/748/675 395/797/395
f 429/572/429 428/594/428 676/749/676 675/748/675
f 428/594/428 427/593/427 677/752/677 676/749/676
f 427/593/427 426/592/426 678/754/678 677/752/677
f 426/592/426 425/591/425 679/756/679 678/754/678
f 425/591/425 424/590/424 680/758/680 679/756/679
f 424/590/424 423/588/423 681/760/681 680/758/680
f 423/588/423 393/589/393 450/798/450 681/760/681
f 681/760/681 450/798/450 449/799/449 688/761/688
f 688/761/688 449/799/449 448/800/448 695/768/695
f 695/768/695 448/800/448 447/801/447 702/775/702
f 702/775/702 447/801/447 446/802/446 709/782/709
f 709/782/709 446/802/446 445/803/445 716/789/716
f 716/789/716 445/803/445 444/804/444 723/796/723
f 723/796/723 444/804/444 391/716/391 471/718/471
f 722/795/722 723/796/723 471/718/471 470/747/470
f 721/794/721 722/795/722 470/747/470 469/746/469
f 720/793/720 721/794/721 469/746/469 468/745/468
f 719/792/719 720/793/720 468/745/468 467/744/467
f 718/790/718 719/792/719 467/744/467 466/743/466
f 717/791/717 718/790/718 466/743/466 465/741/465
f 401/805/401 717/791/717 465/741/465 387/742/387
f 400/806/400 710/784/710 717/791/717 401/805/401
f 399/807/399 703/777/703 710/784/710 400/806/400
f 398/808/398 696/770/696 703/777/703 399/807/399
f 397/809/397 689/763/689 696/770/696 398/808/398
f 396/810/396 682/751/682 689/763/689 397/809/397
f 395/797/395 675/748/675 682/751/682 396/810/396
f 724/811/724 725/812/725 732/813/732 731/814/731
f 725/812/725 726/815/726 733/816/733 732/813/732
f 726/815/726 727/817/727 734/818/734 733/816/733
f 727/817/727 728/819/728 735/820/735 734/818/734
f 728/819/728 729/821/729 736/822/736 735/820/735
f 729/821/729 730/823/730 737/824/737 736/822/736
f 731/814/731 732/813/732 739/825/739 738/826/738
f 732/813/732 733/816/733 740/827/740 739/825/739
f 733/816/733 734/818/734 741/828/741 740/827/740
f 734/818/734 735/820/735 742/829/742 741/828/741
f 735/820/735 736/822/736 743/830/743 742/829/742
f 736/822/736 737/824/737 744/831/744 743/830/743
f 738/826/738 739/825/739 746/832/746 745/833/745
f 739/825/739 740/827/740 747/834/747 746/832/746
f 740/827/740 741/828/741 748/835/748 747/834/747
f 741/828/741 742/829/742 749/836/749 748/835/748
f 742/829/742 743/830/743 750/837/750 749/836/749
f 743/830/743 744/831/744 751/838/751 750/837/750
f 745/833/745 746/832/746 753/839/753 752/840/752
f 746/832/746 747/834/747 754/841/754 753/839/753
f 747/834/747 748/835/748 755/842/755 754/841/754
f 748/835/748 749/836/749 756/843/756 755/842/755
f 749/836/749 750/837/750 757/844/757 756/843/756
f 750/837/750 751/838/751 758/845/758 757/844/757
f 752/840/752 753/839/753 760/846/760 759/847/759
f 753/839/753 754/841/754 761/848/761 760/846/760
f 754/841/754 755/842/755 762/849/762 761/848/761
f 755/842/755 756/843/756 763/850/763 762/849/762
f 756/843/756 757/844/757 764/851/764 763/850/763
f 757/844/757 758/845/758 765/852/765 764/851/764
f 759/847/759 760/846/760 767/853/767 766/854/766
f 760/846/760 761/848/761 768/855/768 767/853/767
f 761/848/761 762/849/762 769/856/769 768/855/768
f 762/849/762 763/850/763 770/857/770 769/856/769
f 763/850/763 764/851/764 771/858/771 770/857/770
f 764/851/764 765/852/765 772/859/772 771/858/771
f 394/580/394 436/579/436 724/811/724 451/860/451
f 436/579/436 435/578/435 725/812/725 724/811/724
f 435/578/435 434/577/434 726/815/726 725/812/725
f 434/577/434 433/576/433 727/817/727 726/815/726
f 433/576/433 432/575/432 728/819/728 727/817/727
f 432/575/432 431/574/431 729/821/729 728/819/728
f 431/574/431 430/573/430 730/823/730 729/821/729
f 430/573/430 390/508/390 415/861/415 730/823/730
f 730/823/730 415/861/415 414/862/414 737/824/737
f 737/824/737 414/862/414 413/863/413 744/831/744
f 744/831/744 413/863/413 412/864/412 751/838/751
f 751/838/751 412/864/412 411/865/411 758/845/758
f 758/845/758 411/865/411 410/866/410 765/852/765
f 765/852/765 410/866/410 409/867/409 772/859/772
f 772/859/772 409/867/409 388/868/388 478/869/478
f 771/858/771 772/859/772 478/869/478 477/870/477
f 770/857/770 771/858/771 477/870/477 476/871/476
f 769/856/769 770/857/770 476/871/476 475/872/475
f 768/855/768 769/856/769 475/872/475 474/873/474
f 767/853/767 768/855/768 474/873/474 473/874/473
f 766/854/766 767/853/767 473/874/473 472/875/472
f 457/876/457 766/854/766 472/875/472 392/877/392
f 456/878/456 759/847/759 766/854/766 457/876/457
f 455/879/455 752/840/752 759/847/759 456/878/456
f 454/880/454 745/833/745 752/840/752 455/879/455
f 453/881/453 738/826/738 745/833/745 454/880/454
f 452/882/452 731/814/731 738/826/738 453/881/453
f 451/860/451 724/811/724 731/814/731 452/882/452
o Atmosphere
v 1.532425 2.017116 -1.919594
v -2.115006 1.810075 -1.533722
v 1.926131 1.848343 1.724985
v -1.727607 1.649790 2.096544
v 1.727607 -1.649790 -2.096544
v -1.926131 -1.848343 -1.724985
v 2.115006 -1.810075 1.533722
v -1.532425 -2.017116 1.919594
v 2.018037 2.000103 1.424444
v 2.105876 2.172258 0.973912
v 2.144679 2.302985 0.445578
v 2.117939 2.366925 -0.118017
v 2.023547 2.355296 -0.678059
v 1.871780 2.273140 -1.196328
v 1.688046 2.141906 -1.632381
v 1.215702 2.138338 -2.012836
v 0.746730 2.264086 -2.101960
v 0.204848 2.339675 -2.141468
v -0.364035 2.344401 -2.114991
v -0.919927 2.274111 -2.020911
v -1.425568 2.138413 -1.869993
v -1.843751 1.963143 -1.687774
v -2.219580 1.919433 -1.221133
v -2.321457 2.034052 -0.758547
v -2.370600 2.105294 -0.223434
v -2.348515 2.114394 0.340204
v -2.252275 2.056769 0.893805
v -2.092306 1.939837 1.400434
v -1.895651 1.785794 1.821915
v -1.426944 1.791300 2.203860
v -0.975747 1.953412 2.309551
v -0.446034 2.079019 2.362342
v 0.119492 2.144351 2.342948
v 0.681591 2.140780 2.248204
v 1.201550 2.072397 2.088868
v 1.638600 1.958320 1.892590
v 2.243637 -1.515173 1.665014
v 2.378849 -1.070715 1.815647
v 2.463261 -0.546108 1.932883
v 2.474390 0.017462 1.994747
v 2.406541 0.581591 1.993048
v 2.268461 1.107486 1.931188
v 2.086568 1.553079 1.826501
v -1.828733 1.342236 2.226223
v -1.933483 0.883151 2.362967
v -1.995931 0.347243 2.449002
v -1.998253 -0.221758 2.461653
v -1.936394 -0.784272 2.395250
v -1.818137 -1.301754 2.258703
v -1.665596 -1.734203 2.078523
v -1.215702 -2.138338 2.012836
v -0.746731 -2.264086 2.101960
v -0.204848 -2.339675 2.141468
v 0.364035 -2.344401 2.114991
v 0.919927 -2.274111 2.020911
v 1.425568 -2.138413 1.869993
v 1.843751 -1.963142 1.687775
v 1.895650 -1.785794 -1.821915
v 2.092306 -1.939837 -1.400434
v 2.252275 -2.056768 -0.893805
v 2.348515 -2.114395 -0.340205
v 2.370599 -2.105294 0.223434
v 2.321457 -2.034052 0.758547
v 2.219580 -1.919433 1.221133
v -1.688046 -2.141906 1.632381
v -1.871780 -2.273140 1.196328
v -2.023548 -2.355296 0.678059
v -2.117939 -2.366925 0.118017
v -2.144679 -2.302985 -0.445578
v -2.105876 -2.172259 -0.973912
v -2.018037 -2.000103 -1.424444
v -1.638601 -1.958320 -1.892590
v -1.201550 -2.072397 -2.088869
v -0.681591 -2.140781 -2.248204
v -0.119492 -2.144351 -2.342948
v 0.446034 -2.079019 -2.362342
v 0.975747 -1.953412 -2.309551
v 1.426944 -1.791301 -2.203860
v 1.665596 1.734202 -2.078523
v 1.818137 1.301754 -2.258703
v 1.936394 0.784272 -2.395250
v 1.998253 0.221758 -2.461653
v 1.995930 -0.347243 -2.449002
v 1.933483 -0.883151 -2.362967
v 1.828733 -1.342235 -2.226223
v -2.086568 -1.553080 -1.826501
v -2.268461 -1.107486 -1.931188
v -2.406541 -0.581591 -1.993048
v -2.474390 -0.017462 -1.994747
v -2.463261 0.546108 -1.932883
v -2.378849 1.070715 -1.815647
v -2.243636 1.515173 -1.665014
v 1.290914 2.404405 -1.629204
v 0.800459 2.588373 -1.661781
v 0.245574 2.691626 -1.672354
v -0.334995 2.703538 -1.637250
v -0.903109 2.623573 -1.550221
v -1.423882 2.457853 -1.425989
v -1.867467 2.221635 -1.295699
v 1.422582 2.594083 -1.161431
v 0.896501 2.823603 -1.151295
v 0.313716 2.952742 -1.133500
v -0.292971 2.971877 -1.088137
v -0.887701 2.880883 -1.007188
v -1.438158 2.685547 -0.906347
v -1.919458 2.399739 -0.811700
v 1.548118 2.704578 -0.624914
v 0.999097 2.960507 -0.582351
v 0.393532 3.107750 -0.537539
v -0.238334 3.132756 -0.480582
v -0.859337 3.032720 -0.407523
v -1.435397 2.816505 -0.329945
v -1.942584 2.501782 -0.263400
v 1.636235 2.724334 -0.051607
v 1.081970 2.988467 0.018308
v 0.469319 3.142238 0.089484
v -0.172976 3.169697 0.158195
v -0.806554 3.066415 0.220215
v -1.394611 2.843048 0.272147
v -1.912081 2.519599 0.312239
v 1.672452 2.651662 0.522987
v 1.129471 2.905934 0.617877
v 0.529412 3.051791 0.712897
v -0.100482 3.076729 0.790931
v -0.724702 2.978415 0.840107
v -1.307199 2.764833 0.865365
v -1.820924 2.452452 0.878430
v 1.663380 2.491658 1.061475
v 1.149834 2.717432 1.181259
v 0.577767 2.843675 1.296775
v -0.025260 2.862590 1.380894
v -0.625834 2.774719 1.418165
v -1.188655 2.584490 1.417547
v -1.683373 2.303635 1.400517
v 1.632849 2.259005 1.527295
v 1.163057 2.436069 1.677735
v 0.624234 2.534510 1.813426
v 0.048833 2.545863 1.902137
v -0.527149 2.470052 1.929477
v -1.066023 2.311877 1.902826
v -1.531333 2.084016 1.847654
v 1.739110 1.571006 2.146944
v 1.288356 1.629837 2.405348
v 0.759013 1.670125 2.595479
v 0.185953 1.665773 2.700472
v -0.393518 1.608118 2.713121
v -0.942692 1.509854 2.633173
v -1.427278 1.400739 2.470372
v 1.878419 1.096251 2.317693
v 1.398743 1.113962 2.627648
v 0.845285 1.126983 2.849092
v 0.247176 1.113358 2.966692
v -0.360564 1.062824 2.973604
v -0.943603 0.989263 2.869303
v -1.472735 0.917660 2.662870
v 1.995037 0.553118 2.411600
v 1.496319 0.538962 2.751813
v 0.922760 0.525309 2.995745
v 0.300524 0.500521 3.124274
v -0.334451 0.458539 3.127269
v -0.945653 0.409195 3.006697
v -1.504450 0.367008 2.775583
v 2.057871 -0.024388 2.422086
v 1.554677 -0.066433 2.771370
v 0.974660 -0.107215 3.023321
v 0.342539 -0.144452 3.156537
v -0.304637 -0.175738 3.158835
v -0.927754 -0.199353 3.033391
v -1.497202 -0.214643 2.795396
v 2.054364 -0.599842 2.349831
v 1.559875 -0.668187 2.687423
v 0.990406 -0.734548 2.929414
v 0.370339 -0.782992 3.058055
v -0.265552 -0.802998 3.063756
v -0.879908 -0.800896 2.947245
v -1.442434 -0.789578 2.719904
v 1.993906 -1.136363 2.198851
v 1.522635 -1.231564 2.503349
v 0.976911 -1.320596 2.720955
v 0.382712 -1.377441 2.838682
v -0.226742 -1.387694 2.850407
v -0.815861 -1.361429 2.753690
v -1.352517 -1.321327 2.554744
v 1.904156 -1.599000 1.979726
v 1.466373 -1.727113 2.229071
v 0.948062 -1.838291 2.413254
v 0.380182 -1.901665 2.518146
v -0.201762 -1.903917 2.536990
v -0.759924 -1.853460 2.467616
v -1.256417 -1.777082 2.316317
v 1.867467 -2.221635 1.295699
v 1.423883 -2.457852 1.425989
v 0.903109 -2.623573 1.550221
v 0.334995 -2.703538 1.637250
v -0.245574 -2.691626 1.672354
v -0.800459 -2.588373 1.661781
v -1.290913 -2.404405 1.629204
v 1.919459 -2.399739 0.811700
v 1.438158 -2.685547 0.906347
v 0.887701 -2.880883 1.007188
v 0.292971 -2.971877 1.088137
v -0.313716 -2.952742 1.133500
v -0.896501 -2.823603 1.151295
v -1.422582 -2.594083 1.161431
v 1.942584 -2.501782 0.263400
v 1.435397 -2.816505 0.329944
v 0.859337 -3.032720 0.407522
v 0.238334 -3.132756 0.480582
v -0.393532 -3.107750 0.537539
v -0.999097 -2.960507 0.582351
v -1.548118 -2.704578 0.624914
v 1.912081 -2.519599 -0.312239
v 1.394611 -2.843048 -0.272147
v 0.806554 -3.066415 -0.220215
v 0.172976 -3.169697 -0.158195
v -0.469319 -3.142238 -0.089484
v -1.081970 -2.988467 -0.018308
v -1.636235 -2.724334 0.051607
v 1.820924 -2.452453 -0.878430
v 1.307199 -2.764833 -0.865365
v 0.724702 -2.978415 -0.840107
v 0.100482 -3.076729 -0.790931
v -0.529412 -3.051791 -0.712897
v -1.129471 -2.905934 -0.617877
v -1.672453 -2.651662 -0.522987
v 1.683373 -2.303635 -1.400517
v 1.188655 -2.584489 -1.417547
v 0.625834 -2.774719 -1.418164
v 0.025260 -2.862590 -1.380894
v -0.577767 -2.843674 -1.296775
v -1.149834 -2.717432 -1.181259
v -1.663381 -2.491659 -1.061476
v 1.531333 -2.084016 -1.847654
v 1.066023 -2.311877 -1.902825
v 0.527149 -2.470052 -1.929477
v -0.048833 -2.545863 -1.902136
v -0.624234 -2.534510 -1.813426
v -1.163057 -2.436068 -1.677736
v -1.632849 -2.259005 -1.527294
v 1.427277 -1.400739 -2.470372
v 0.942692 -1.509854 -2.633173
v 0.393518 -1.608118 -2.713121
v -0.185953 -1.665774 -2.700472
v -0.759013 -1.670125 -2.595479
v -1.288356 -1.629837 -2.405348
v -1.739110 -1.571006 -2.146944
v 1.472735 -0.917660 -2.662870
v 0.943603 -0.989263 -2.869303
v 0.360564 -1.062824 -2.973605
v -0.247176 -1.113358 -2.966692
v -0.845285 -1.126983 -2.849093
v -1.398743 -1.113961 -2.627649
v -1.878419 -1.096251 -2.317693
v 1.504451 -0.367008 -2.775583
v 0.945653 -0.409195 -3.006697
v 0.334451 -0.458539 -3.127269
v -0.300524 -0.500521 -3.124274
v -0.922760 -0.525309 -2.995745
v -1.496319 -0.538962 -2.751813
v -1.995037 -0.553118 -2.411600
v 1.497202 0.214644 -2.795397
v 0.927754 0.199353 -3.033390
v 0.304636 0.175738 -3.158835
v -0.342539 0.144451 -3.156537
v -0.974660 0.107214 -3.023321
v -1.554677 0.066433 -2.771371
v -2.057870 0.024388 -2.422086
v 1.442434 0.789578 -2.719904
v 0.879907 0.800896 -2.947245
v 0.265551 0.802998 -3.063756
v -0.370339 0.782992 -3.058055
v -0.990406 0.734548 -2.929413
v -1.559875 0.668187 -2.687423
v -2.054364 0.599842 -2.349831
v 1.352517 1.321327 -2.554744
v 0.815861 1.361429 -2.753690
v 0.226742 1.387693 -2.850407
v -0.382712 1.377441 -2.838682
v -0.976911 1.320596 -2.720955
v -1.522636 1.231564 -2.503349
v -1.993906 1.136363 -2.198851
v 1.256416 1.777082 -2.316317
v 0.759924 1.853460 -2.467616
v 0.201762 1.903916 -2.536990
v -0.380182 1.901665 -2.518146
v -0.948062 1.838291 -2.413254
v -1.466373 1.727113 -2.229071
v -1.904156 1.599000 -1.979726
v 2.322667 1.635114 1.426025
v 2.561713 1.171368 1.472225
v 2.727088 0.633986 1.504320
v 2.802862 0.058637 1.497482
v 2.783878 -0.517608 1.443617
v 2.672836 -1.058900 1.355215
v 2.482806 -1.532263 1.260861
v 2.472677 1.760116 0.943286
v 2.758636 1.263521 0.946238
v 2.951248 0.699657 0.950022
v 3.036491 0.098632 0.933768
v 3.009825 -0.504813 0.887719
v 2.873959 -1.077402 0.825525
v 2.640872 -1.591576 0.771108
v 2.541662 1.866700 0.396632
v 2.854724 1.348234 0.367074
v 3.066386 0.762087 0.344131
v 3.159559 0.135998 0.317207
v 3.127147 -0.494066 0.280671
v 2.974527 -1.093000 0.243862
v 2.717025 -1.634398 0.220095
v 2.523160 1.924354 -0.180151
v 2.843640 1.399809 -0.237002
v 3.061215 0.805623 -0.286114
v 3.157262 0.168599 -0.324347
v 3.123386 -0.473781 -0.349163
v 2.966081 -1.083967 -0.359586
v 2.702206 -1.634973 -0.356196
v 2.418684 1.920394 -0.750984
v 2.727007 1.404331 -0.832596
v 2.934159 0.820144 -0.905538
v 3.025735 0.194343 -0.953460
v 2.996136 -0.437674 -0.966197
v 2.848947 -1.039820 -0.950897
v 2.596699 -1.584300 -0.921454
v 2.234213 1.863879 -1.279130
v 2.509873 1.372315 -1.385359
v 2.693472 0.812328 -1.478939
v 2.775687 0.211891 -1.533815
v 2.754188 -0.395063 -1.536327
v 2.628968 -0.973745 -1.497423
v 2.407083 -1.494148 -1.440625
v 1.983354 1.782019 -1.729925
v 2.204351 1.326678 -1.866197
v 2.355694 0.795274 -1.979943
v 2.427054 0.220922 -2.040227
v 2.415139 -0.359932 -2.034570
v 2.320153 -0.909943 -1.972516
v 2.149258 -1.393154 -1.881950
v -1.983355 -1.782019 1.729925
v -2.204351 -1.326678 1.866197
v -2.355694 -0.795274 1.979943
v -2.427054 -0.220922 2.040227
v -2.415139 0.359933 2.034571
v -2.320153 0.909943 1.972516
v -2.149258 1.393154 1.881950
v -2.234213 -1.863879 1.279131
v -2.509873 -1.372315 1.385359
v -2.693472 -0.812328 1.478939
v -2.775687 -0.211891 1.533815
v -2.754188 0.395063 1.536327
v -2.628968 0.973745 1.497423
v -2.407083 1.494148 1.440625
v -2.418685 -1.920394 0.750984
v -2.727007 -1.404330 0.832596
v -2.934159 -0.820144 0.905538
v -3.025735 -0.194343 0.953460
v -2.996136 0.437674 0.966197
v -2.848947 1.039819 0.950897
v -2.596699 1.584300 0.921454
v -2.523160 -1.924354 0.180151
v -2.843640 -1.399809 0.237002
v -3.061215 -0.805623 0.286114
v -3.157262 -0.168599 0.324347
v -3.123386 0.473781 0.349163
v -2.966081 1.083967 0.359586
v -2.702206 1.634973 0.356196
v -2.541662 -1.866700 -0.396631
v -2.854724 -1.348234 -0.367074
v -3.066386 -0.762087 -0.344131
v -3.159559 -0.135998 -0.317207
v -3.127147 0.494066 -0.280671
v -2.974527 1.093000 -0.243862
v -2.717025 1.634398 -0.220095
v -2.472677 -1.760116 -0.943286
v -2.758636 -1.263521 -0.946238
v -2.951248 -0.699657 -0.950022
v -3.036491 -0.098632 -0.933768
v -3.009825 0.504813 -0.887719
v -2.873959 1.077402 -0.825525
v -2.640872 1.591576 -0.771109
v -2.322667 -1.635114 -1.426025
v -2.561713 -1.171368 -1.472225
v -2.727088 -0.633986 -1.504320
v -2.802862 -0.058637 -1.497482
v -2.783878 0.517608 -1.443617
v -2.672836 1.058900 -1.355215
v -2.482806 1.532263 -1.260861
vn 0.4821 0.6346 -0.6040
vn -0.6654 0.5695 -0.4826
vn 0.6060 0.5815 0.5427
vn -0.5435 0.5190 0.6597
vn 0.5435 -0.5190 -0.6597
vn -0.6060 -0.5815 -0.5427
vn 0.6654 -0.5695 0.4826
vn -0.4821 -0.6346 0.6040
vn 0.6372 0.6334 0.4390
vn 0.6633 0.6852 0.3011
vn 0.6748 0.7250 0.1379
vn 0.6663 0.7447 -0.0372
vn 0.6372 0.7412 -0.2111
vn 0.5908 0.7164 -0.3712
vn 0.5354 0.6772 -0.5048
vn 0.3730 0.6759 -0.6356
vn 0.2296 0.7134 -0.6621
vn 0.0623 0.7362 -0.6738
vn -0.1144 0.7376 -0.6655
vn -0.2871 0.7159 -0.6364
vn -0.4434 0.6745 -0.5903
vn -0.5717 0.6218 -0.5353
vn -0.7010 0.6068 -0.3748
vn -0.7312 0.6410 -0.2333
vn -0.7459 0.6626 -0.0680
vn -0.7389 0.6653 0.1071
vn -0.7091 0.6475 0.2792
vn -0.6602 0.6118 0.4357
vn -0.6009 0.5655 0.5649
vn -0.4398 0.5674 0.6962
vn -0.3016 0.6161 0.7276
vn -0.1380 0.6545 0.7434
vn 0.0377 0.6746 0.7372
vn 0.2123 0.6737 0.7079
vn 0.3728 0.6530 0.6592
vn 0.5068 0.6190 0.6000
vn 0.7092 -0.4677 0.5275
vn 0.7496 -0.3315 0.5728
vn 0.7752 -0.1695 0.6086
vn 0.7784 0.0056 0.6277
vn 0.7575 0.1809 0.6273
vn 0.7154 0.3433 0.6086
vn 0.6607 0.4797 0.5773
vn -0.5779 0.4129 0.7039
vn -0.6092 0.2724 0.7448
vn -0.6280 0.1069 0.7708
vn -0.6286 -0.0698 0.7746
vn -0.6096 -0.2446 0.7541
vn -0.5735 -0.4044 0.7124
vn -0.5276 -0.5370 0.6582
vn -0.3730 -0.6759 0.6356
vn -0.2296 -0.7134 0.6621
vn -0.0623 -0.7362 0.6738
vn 0.1144 -0.7376 0.6655
vn 0.2871 -0.7159 0.6364
vn 0.4434 -0.6745 0.5903
vn 0.5717 -0.6218 0.5353
vn 0.6009 -0.5655 -0.5649
vn 0.6602 -0.6118 -0.4357
vn 0.7091 -0.6475 -0.2792
vn 0.7389 -0.6653 -0.1071
vn 0.7459 -0.6626 0.0680
vn 0.7312 -0.6410 0.2333
vn 0.7010 -0.6068 0.3748
vn -0.5354 -0.6772 0.5048
vn -0.5908 -0.7164 0.3712
vn -0.6372 -0.7412 0.2111
vn -0.6663 -0.7447 0.0372
vn -0.6748 -0.7250 -0.1379
vn -0.6633 -0.6852 -0.3011
vn -0.6372 -0.6334 -0.4390
vn -0.5068 -0.6190 -0.6000
vn -0.3728 -0.6530 -0.6592
vn -0.2123 -0.6737 -0.7079
vn -0.0377 -0.6746 -0.7372
vn 0.1380 -0.6545 -0.7434
vn 0.3016 -0.6161 -0.7276
vn 0.4398 -0.5674 -0.6962
vn 0.5276 0.5370 -0.6582
vn 0.5735 0.4044 -0.7124
vn 0.6096 0.2446 -0.7541
vn 0.6286 0.0698 -0.7746
vn 0.6280 -0.1069 -0.7708
vn 0.6092 -0.2724 -0.7448
vn 0.5779 -0.4129 -0.7039
vn -0.6607 -0.4797 -0.5773
vn -0.7154 -0.3433 -0.6086
vn -0.7575 -0.1809 -0.6273
vn -0.7784 -0.0056 -0.6277
vn -0.7752 0.1695 -0.6086
vn -0.7496 0.3315 -0.5728
vn -0.7092 0.4677 -0.5275
vn 0.4007 0.7638 -0.5059
vn 0.2474 0.8176 -0.5199
vn 0.0754 0.8485 -0.5238
vn -0.1051 0.8520 -0.5130
vn -0.2817 0.8274 -0.4859
vn -0.4433 0.7771 -0.4467
vn -0.5817 0.7070 -0.4023
vn 0.4456 0.8195 -0.3604
vn 0.2790 0.8909 -0.3584
vn 0.0971 0.9304 -0.3533
vn -0.0917 0.9362 -0.3392
vn -0.2769 0.9081 -0.3141
vn -0.4488 0.8479 -0.2821
vn -0.6013 0.7586 -0.2509
vn 0.4852 0.8526 -0.1941
vn 0.3116 0.9329 -0.1808
vn 0.1221 0.9784 -0.1668
vn -0.0746 0.9860 -0.1489
vn -0.2679 0.9551 -0.1263
vn -0.4484 0.8880 -0.1020
vn -0.6090 0.7891 -0.0808
vn 0.5126 0.8585 -0.0160
vn 0.3373 0.9414 0.0062
vn 0.1455 0.9890 0.0284
vn -0.0542 0.9973 0.0498
vn -0.2513 0.9654 0.0691
vn -0.4356 0.8961 0.0854
vn -0.5995 0.7944 0.0982
vn 0.5239 0.8361 0.1626
vn 0.3521 0.9159 0.1928
vn 0.1643 0.9610 0.2225
vn -0.0317 0.9686 0.2466
vn -0.2260 0.9382 0.2621
vn -0.4085 0.8719 0.2701
vn -0.5711 0.7737 0.2742
vn 0.5204 0.7877 0.3298
vn 0.3579 0.8578 0.3688
vn 0.1795 0.8964 0.4053
vn -0.0082 0.9021 0.4315
vn -0.1952 0.8749 0.4432
vn -0.3710 0.8164 0.4426
vn -0.5279 0.7287 0.4362
vn 0.5071 0.7186 0.4758
vn 0.3609 0.7699 0.5262
vn 0.1940 0.7992 0.5689
vn 0.0152 0.8025 0.5964
vn -0.1639 0.7792 0.6050
vn -0.3312 0.7314 0.5962
vn -0.4771 0.6642 0.5756
vn 0.5426 0.4880 0.6837
vn 0.4012 0.5101 0.7608
vn 0.2369 0.5232 0.8186
vn 0.0588 0.5218 0.8510
vn -0.1213 0.5039 0.8552
vn -0.2915 0.4728 0.8316
vn -0.4422 0.4350 0.7844
vn 0.5892 0.3401 0.7329
vn 0.4371 0.3468 0.8298
vn 0.2642 0.3514 0.8982
vn 0.0781 0.3471 0.9346
vn -0.1111 0.3314 0.9369
vn -0.2930 0.3079 0.9052
vn -0.4604 0.2840 0.8411
vn 0.6259 0.1717 0.7608
vn 0.4680 0.1674 0.8678
vn 0.2883 0.1631 0.9435
vn 0.0947 0.1551 0.9833
vn -0.1029 0.1422 0.9845
vn -0.2942 0.1268 0.9473
vn -0.4709 0.1132 0.8749
vn 0.6454 -0.0077 0.7638
vn 0.4860 -0.0210 0.8737
vn 0.3043 -0.0338 0.9520
vn 0.1077 -0.0454 0.9931
vn -0.0935 -0.0552 0.9941
vn -0.2886 -0.0626 0.9554
vn -0.4687 -0.0675 0.8808
vn 0.6443 -0.1866 0.7416
vn 0.4877 -0.2084 0.8478
vn 0.3093 -0.2291 0.9229
vn 0.1163 -0.2440 0.9628
vn -0.0815 -0.2504 0.9647
vn -0.2738 -0.2498 0.9288
vn -0.4517 -0.2462 0.8575
vn 0.6251 -0.3532 0.6960
vn 0.4757 -0.3844 0.7912
vn 0.3052 -0.4126 0.8583
vn 0.1202 -0.4302 0.8947
vn -0.0694 -0.4335 0.8985
vn -0.2532 -0.4249 0.8691
vn -0.4231 -0.4111 0.8074
vn 0.5940 -0.4981 0.6317
vn 0.4570 -0.5415 0.7057
vn 0.2961 -0.5765 0.7616
vn 0.1195 -0.5962 0.7939
vn -0.0613 -0.5969 0.8000
vn -0.2343 -0.5807 0.7797
vn -0.3891 -0.5534 0.7364
vn 0.5817 -0.7070 0.4023
vn 0.4433 -0.7771 0.4467
vn 0.2817 -0.8274 0.4859
vn 0.1051 -0.8520 0.5130
vn -0.0754 -0.8485 0.5238
vn -0.2474 -0.8176 0.5199
vn -0.4007 -0.7638 0.5059
vn 0.6013 -0.7586 0.2509
vn 0.4488 -0.8479 0.2821
vn 0.2769 -0.9081 0.3141
vn 0.0917 -0.9362 0.3392
vn -0.0971 -0.9304 0.3533
vn -0.2790 -0.8909 0.3584
vn -0.4456 -0.8195 0.3604
vn 0.6090 -0.7891 0.0808
vn 0.4484 -0.8880 0.1020
vn 0.2679 -0.9551 0.1263
vn 0.0746 -0.9860 0.1489
vn -0.1221 -0.9784 0.1668
vn -0.3116 -0.9329 0.1808
vn -0.4852 -0.8526 0.1941
vn 0.5995 -0.7944 -0.0982
vn 0.4356 -0.8961 -0.0854
vn 0.2513 -0.9654 -0.0691
vn 0.0542 -0.9973 -0.0498
vn -0.1455 -0.9890 -0.0284
vn -0.3373 -0.9414 -0.0062
vn -0.5126 -0.8585 0.0160
vn 0.5711 -0.7737 -0.2742
vn 0.4085 -0.8719 -0.2701
vn 0.2260 -0.9382 -0.2621
vn 0.0317 -0.9686 -0.2466
vn -0.1643 -0.9610 -0.2225
vn -0.3521 -0.9159 -0.1928
vn -0.5239 -0.8361 -0.1626
vn 0.5279 -0.7287 -0.4362
vn 0.3710 -0.8164 -0.4426
vn 0.1952 -0.8749 -0.4432
vn 0.0082 -0.9021 -0.4315
vn -0.1795 -0.8964 -0.4053
vn -0.3579 -0.8578 -0.3688
vn -0.5204 -0.7877 -0.3298
vn 0.4771 -0.6642 -0.5756
vn 0.3312 -0.7314 -0.5962
vn 0.1639 -0.7792 -0.6050
vn -0.0152 -0.8025 -0.5964
vn -0.1940 -0.7992 -0.5689
vn -0.3609 -0.7699 -0.5262
vn -0.5071 -0.7186 -0.4758
vn 0.4422 -0.4350 -0.7844
vn 0.2915 -0.4728 -0.8316
vn 0.1213 -0.5039 -0.8552
vn -0.0588 -0.5218 -0.8510
vn -0.2369 -0.5232 -0.8186
vn -0.4012 -0.5101 -0.7608
vn -0.5426 -0.4880 -0.6837
vn 0.4604 -0.2840 -0.8411
vn 0.2930 -0.3079 -0.9052
vn 0.1111 -0.3314 -0.9369
vn -0.0781 -0.3471 -0.9346
vn -0.2642 -0.3514 -0.8982
vn -0.4371 -0.3468 -0.8298
vn -0.5892 -0.3401 -0.7329
vn 0.4709 -0.1132 -0.8749
vn 0.2942 -0.1268 -0.9473
vn 0.1029 -0.1422 -0.9845
vn -0.0947 -0.1551 -0.9833
vn -0.2883 -0.1631 -0.9435
vn -0.4680 -0.1674 -0.8678
vn -0.6259 -0.1717 -0.7608
vn 0.4687 0.0675 -0.8808
vn 0.2886 0.0626 -0.9554
vn 0.0935 0.0552 -0.9941
vn -0.1077 0.0454 -0.9931
vn -0.3043 0.0338 -0.9520
vn -0.4860 0.0210 -0.8737
vn -0.6454 0.0077 -0.7638
vn 0.4517 0.2462 -0.8575
vn 0.2738 0.2498 -0.9288
vn 0.0815 0.2504 -0.9647
vn -0.1163 0.2440 -0.9628
vn -0.3093 0.2291 -0.9229
vn -0.4877 0.2084 -0.8478
vn -0.6443 0.1866 -0.7416
vn 0.4231 0.4111 -0.8074
vn 0.2532 0.4249 -0.8691
vn 0.0694 0.4335 -0.8985
vn -0.1202 0.4302 -0.8947
vn -0.3052 0.4126 -0.8583
vn -0.4757 0.3844 -0.7912
vn -0.6251 0.3532 -0.6960
vn 0.3891 0.5534 -0.7364
vn 0.2343 0.5807 -0.7797
vn 0.0613 0.5969 -0.8000
vn -0.1195 0.5962 -0.7939
vn -0.2961 0.5765 -0.7616
vn -0.4570 0.5415 -0.7057
vn -0.5940 0.4981 -0.6317
vn 0.7383 0.5095 0.4419
vn 0.8095 0.3644 0.4603
vn 0.8597 0.1976 0.4710
vn 0.8830 0.0188 0.4689
vn 0.8774 -0.1604 0.4522
vn 0.8441 -0.3282 0.4240
vn 0.7881 -0.4757 0.3906
vn 0.7812 0.5520 0.2917
vn 0.8706 0.3946 0.2939
vn 0.9300 0.2185 0.2956
vn 0.9563 0.0314 0.2905
vn 0.9483 -0.1565 0.2763
vn 0.9066 -0.3352 0.2563
vn 0.8339 -0.4980 0.2378
vn 0.8013 0.5856 0.1223
vn 0.8997 0.4215 0.1131
vn 0.9655 0.2380 0.1059
vn 0.9943 0.0431 0.0974
vn 0.9845 -0.1531 0.0862
vn 0.9372 -0.3406 0.0747
vn 0.8564 -0.5120 0.0670
vn 0.7954 0.6035 -0.0570
vn 0.8961 0.4375 -0.0749
vn 0.9637 0.2514 -0.0903
vn 0.9933 0.0532 -0.1021
vn 0.9831 -0.1466 -0.1099
vn 0.9344 -0.3377 -0.1132
vn 0.8515 -0.5121 -0.1122
vn 0.7631 0.6022 -0.2344
vn 0.8600 0.4389 -0.2603
vn 0.9243 0.2560 -0.2831
vn 0.9526 0.0612 -0.2978
vn 0.9436 -0.1355 -0.3020
vn 0.8981 -0.3240 -0.2973
vn 0.8190 -0.4964 -0.2880
vn 0.7072 0.5841 -0.3984
vn 0.7930 0.4285 -0.4330
vn 0.8495 0.2536 -0.4627
vn 0.8749 0.0667 -0.4797
vn 0.8684 -0.1222 -0.4806
vn 0.8302 -0.3029 -0.4681
vn 0.7613 -0.4677 -0.4491
vn 0.6328 0.5552 -0.5397
vn 0.6976 0.4130 -0.5855
vn 0.7433 0.2481 -0.6213
vn 0.7652 0.0696 -0.6400
vn 0.7618 -0.1109 -0.6383
vn 0.7336 -0.2815 -0.6186
vn 0.6844 -0.4324 -0.5871
vn -0.6328 -0.5552 0.5397
vn -0.6976 -0.4130 0.5855
vn -0.7433 -0.2481 0.6213
vn -0.7652 -0.0696 0.6400
vn -0.7618 0.1109 0.6383
vn -0.7336 0.2815 0.6186
vn -0.6844 0.4324 0.5871
vn -0.7072 -0.5841 0.3984
vn -0.7930 -0.4285 0.4330
vn -0.8495 -0.2536 0.4627
vn -0.8749 -0.0667 0.4797
vn -0.8684 0.1222 0.4806
vn -0.8302 0.3029 0.4681
vn -0.7613 0.4677 0.4491
vn -0.7631 -0.6022 0.2344
vn -0.8600 -0.4389 0.2603
vn -0.9243 -0.2560 0.2831
vn -0.9526 -0.0612 0.2978
vn -0.9436 0.1355 0.3020
vn -0.8981 0.3240 0.2973
vn -0.8190 0.4964 0.2880
vn -0.7954 -0.6035 0.0570
vn -0.8961 -0.4375 0.0749
vn -0.9637 -0.2514 0.0903
vn -0.9933 -0.0532 0.1021
vn -0.9831 0.1466 0.1099
vn -0.9344 0.3377 0.1132
vn -0.8515 0.5121 0.1122
vn -0.8013 -0.5856 -0.1223
vn -0.8997 -0.4215 -0.1131
vn -0.9655 -0.2380 -0.1059
vn -0.9943 -0.0431 -0.0974
vn -0.9845 0.1531 -0.0862
vn -0.9372 0.3406 -0.0747
vn -0.8564 0.5120 -0.0670
vn -0.7812 -0.5520 -0.2917
vn -0.8706 -0.3946 -0.2939
vn -0.9300 -0.2185 -0.2956
vn -0.9563 -0.0314 -0.2905
vn -0.9483 0.1565 -0.2763
vn -0.9066 0.3352 -0.2563
vn -0.8339 0.4980 -0.2378
vn -0.7383 -0.5095 -0.4419
vn -0.8095 -0.3644 -0.4603
vn -0.8597 -0.1976 -0.4710
vn -0.8830 -0.0188 -0.4689
vn -0.8774 0.1604 -0.4522
vn -0.8441 0.3282 -0.4240
vn -0.7881 0.4757 -0.3906
vt 0.469450 0.947331
vt 0.438960 0.947331
vt 0.438960 0.906657
vt 0.469450 0.906657
vt 0.408469 0.947331
vt 0.408469 0.906657
vt 0.377979 0.947331
vt 0.377979 0.906657
vt 0.347489 0.947331
vt 0.347489 0.906657
vt 0.316998 0.947331
vt 0.316998 0.906657
vt 0.286508 0.947331
vt 0.286508 0.906657
vt 0.438960 0.865983
vt 0.469450 0.865983
vt 0.408469 0.865983
vt 0.377979 0.865983
vt 0.347489 0.865983
vt 0.316998 0.865983
vt 0.286508 0.865983
vt 0.438960 0.825310
vt 0.469450 0.825310
vt 0.408469 0.825310
vt 0.377979 0.825310
vt 0.347489 0.825310
vt 0.316998 0.825310
vt 0.286508 0.825310
vt 0.438960 0.784636
vt 0.469450 0.784636
vt 0.408469 0.784636
vt 0.377979 0.784636
vt 0.347489 0.784636
vt 0.316998 0.784636
vt 0.286508 0.784636
vt 0.438960 0.743963
vt 0.469450 0.743963
vt 0.408469 0.743963
vt 0.377979 0.743962
vt 0.347489 0.743962
vt 0.316998 0.743962
vt 0.286508 0.743963
vt 0.438960 0.703289
vt 0.469450 0.703289
vt 0.408469 0.703289
vt 0.377979 0.703289
vt 0.347489 0.703289
vt 0.316998 0.703289
vt 0.286508 0.703289
vt 0.499940 0.988004
vt 0.469450 0.988004
vt 0.499940 0.947331
vt 0.438960 0.988004
vt 0.408469 0.988004
vt 0.377979 0.988004
vt 0.347489 0.988004
vt 0.316998 0.988004
vt 0.286508 0.988004
vt 0.256018 0.988004
vt 0.256018 0.947331
vt 0.256018 0.906657
vt 0.256018 0.865983
vt 0.256018 0.825310
vt 0.256018 0.784636
vt 0.256018 0.743963
vt 0.256018 0.703289
vt 0.256018 0.662615
vt 0.286508 0.662615
vt 0.316998 0.662615
vt 0.347489 0.662615
vt 0.377979 0.662615
vt 0.408469 0.662615
vt 0.438960 0.662615
vt 0.469450 0.662615
vt 0.499940 0.703289
vt 0.499940 0.662615
vt 0.499940 0.743963
vt 0.499940 0.784636
vt 0.499940 0.825310
vt 0.499940 0.865983
vt 0.499940 0.906657
vt 0.469450 0.621961
vt 0.438960 0.621961
vt 0.438960 0.581308
vt 0.469450 0.581308
vt 0.408469 0.621961
vt 0.408469 0.581308
vt 0.377979 0.621961
vt 0.377979 0.581308
vt 0.347489 0.621961
vt 0.347489 0.581308
vt 0.316998 0.621961
vt 0.316998 0.581308
vt 0.286508 0.621961
vt 0.286508 0.581308
vt 0.438960 0.540654
vt 0.469450 0.540654
vt 0.408469 0.540654
vt 0.377979 0.540654
vt 0.347489 0.540654
vt 0.316998 0.540654
vt 0.286508 0.540654
vt 0.438960 0.500000
vt 0.469450 0.500000
vt 0.408469 0.500000
vt 0.377979 0.500000
vt 0.347489 0.500000
vt 0.316998 0.500000
vt 0.286508 0.500000
vt 0.438960 0.459346
vt 0.469450 0.459346
vt 0.408469 0.459346
vt 0.377979 0.459346
vt 0.347489 0.459346
vt 0.316998 0.459346
vt 0.286508 0.459346
vt 0.438960 0.418692
vt 0.469450 0.418692
vt 0.408469 0.418692
vt 0.377979 0.418692
vt 0.347489 0.418692
vt 0.316998 0.418692
vt 0.286508 0.418692
vt 0.438960 0.378039
vt 0.469450 0.378039
vt 0.408469 0.378039
vt 0.377979 0.378039
vt 0.347489 0.378039
vt 0.316998 0.378039
vt 0.286508 0.378039
vt 0.499940 0.621961
vt 0.256018 0.621961
vt 0.256018 0.581308
vt 0.256018 0.540654
vt 0.256018 0.500000
vt 0.256018 0.459346
vt 0.256018 0.418692
vt 0.256018 0.378039
vt 0.256018 0.337385
vt 0.286508 0.337385
vt 0.316998 0.337385
vt 0.347489 0.337385
vt 0.377979 0.337385
vt 0.408469 0.337385
vt 0.438960 0.337385
vt 0.469450 0.337385
vt 0.499940 0.378039
vt 0.499940 0.337385
vt 0.499940 0.418692
vt 0.499940 0.459346
vt 0.499940 0.500000
vt 0.499940 0.540654
vt 0.499940 0.581308
vt 0.469450 0.296711
vt 0.438960 0.296711
vt 0.438960 0.256037
vt 0.469450 0.256037
vt 0.408469 0.296711
vt 0.408469 0.256037
vt 0.377979 0.296711
vt 0.377979 0.256038
vt 0.347489 0.296711
vt 0.347489 0.256037
vt 0.316998 0.296711
vt 0.316998 0.256037
vt 0.286508 0.296711
vt 0.286508 0.256037
vt 0.438960 0.215364
vt 0.469450 0.215364
vt 0.408469 0.215364
vt 0.377979 0.215364
vt 0.347489 0.215364
vt 0.316998 0.215364
vt 0.286508 0.215364
vt 0.438960 0.174690
vt 0.469450 0.174690
vt 0.408469 0.174690
vt 0.377979 0.174690
vt 0.347489 0.174690
vt 0.316998 0.174690
vt 0.286508 0.174690
vt 0.438960 0.134017
vt 0.469450 0.134017
vt 0.408469 0.134017
vt 0.377979 0.134017
vt 0.347489 0.134017
vt 0.316998 0.134017
vt 0.286508 0.134017
vt 0.438960 0.093343
vt 0.469450 0.093343
vt 0.408469 0.093343
vt 0.377979 0.093343
vt 0.347489 0.093343
vt 0.316998 0.093343
vt 0.286508 0.093343
vt 0.438960 0.052669
vt 0.469450 0.052669
vt 0.408469 0.052669
vt 0.377979 0.052669
vt 0.347489 0.052669
vt 0.316998 0.052669
vt 0.286508 0.052669
vt 0.499940 0.296711
vt 0.256018 0.296711
vt 0.256018 0.256038
vt 0.256018 0.215364
vt 0.256018 0.174690
vt 0.256018 0.134017
vt 0.256018 0.093343
vt 0.256018 0.052669
vt 0.256018 0.011996
vt 0.286508 0.011996
vt 0.316998 0.011996
vt 0.347489 0.011996
vt 0.377979 0.011996
vt 0.408469 0.011996
vt 0.438960 0.011996
vt 0.469450 0.011996
vt 0.499940 0.052669
vt 0.499940 0.011996
vt 0.499940 0.093343
vt 0.499940 0.134017
vt 0.499940 0.174690
vt 0.499940 0.215364
vt 0.499940 0.256038
vt 0.774488 0.378039
vt 0.804993 0.378039
vt 0.804993 0.418692
vt 0.774488 0.418692
vt 0.835498 0.378039
vt 0.835498 0.418692
vt 0.866003 0.378039
vt 0.866003 0.418692
vt 0.896509 0.378039
vt 0.896509 0.418692
vt 0.927014 0.378039
vt 0.927014 0.418692
vt 0.957519 0.378039
vt 0.957519 0.418692
vt 0.804993 0.459346
vt 0.774488 0.459346
vt 0.835498 0.459346
vt 0.866003 0.459346
vt 0.896509 0.459346
vt 0.927014 0.459346
vt 0.957519 0.459346
vt 0.804993 0.500000
vt 0.774488 0.500000
vt 0.835498 0.500000
vt 0.866003 0.500000
vt 0.896509 0.500000
vt 0.927014 0.500000
vt 0.957519 0.500000
vt 0.804993 0.540654
vt 0.774488 0.540654
vt 0.835498 0.540654
vt 0.866003 0.540654
vt 0.896509 0.540654
vt 0.927014 0.540654
vt 0.957519 0.540654
vt 0.804993 0.581308
vt 0.774488 0.581308
vt 0.835498 0.581308
vt 0.866003 0.581308
vt 0.896509 0.581308
vt 0.927014 0.581308
vt 0.957519 0.581308
vt 0.804993 0.621961
vt 0.774488 0.621961
vt 0.835498 0.621961
vt 0.866003 0.621961
vt 0.896509 0.621961
vt 0.927014 0.621961
vt 0.957519 0.621961
vt 0.743982 0.337385
vt 0.774488 0.337385
vt 0.743982 0.378039
vt 0.804993 0.337385
vt 0.835498 0.337385
vt 0.866003 0.337385
vt 0.896509 0.337385
vt 0.927014 0.337385
vt 0.957519 0.337385
vt 0.988024 0.337385
vt 0.988024 0.378039
vt 0.988024 0.418692
vt 0.988024 0.459346
vt 0.988024 0.500000
vt 0.988024 0.540654
vt 0.988024 0.581308
vt 0.988024 0.621961
vt 0.988024 0.662615
vt 0.957519 0.662615
vt 0.927014 0.662615
vt 0.896509 0.662615
vt 0.866003 0.662615
vt 0.835498 0.662615
vt 0.804993 0.662615
vt 0.774488 0.662615
vt 0.743982 0.621961
vt 0.743982 0.662615
vt 0.743982 0.581308
vt 0.743982 0.540654
vt 0.743982 0.500000
vt 0.743982 0.459346
vt 0.743982 0.418692
vt 0.530446 0.621961
vt 0.530446 0.581308
vt 0.560951 0.581308
vt 0.560951 0.621961
vt 0.530446 0.540654
vt 0.560951 0.540654
vt 0.530446 0.500000
vt 0.560951 0.500000
vt 0.530446 0.459346
vt 0.560951 0.459346
vt 0.530446 0.418692
vt 0.560951 0.418692
vt 0.530446 0.378039
vt 0.560951 0.378039
vt 0.591456 0.581308
vt 0.591456 0.621961
vt 0.591456 0.540654
vt 0.591456 0.500000
vt 0.591456 0.459346
vt 0.591456 0.418692
vt 0.591456 0.378039
vt 0.621961 0.581308
vt 0.621961 0.621961
vt 0.621961 0.540654
vt 0.621961 0.500000
vt 0.621961 0.459346
vt 0.621961 0.418692
vt 0.621961 0.378039
vt 0.652467 0.581308
vt 0.652467 0.621961
vt 0.652467 0.540654
vt 0.652467 0.500000
vt 0.652467 0.459346
vt 0.652467 0.418692
vt 0.652467 0.378039
vt 0.682972 0.581308
vt 0.682972 0.621961
vt 0.682972 0.540654
vt 0.682972 0.500000
vt 0.682972 0.459346
vt 0.682972 0.418692
vt 0.682972 0.378039
vt 0.713477 0.581308
vt 0.713477 0.621961
vt 0.713477 0.540654
vt 0.713477 0.500000
vt 0.713477 0.459346
vt 0.713477 0.418692
vt 0.713477 0.378039
vt 0.530446 0.662615
vt 0.530446 0.337385
vt 0.560951 0.337385
vt 0.591456 0.337385
vt 0.621961 0.337385
vt 0.652467 0.337385
vt 0.682972 0.337385
vt 0.713477 0.337385
vt 0.713477 0.662615
vt 0.682972 0.662615
vt 0.652467 0.662615
vt 0.621961 0.662615
vt 0.591456 0.662615
vt 0.560951 0.662615
vt 0.225512 0.378039
vt 0.225512 0.418692
vt 0.195007 0.418692
vt 0.195007 0.378039
vt 0.225512 0.459346
vt 0.195007 0.459346
vt 0.225512 0.500000
vt 0.195007 0.500000
vt 0.225512 0.540654
vt 0.195007 0.540654
vt 0.225512 0.581308
vt 0.195007 0.581308
vt 0.225512 0.621961
vt 0.195007 0.621961
vt 0.164502 0.418692
vt 0.164502 0.378039
vt 0.164502 0.459346
vt 0.164502 0.500000
vt 0.164502 0.540654
vt 0.164502 0.581308
vt 0.164502 0.621961
vt 0.133997 0.418692
vt 0.133997 0.378039
vt 0.133997 0.459346
vt 0.133997 0.500000
vt 0.133997 0.540654
vt 0.133997 0.581308
vt 0.133997 0.621961
vt 0.103491 0.418692
vt 0.103491 0.378039
vt 0.103491 0.459346
vt 0.103491 0.500000
vt 0.103491 0.540654
vt 0.103491 0.581308
vt 0.103491 0.621961
vt 0.072986 0.418692
vt 0.072986 0.378039
vt 0.072986 0.459346
vt 0.072986 0.500000
vt 0.072986 0.540654
vt 0.072986 0.581308
vt 0.072986 0.621961
vt 0.042481 0.418692
vt 0.042481 0.378039
vt 0.042481 0.459346
vt 0.042481 0.500000
vt 0.042481 0.540654
vt 0.042481 0.581308
vt 0.042481 0.621961
vt 0.225512 0.337385
vt 0.225512 0.662615
vt 0.195007 0.662615
vt 0.164502 0.662615
vt 0.133997 0.662615
vt 0.103491 0.662615
vt 0.072986 0.662615
vt 0.042481 0.662615
vt 0.011976 0.662615
vt 0.011976 0.621961
vt 0.011976 0.581308
vt 0.011976 0.540654
vt 0.011976 0.500000
vt 0.011976 0.459346
vt 0.011976 0.418692
vt 0.011976 0.378039
vt 0.042481 0.337385
vt 0.011976 0.337385
vt 0.072986 0.337385
vt 0.103491 0.337385
vt 0.133997 0.337385
vt 0.164502 0.337385
vt 0.195007 0.337385
s 1
usemtl Atmosphere
f 865/883/865 866/884/866 873/885/873 872/886/872
f 866/884/866 867/887/867 874/888/874 873/885/873
f 867/887/867 868/889/868 875/890/875 874/888/874
f 868/889/868 869/891/869 876/892/876 875/890/875
f 869/891/869 870/893/870 877/894/877 876/892/876
f 870/893/870 871/895/871 878/896/878 877/894/877
f 872/886/872 873/885/873 880/897/880 879/898/879
f 873/885/873 874/888/874 881/899/881 880/897/880
f 874/888/874 875/890/875 882/900/882 881/899/881
f 875/890/875 876/892/876 883/901/883 882/900/882
f 876/892/876 877/894/877 884/902/884 883/901/883
f 877/894/877 878/896/878 885/903/885 884/902/884
f 879/898/879 880/897/880 887/904/887 886/905/886
f 880/897/880 881/899/881 888/906/888 887/904/887
f 881/899/881 882/900/882 889/907/889 888/906/888
f 882/900/882 883/901/883 890/908/890 889/907/889
f 883/901/883 884/902/884 891/909/891 890/908/890
f 884/902/884 885/903/885 892/910/892 891/909/891
f 886/905/886 887/904/887 894/911/894 893/912/893
f 887/904/887 888/906/888 895/913/895 894/911/894
f 888/906/888 889/907/889 896/914/896 895/913/895
f 889/907/889 890/908/890 897/915/897 896/914/896
f 890/908/890 891/909/891 898/916/898 897/915/897
f 891/909/891 892/910/892 899/917/899 898/916/898
f 893/912/893 894/911/894 901/918/901 900/919/900
f 894/911/894 895/913/895 902/920/902 901/918/901
f 895/913/895 896/914/896 903/921/903 902/920/902
f 896/914/896 897/915/897 904/922/904 903/921/903
f 897/915/897 898/916/898 905/923/905 904/922/904
f 898/916/898 899/917/899 906/924/906 905/923/905
f 900/919/900 901/918/901 908/925/908 907/926/907
f 901/918/901 902/920/902 909/927/909 908/925/908
f 902/920/902 903/921/903 910/928/910 909/927/909
f 903/921/903 904/922/904 911/929/911 910/928/910
f 904/922/904 905/923/905 912/930/912 911/929/911
f 905/923/905 906/924/906 913/931/913 912/930/912
f 773/932/773 788/933/788 865/883/865 787/934/787
f 788/933/788 789/935/789 866/884/866 865/883/865
f 789/935/789 790/936/790 867/887/867 866/884/866
f 790/936/790 791/937/791 868/889/868 867/887/867
f 791/937/791 792/938/792 869/891/869 868/889/868
f 792/938/792 793/939/793 870/893/870 869/891/869
f 793/939/793 794/940/794 871/895/871 870/893/870
f 794/940/794 774/941/774 795/942/795 871/895/871
f 871/895/871 795/942/795 796/943/796 878/896/878
f 878/896/878 796/943/796 797/944/797 885/903/885
f 885/903/885 797/944/797 798/945/798 892/910/892
f 892/910/892 798/945/798 799/946/799 899/917/899
f 899/917/899 799/946/799 800/947/800 906/924/906
f 906/924/906 800/947/800 801/948/801 913/931/913
f 913/931/913 801/948/801 776/949/776 802/950/802
f 912/930/912 913/931/913 802/950/802 803/951/803
f 911/929/911 912/930/912 803/951/803 804/952/804
f 910/928/910 911/929/911 804/952/804 805/953/805
f 909/927/909 910/928/910 805/953/805 806/954/806
f 908/925/908 909/927/909 806/954/806 807/955/807
f 907/926/907 908/925/908 807/955/807 808/956/808
f 781/957/781 907/926/907 808/956/808 775/958/775
f 782/959/782 900/919/900 907/926/907 781/957/781
f 783/960/783 893/912/893 900/919/900 782/959/782
f 784/961/784 886/905/886 893/912/893 783/960/783
f 785/962/785 879/898/879 886/905/886 784/961/784
f 786/963/786 872/886/872 879/898/879 785/962/785
f 787/934/787 865/883/865 872/886/872 786/963/786
f 914/964/914 915/965/915 922/966/922 921/967/921
f 915/965/915 916/968/916 923/969/923 922/966/922
f 916/968/916 917/970/917 924/971/924 923/969/923
f 917/970/917 918/972/918 925/973/925 924/971/924
f 918/972/918 919/974/919 926/975/926 925/973/925
f 919/974/919 920/976/920 927/977/927 926/975/926
f 921/967/921 922/966/922 929/978/929 928/979/928
f 922/966/922 923/969/923 930/980/930 929/978/929
f 923/969/923 924/971/924 931/981/931 930/980/930
f 924/971/924 925/973/925 932/982/932 931/981/931
f 925/973/925 926/975/926 933/983/933 932/982/932
f 926/975/926 927/977/927 934/984/934 933/983/933
f 928/979/928 929/978/929 936/985/936 935/986/935
f 929/978/929 930/980/930 937/987/937 936/985/936
f 930/980/930 931/981/931 938/988/938 937/987/937
f 931/981/931 932/982/932 939/989/939 938/988/938
f 932/982/932 933/983/933 940/990/940 939/989/939
f 933/983/933 934/984/934 941/991/941 940/990/940
f 935/986/935 936/985/936 943/992/943 942/993/942
f 936/985/936 937/987/937 944/994/944 943/992/943
f 937/987/937 938/988/938 945/995/945 944/994/944
f 938/988/938 939/989/939 946/996/946 945/995/945
f 939/989/939 940/990/940 947/997/947 946/996/946
f 940/990/940 941/991/941 948/998/948 947/997/947
f 942/993/942 943/992/943 950/999/950 949/1000/949
f 943/992/943 944/994/944 951/1001/951 950/999/950
f 944/994/944 945/995/945 952/1002/952 951/1001/951
f 945/995/945 946/996/946 953/1003/953 952/1002/952
f 946/996/946 947/997/947 954/1004/954 953/1003/953
f 947/997/947 948/998/948 955/1005/955 954/1004/954
f 949/1000/949 950/999/950 957/1006/957 956/1007/956
f 950/999/950 951/1001/951 958/1008/958 957/1006/957
f 951/1001/951 952/1002/952 959/1009/959 958/1008/958
f 952/1002/952 953/1003/953 960/1010/960 959/1009/959
f 953/1003/953 954/1004/954 961/1011/961 960/1010/960
f 954/1004/954 955/1005/955 962/1012/962 961/1011/961
f 775/958/775 808/956/808 914/964/914 815/1013/815
f 808/956/808 807/955/807 915/965/915 914/964/914
f 807/955/807 806/954/806 916/968/916 915/965/915
f 806/954/806 805/953/805 917/970/917 916/968/916
f 805/953/805 804/952/804 918/972/918 917/970/917
f 804/952/804 803/951/803 919/974/919 918/972/918
f 803/951/803 802/950/802 920/976/920 919/974/919
f 802/950/802 776/949/776 816/1014/816 920/976/920
f 920/976/920 816/1014/816 817/1015/817 927/977/927
f 927/977/927 817/1015/817 818/1016/818 934/984/934
f 934/984/934 818/1016/818 819/1017/819 941/991/941
f 941/991/941 819/1017/819 820/1018/820 948/998/948
f 948/998/948 820/1018/820 821/1019/821 955/1005/955
f 955/1005/955 821/1019/821 822/1020/822 962/1012/962
f 962/1012/962 822/1020/822 780/1021/780 823/1022/823
f 961/1011/961 962/1012/962 823/1022/823 824/1023/824
f 960/1010/960 961/1011/961 824/1023/824 825/1024/825
f 959/1009/959 960/1010/960 825/1024/825 826/1025/826
f 958/1008/958 959/1009/959 826/1025/826 827/1026/827
f 957/1006/957 958/1008/958 827/1026/827 828/1027/828
f 956/1007/956 957/1006/957 828/1027/828 829/1028/829
f 809/1029/809 956/1007/956 829/1028/829 779/1030/779
f 810/1031/810 949/1000/949 956/1007/956 809/1029/809
f 811/1032/811 942/993/942 949/1000/949 810/1031/810
f 812/1033/812 935/986/935 942/993/942 811/1032/811
f 813/1034/813 928/979/928 935/986/935 812/1033/812
f 814/1035/814 921/967/921 928/979/928 813/1034/813
f 815/1013/815 914/964/914 921/967/921 814/1035/814
f 963/1036/963 964/1037/964 971/1038/971 970/1039/970
f 964/1037/964 965/1040/965 972/1041/972 971/1038/971
f 965/1040/965 966/1042/966 973/1043/973 972/1041/972
f 966/1042/966 967/1044/967 974/1045/974 973/1043/973
f 967/1044/967 968/1046/968 975/1047/975 974/1045/974
f 968/1046/968 969/1048/969 976/1049/976 975/1047/975
f 970/1039/970 971/1038/971 978/1050/978 977/1051/977
f 971/1038/971 972/1041/972 979/1052/979 978/1050/978
f 972/1041/972 973/1043/973 980/1053/980 979/1052/979
f 973/1043/973 974/1045/974 981/1054/981 980/1053/980
f 974/1045/974 975/1047/975 982/1055/982 981/1054/981
f 975/1047/975 976/1049/976 983/1056/983 982/1055/982
f 977/1051/977 978/1050/978 985/1057/985 984/1058/984
f 978/1050/978 979/1052/979 986/1059/986 985/1057/985
f 979/1052/979 980/1053/980 987/1060/987 986/1059/986
f 980/1053/980 981/1054/981 988/1061/988 987/1060/987
f 981/1054/981 982/1055/982 989/1062/989 988/1061/988
f 982/1055/982 983/1056/983 990/1063/990 989/1062/989
f 984/1058/984 985/1057/985 992/1064/992 991/1065/991
f 985/1057/985 986/1059/986 993/1066/993 992/1064/992
f 986/1059/986 987/1060/987 994/1067/994 993/1066/993
f 987/1060/987 988/1061/988 995/1068/995 994/1067/994
f 988/1061/988 989/1062/989 996/1069/996 995/1068/995
f 989/1062/989 990/1063/990 997/1070/997 996/1069/996
f 991/1065/991 992/1064/992 999/1071/999 998/1072/998
f 992/1064/992 993/1066/993 1000/1073/1000 999/1071/999
f 993/1066/993 994/1067/994 1001/1074/1001 1000/1073/1000
f 994/1067/994 995/1068/995 1002/1075/1002 1001/1074/1001
f 995/1068/995 996/1069/996 1003/1076/1003 1002/1075/1002
f 996/1069/996 997/1070/997 1004/1077/1004 1003/1076/1003
f 998/1072/998 999/1071/999 1006/1078/1006 1005/1079/1005
f 999/1071/999 1000/1073/1000 1007/1080/1007 1006/1078/1006
f 1000/1073/1000 1001/1074/1001 1008/1081/1008 1007/1080/1007
f 1001/1074/1001 1002/1075/1002 1009/1082/1009 1008/1081/1008
f 1002/1075/1002 1003/1076/1003 1010/1083/1010 1009/1082/1009
f 1003/1076/1003 1004/1077/1004 1011/1084/1011 1010/1083/1010
f 779/1030/779 829/1028/829 963/1036/963 836/1085/836
f 829/1028/829 828/1027/828 964/1037/964 963/1036/963
f 828/1027/828 827/1026/827 965/1040/965 964/1037/964
f 827/1026/827 826/1025/826 966/1042/966 965/1040/965
f 826/1025/826 825/1024/825 967/1044/967 966/1042/966
f 825/1024/825 824/1023/824 968/1046/968 967/1044/967
f 824/1023/824 823/1022/823 969/1048/969 968/1046/968
f 823/1022/823 780/1021/780 837/1086/837 969/1048/969
f 969/1048/969 837/1086/837 838/1087/838 976/1049/976
f 976/1049/976 838/1087/838 839/1088/839 983/1056/983
f 983/1056/983 839/1088/839 840/1089/840 990/1063/990
f 990/1063/990 840/1089/840 841/1090/841 997/1070/997
f 997/1070/997 841/1090/841 842/1091/842 1004/1077/1004
f 1004/1077/1004 842/1091/842 843/1092/843 1011/1084/1011
f 1011/1084/1011 843/1092/843 778/1093/778 844/1094/844
f 1010/1083/1010 1011/1084/1011 844/1094/844 845/1095/845
f 1009/1082/1009 1010/1083/1010 845/1095/845 846/1096/846
f 1008/1081/1008 1009/1082/1009 846/1096/846 847/1097/847
f 1007/1080/1007 1008/1081/1008 847/1097/847 848/1098/848
f 1006/1078/1006 1007/1080/1007 848/1098/848 849/1099/849
f 1005/1079/1005 1006/1078/1006 849/1099/849 850/1100/850
f 830/1101/830 1005/1079/1005 850/1100/850 777/1102/777
f 831/1103/831 998/1072/998 1005/1079/1005 830/1101/830
f 832/1104/832 991/1065/991 998/1072/998 831/1103/831
f 833/1105/833 984/1058/984 991/1065/991 832/1104/832
f 834/1106/834 977/1051/977 984/1058/984 833/1105/833
f 835/1107/835 970/1039/970 977/1051/977 834/1106/834
f 836/1085/836 963/1036/963 970/1039/970 835/1107/835
f 1012/1108/1012 1013/1109/1013 1020/1110/1020 1019/1111/1019
f 1013/1109/1013 1014/1112/1014 1021/1113/1021 1020/1110/1020
f 1014/1112/1014 1015/1114/1015 1022/1115/1022 1021/1113/1021
f 1015/1114/1015 1016/1116/1016 1023/1117/1023 1022/1115/1022
f 1016/1116/1016 1017/1118/1017 1024/1119/1024 1023/1117/1023
f 1017/1118/1017 1018/1120/1018 1025/1121/1025 1024/1119/1024
f 1019/1111/1019 1020/1110/1020 1027/1122/1027 1026/1123/1026
f 1020/1110/1020 1021/1113/1021 1028/1124/1028 1027/1122/1027
f 1021/1113/1021 1022/1115/1022 1029/1125/1029 1028/1124/1028
f 1022/1115/1022 1023/1117/1023 1030/1126/1030 1029/1125/1029
f 1023/1117/1023 1024/1119/1024 1031/1127/1031 1030/1126/1030
f 1024/1119/1024 1025/1121/1025 1032/1128/1032 1031/1127/1031
f 1026/1123/1026 1027/1122/1027 1034/1129/1034 1033/1130/1033
f 1027/1122/1027 1028/1124/1028 1035/1131/1035 1034/1129/1034
f 1028/1124/1028 1029/1125/1029 1036/1132/1036 1035/1131/1035
f 1029/1125/1029 1030/1126/1030 1037/1133/1037 1036/1132/1036
f 1030/1126/1030 1031/1127/1031 1038/1134/1038 1037/1133/1037
f 1031/1127/1031 1032/1128/1032 1039/1135/1039 1038/1134/1038
f 1033/1130/1033 1034/1129/1034 1041/1136/1041 1040/1137/1040
f 1034/1129/1034 1035/1131/1035 1042/1138/1042 1041/1136/1041
f 1035/1131/1035 1036/1132/1036 1043/1139/1043 1042/1138/1042
f 1036/1132/1036 1037/1133/1037 1044/1140/1044 1043/1139/1043
f 1037/1133/1037 1038/1134/1038 1045/1141/1045 1044/1140/1044
f 1038/1134/1038 1039/1135/1039 1046/1142/1046 1045/1141/1045
f 1040/1137/1040 1041/1136/1041 1048/1143/1048 1047/1144/1047
f 1041/1136/1041 1042/1138/1042 1049/1145/1049 1048/1143/1048
f 1042/1138/1042 1043/1139/1043 1050/1146/1050 1049/1145/1049
f 1043/1139/1043 1044/1140/1044 1051/1147/1051 1050/1146/1050
f 1044/1140/1044 1045/1141/1045 1052/1148/1052 1051/1147/1051
f 1045/1141/1045 1046/1142/1046 1053/1149/1053 1052/1148/1052
f 1047/1144/1047 1048/1143/1048 1055/1150/1055 1054/1151/1054
f 1048/1143/1048 1049/1145/1049 1056/1152/1056 1055/1150/1055
f 1049/1145/1049 1050/1146/1050 1057/1153/1057 1056/1152/1056
f 1050/1146/1050 1051/1147/1051 1058/1154/1058 1057/1153/1057
f 1051/1147/1051 1052/1148/1052 1059/1155/1059 1058/1154/1058
f 1052/1148/1052 1053/1149/1053 1060/1156/1060 1059/1155/1059
f 777/1157/777 850/1158/850 1012/1108/1012 857/1159/857
f 850/1158/850 849/1160/849 1013/1109/1013 1012/1108/1012
f 849/1160/849 848/1161/848 1014/1112/1014 1013/1109/1013
f 848/1161/848 847/1162/847 1015/1114/1015 1014/1112/1014
f 847/1162/847 846/1163/846 1016/1116/1016 1015/1114/1015
f 846/1163/846 845/1164/845 1017/1118/1017 1016/1116/1016
f 845/1164/845 844/1165/844 1018/1120/1018 1017/1118/1017
f 844/1165/844 778/1166/778 858/1167/858 1018/1120/1018
f 1018/1120/1018 858/1167/858 859/1168/859 1025/1121/1025
f 1025/1121/1025 859/1168/859 860/1169/860 1032/1128/1032
f 1032/1128/1032 860/1169/860 861/1170/861 1039/1135/1039
f 1039/1135/1039 861/1170/861 862/1171/862 1046/1142/1046
f 1046/1142/1046 862/1171/862 863/1172/863 1053/1149/1053
f 1053/1149/1053 863/1172/863 864/1173/864 1060/1156/1060
f 1060/1156/1060 864/1173/864 774/1174/774 794/1175/794
f 1059/1155/1059 1060/1156/1060 794/1175/794 793/1176/793
f 1058/1154/1058 1059/1155/1059 793/1176/793 792/1177/792
f 1057/1153/1057 1058/1154/1058 792/1177/792 791/1178/791
f 1056/1152/1056 1057/1153/1057 791/1178/791 790/1179/790
f 1055/1150/1055 1056/1152/1056 790/1179/790 789/1180/789
f 1054/1151/1054 1055/1150/1055 789/1180/789 788/1181/788
f 851/1182/851 1054/1151/1054 788/1181/788 773/1183/773
f 852/1184/852 1047/1144/1047 1054/1151/1054 851/1182/851
f 853/1185/853 1040/1137/1040 1047/1144/1047 852/1184/852
f 854/1186/854 1033/1130/1033 1040/1137/1040 853/1185/853
f 855/1187/855 1026/1123/1026 1033/1130/1033 854/1186/854
f 856/1188/856 1019/1111/1019 1026/1123/1026 855/1187/855
f 857/1159/857 1012/1108/1012 1019/1111/1019 856/1188/856
f 1061/1189/1061 1062/1190/1062 1069/1191/1069 1068/1192/1068
f 1062/1190/1062 1063/1193/1063 1070/1194/1070 1069/1191/1069
f 1063/1193/1063 1064/1195/1064 1071/1196/1071 1070/1194/1070
f 1064/1195/1064 1065/1197/1065 1072/1198/1072 1071/1196/1071
f 1065/1197/1065 1066/1199/1066 1073/1200/1073 1072/1198/1072
f 1066/1199/1066 1067/1201/1067 1074/1202/1074 1073/1200/1073
f 1068/1192/1068 1069/1191/1069 1076/1203/1076 1075/1204/1075
f 1069/1191/1069 1070/1194/1070 1077/1205/1077 1076/1203/1076
f 1070/1194/1070 1071/1196/1071 1078/1206/1078 1077/1205/1077
f 1071/1196/1071 1072/1198/1072 1079/1207/1079 1078/1206/1078
f 1072/1198/1072 1073/1200/1073 1080/1208/1080 1079/1207/1079
f 1073/1200/1073 1074/1202/1074 1081/1209/1081 1080/1208/1080
f 1075/1204/1075 1076/1203/1076 1083/1210/1083 1082/1211/1082
f 1076/1203/1076 1077/1205/1077 1084/1212/1084 1083/1210/1083
f 1077/1205/1077 1078/1206/1078 1085/1213/1085 1084/1212/1084
f 1078/1206/1078 1079/1207/1079 1086/1214/1086 1085/1213/1085
f 1079/1207/1079 1080/1208/1080 1087/1215/1087 1086/1214/1086
f 1080/1208/1080 1081/1209/1081 1088/1216/1088 1087/1215/1087
f 1082/1211/1082 1083/1210/1083 1090/1217/1090 1089/1218/1089
f 1083/1210/1083 1084/1212/1084 1091/1219/1091 1090/1217/1090
f 1084/1212/1084 1085/1213/1085 1092/1220/1092 1091/1219/1091
f 1085/1213/1085 1086/1214/1086 1093/1221/1093 1092/1220/1092
f 1086/1214/1086 1087/1215/1087 1094/1222/1094 1093/1221/1093
f 1087/1215/1087 1088/1216/1088 1095/1223/1095 1094/1222/1094
f 1089/1218/1089 1090/1217/1090 1097/1224/1097 1096/1225/1096
f 1090/1217/1090 1091/1219/1091 1098/1226/1098 1097/1224/1097
f 1091/1219/1091 1092/1220/1092 1099/1227/1099 1098/1226/1098
f 1092/1220/1092 1093/1221/1093 1100/1228/1100 1099/1227/1099
f 1093/1221/1093 1094/1222/1094 1101/1229/1101 1100/1228/1100
f 1094/1222/1094 1095/1223/1095 1102/1230/1102 1101/1229/1101
f 1096/1225/1096 1097/1224/1097 1104/1231/1104 1103/1232/1103
f 1097/1224/1097 1098/1226/1098 1105/1233/1105 1104/1231/1104
f 1098/1226/1098 1099/1227/1099 1106/1234/1106 1105/1233/1105
f 1099/1227/1099 1100/1228/1100 1107/1235/1107 1106/1234/1106
f 1100/1228/1100 1101/1229/1101 1108/1236/1108 1107/1235/1107
f 1101/1229/1101 1102/1230/1102 1109/1237/1109 1108/1236/1108
f 775/958/775 815/1013/815 1061/1189/1061 781/1238/781
f 815/1013/815 814/1035/814 1062/1190/1062 1061/1189/1061
f 814/1035/814 813/1034/813 1063/1193/1063 1062/1190/1062
f 813/1034/813 812/1033/812 1064/1195/1064 1063/1193/1063
f 812/1033/812 811/1032/811 1065/1197/1065 1064/1195/1064
f 811/1032/811 810/1031/810 1066/1199/1066 1065/1197/1065
f 810/1031/810 809/1029/809 1067/1201/1067 1066/1199/1066
f 809/1029/809 779/1030/779 836/1239/836 1067/1201/1067
f 1067/1201/1067 836/1239/836 835/1240/835 1074/1202/1074
f 1074/1202/1074 835/1240/835 834/1241/834 1081/1209/1081
f 1081/1209/1081 834/1241/834 833/1242/833 1088/1216/1088
f 1088/1216/1088 833/1242/833 832/1243/832 1095/1223/1095
f 1095/1223/1095 832/1243/832 831/1244/831 1102/1230/1102
f 1102/1230/1102 831/1244/831 830/1245/830 1109/1237/1109
f 1109/1237/1109 830/1245/830 777/1157/777 857/1159/857
f 1108/1236/1108 1109/1237/1109 857/1159/857 856/1188/856
f 1107/1235/1107 1108/1236/1108 856/1188/856 855/1187/855
f 1106/1234/1106 1107/1235/1107 855/1187/855 854/1186/854
f 1105/1233/1105 1106/1234/1106 854/1186/854 853/1185/853
f 1104/1231/1104 1105/1233/1105 853/1185/853 852/1184/852
f 1103/1232/1103 1104/1231/1104 852/1184/852 851/1182/851
f 787/1246/787 1103/1232/1103 851/1182/851 773/1183/773
f 786/1247/786 1096/1225/1096 1103/1232/1103 787/1246/787
f 785/1248/785 1089/1218/1089 1096/1225/1096 786/1247/786
f 784/1249/784 1082/1211/1082 1089/1218/1089 785/1248/785
f 783/1250/783 1075/1204/1075 1082/1211/1082 784/1249/784
f 782/1251/782 1068/1192/1068 1075/1204/1075 783/1250/783
f 781/1238/781 1061/1189/1061 1068/1192/1068 782/1251/782
f 1110/1252/1110 1111/1253/1111 1118/1254/1118 1117/1255/1117
f 1111/1253/1111 1112/1256/1112 1119/1257/1119 1118/1254/1118
f 1112/1256/1112 1113/1258/1113 1120/1259/1120 1119/1257/1119
f 1113/1258/1113 1114/1260/1114 1121/1261/1121 1120/1259/1120
f 1114/1260/1114 1115/1262/1115 1122/1263/1122 1121/1261/1121
f 1115/1262/1115 1116/1264/1116 1123/1265/1123 1122/1263/1122
f 1117/1255/1117 1118/1254/1118 1125/1266/1125 1124/1267/1124
f 1118/1254/1118 1119/1257/1119 1126/1268/1126 1125/1266/1125
f 1119/1257/1119 1120/1259/1120 1127/1269/1127 1126/1268/1126
f 1120/1259/1120 1121/1261/1121 1128/1270/1128 1127/1269/1127
f 1121/1261/1121 1122/1263/1122 1129/1271/1129 1128/1270/1128
f 1122/1263/1122 1123/1265/1123 1130/1272/1130 1129/1271/1129
f 1124/1267/1124 1125/1266/1125 1132/1273/1132 1131/1274/1131
f 1125/1266/1125 1126/1268/1126 1133/1275/1133 1132/1273/1132
f 1126/1268/1126 1127/1269/1127 1134/1276/1134 1133/1275/1133
f 1127/1269/1127 1128/1270/1128 1135/1277/1135 1134/1276/1134
f 1128/1270/1128 1129/1271/1129 1136/1278/1136 1135/1277/1135
f 1129/1271/1129 1130/1272/1130 1137/1279/1137 1136/1278/1136
f 1131/1274/1131 1132/1273/1132 1139/1280/1139 1138/1281/1138
f 1132/1273/1132 1133/1275/1133 1140/1282/1140 1139/1280/1139
f 1133/1275/1133 1134/1276/1134 1141/1283/1141 1140/1282/1140
f 1134/1276/1134 1135/1277/1135 1142/1284/1142 1141/1283/1141
f 1135/1277/1135 1136/1278/1136 1143/1285/1143 1142/1284/1142
f 1136/1278/1136 1137/1279/1137 1144/1286/1144 1143/1285/1143
f 1138/1281/1138 1139/1280/1139 1146/1287/1146 1145/1288/1145
f 1139/1280/1139 1140/1282/1140 1147/1289/1147 1146/1287/1146
f 1140/1282/1140 1141/1283/1141 1148/1290/1148 1147/1289/1147
f 1141/1283/1141 1142/1284/1142 1149/1291/1149 1148/1290/1148
f 1142/1284/1142 1143/1285/1143 1150/1292/1150 1149/1291/1149
f 1143/1285/1143 1144/1286/1144 1151/1293/1151 1150/1292/1150
f 1145/1288/1145 1146/1287/1146 1153/1294/1153 1152/1295/1152
f 1146/1287/1146 1147/1289/1147 1154/1296/1154 1153/1294/1153
f 1147/1289/1147 1148/1290/1148 1155/1297/1155 1154/1296/1154
f 1148/1290/1148 1149/1291/1149 1156/1298/1156 1155/1297/1155
f 1149/1291/1149 1150/1292/1150 1157/1299/1157 1156/1298/1156
f 1150/1292/1150 1151/1293/1151 1158/1300/1158 1157/1299/1157
f 780/1021/780 822/1020/822 1110/1252/1110 837/1301/837
f 822/1020/822 821/1019/821 1111/1253/1111 1110/1252/1110
f 821/1019/821 820/1018/820 1112/1256/1112 1111/1253/1111
f 820/1018/820 819/1017/819 1113/1258/1113 1112/1256/1112
f 819/1017/819 818/1016/818 1114/1260/1114 1113/1258/1113
f 818/1016/818 817/1015/817 1115/1262/1115 1114/1260/1114
f 817/1015/817 816/1014/816 1116/1264/1116 1115/1262/1115
f 816/1014/816 776/949/776 801/1302/801 1116/1264/1116
f 1116/1264/1116 801/1302/801 800/1303/800 1123/1265/1123
f 1123/1265/1123 800/1303/800 799/1304/799 1130/1272/1130
f 1130/1272/1130 799/1304/799 798/1305/798 1137/1279/1137
f 1137/1279/1137 798/1305/798 797/1306/797 1144/1286/1144
f 1144/1286/1144 797/1306/797 796/1307/796 1151/1293/1151
f 1151/1293/1151 796/1307/796 795/1308/795 1158/1300/1158
f 1158/1300/1158 795/1308/795 774/1309/774 864/1310/864
f 1157/1299/1157 1158/1300/1158 864/1310/864 863/1311/863
f 1156/1298/1156 1157/1299/1157 863/1311/863 862/1312/862
f 1155/1297/1155 1156/1298/1156 862/1312/862 861/1313/861
f 1154/1296/1154 1155/1297/1155 861/1313/861 860/1314/860
f 1153/1294/1153 1154/1296/1154 860/1314/860 859/1315/859
f 1152/1295/1152 1153/1294/1153 859/1315/859 858/1316/858
f 843/1317/843 1152/1295/1152 858/1316/858 778/1318/778
f 842/1319/842 1145/1288/1145 1152/1295/1152 843/1317/843
f 841/1320/841 1138/1281/1138 1145/1288/1145 842/1319/842
f 840/1321/840 1131/1274/1131 1138/1281/1138 841/1320/841
f 839/1322/839 1124/1267/1124 1131/1274/1131 840/1321/840
f 838/1323/838 1117/1255/1117 1124/1267/1124 839/1322/839
f 837/1301/837 1110/1252/1110 1117/1255/1117 838/1323/838
