# Blender 4.2.3 LTS
# www.blender.org
mtllib penguin.mtl
o Animal
v -0.064524 -0.043846 1.038668
v -0.022200 -0.077592 0.953102
v -0.029102 -0.070581 1.061662
v -0.001430 -0.059893 1.121845
v -0.069054 -0.027967 1.047009
v -0.020824 -0.046499 1.103184
v -0.035133 -0.058387 1.074640
v -0.040279 -0.060142 1.061327
v -0.028048 -0.023914 1.163046
v -0.002588 -0.062477 1.125924
v -0.011530 -0.053332 1.142775
v -0.024392 -0.046692 1.108788
v -0.037089 -0.055856 1.075682
v -0.064508 -0.019925 1.128473
v -0.011118 -0.059000 1.110225
v -0.065549 -0.028062 1.066876
v -0.007980 -0.099140 1.061255
v 0.013330 -0.088350 1.120533
v 0.003193 -0.085571 1.108740
v 0.026187 -0.185519 1.078264
v 0.042748 -0.169797 1.136440
v 0.031317 -0.175283 1.125384
v 0.070684 -0.278465 1.109027
v 0.075726 -0.283861 1.123907
v 0.073101 -0.282330 1.116761
v 0.081226 -0.289706 1.097140
v 0.047908 -0.248245 1.093940
v 0.055197 -0.241505 1.136032
v 0.061372 -0.239908 1.147110
v 0.015020 -0.149477 1.070902
v 0.022077 -0.138991 1.116252
v 0.032320 -0.137974 1.127920
v 0.037628 -0.219591 1.085261
v 0.051087 -0.207015 1.147009
v 0.042942 -0.209841 1.134096
v 0.065428 -0.268346 1.127312
v 0.062553 -0.274572 1.104428
v 0.070729 -0.267016 1.135398
v -0.025705 -0.090237 1.016064
v 0.010028 -0.135485 0.961308
v -0.056550 -0.065943 0.984391
v -0.015510 -0.116404 0.990542
v -0.046567 -0.064956 1.025096
v -0.008906 -0.099347 0.959943
v -0.036736 -0.085269 0.986736
v -0.019801 -0.091346 1.018093
v 0.011879 -0.135775 0.963180
v -0.009227 -0.115747 0.991631
v -0.041913 -0.062881 1.029576
v -0.006274 -0.103407 1.015280
v 0.018192 -0.141218 0.961486
v -0.002046 -0.131669 0.988568
v -0.041508 -0.063701 1.035365
v 0.021253 -0.163933 1.006194
v 0.036999 -0.173332 0.968093
v 0.023738 -0.174099 0.986080
v 0.066446 -0.280452 0.995815
v 0.071780 -0.269587 0.965200
v 0.066947 -0.275032 0.976175
v 0.044203 -0.240562 0.976376
v 0.055200 -0.232562 0.962069
v 0.046168 -0.240737 0.998154
v 0.074558 -0.285507 0.988684
v 0.076332 -0.278154 0.969533
v 0.073759 -0.283493 0.975633
v -0.095167 -0.026870 1.026428
v -0.030096 -0.066143 0.941962
v -0.058314 0.044718 1.172623
v -0.100392 0.019599 1.132367
v -0.094852 -0.013766 1.043992
v -0.075283 -0.051454 0.973603
v -0.138678 0.022188 0.996777
v -0.034901 -0.057833 0.919529
v -0.088260 0.106290 1.164411
v -0.127890 0.061291 1.113714
v -0.138176 0.028968 1.031719
v -0.099466 -0.030465 0.945371
v -0.028906 -0.046978 1.091382
v -0.030741 -0.044498 1.094952
v -0.059335 -0.024382 1.090534
v -0.144617 0.057562 1.069340
v -0.063247 -0.021205 1.089766
v -0.077070 -0.006826 1.110618
v -0.098702 0.013716 1.114117
v -0.078694 -0.018544 1.068747
v -0.105064 -0.003027 1.056367
v -0.131062 0.036869 1.080071
v -0.120407 0.031385 1.102623
v -0.124358 0.019234 1.061819
v -0.073408 -0.012191 1.086708
v -0.080710 -0.004240 1.098140
v -0.095018 0.010340 1.099271
v -0.083018 -0.009390 1.076147
v -0.099215 -0.001645 1.069694
v -0.117567 0.024489 1.077949
v -0.109259 0.022023 1.090783
v -0.112882 0.012868 1.069200
v -0.056056 0.023819 1.077565
v -0.045809 -0.044553 1.120277
v -0.046636 -0.041265 1.096939
v -0.049643 -0.045019 1.078654
v -0.130276 0.024401 1.050202
v -0.103309 -0.005869 1.049385
v -0.070622 -0.010929 1.111246
v -0.100808 0.016108 1.117645
v -0.061136 -0.022760 1.089314
v -0.075022 -0.020262 1.064111
v -0.124775 0.040214 1.103331
v -0.135842 0.042806 1.076977
v -0.045597 -0.049419 1.063094
v -0.048843 -0.052111 1.066253
v -0.044508 -0.054878 1.059300
v -0.083285 -0.013603 1.076731
v -0.073187 -0.015865 1.089887
v -0.120256 0.022821 1.079056
v -0.114632 0.012978 1.069395
v -0.101124 -0.005914 1.070228
v -0.113528 0.019457 1.091004
v -0.099634 0.006341 1.101599
v -0.082776 -0.007828 1.100193
v -0.013693 -0.054106 1.113425
v -0.053220 -0.024530 1.149136
v -0.014856 -0.056070 1.118898
v -0.086942 0.032222 1.154026
v -0.119337 0.085257 1.141789
v -0.035022 -0.052820 1.134525
v -0.154464 0.079118 0.906458
v -0.046266 -0.037881 0.874760
v -0.154062 0.312522 0.953017
v -0.189509 0.217935 0.941426
v -0.182158 0.129667 0.919131
v -0.106187 -0.000195 0.887444
v -0.195088 0.172371 0.929877
v -0.180627 0.271372 0.943924
v -0.179009 0.252093 0.993235
v -0.152689 0.297032 1.020832
v -0.139574 0.153943 1.120371
v -0.156727 0.127960 1.090729
v -0.161380 0.064529 1.017292
v -0.111343 0.181079 1.143831
v -0.164297 0.104948 1.060312
v -0.168354 0.057564 0.963410
v -0.178408 0.098247 0.987497
v -0.132836 0.247378 1.104346
v -0.186029 0.143688 1.021074
v -0.111253 -0.016867 0.922494
v -0.167843 0.208357 1.075527
v -0.040591 -0.046423 0.899407
v -0.186575 0.176266 1.049963
v -0.020522 -0.091825 1.018831
v -0.010969 -0.117365 0.992079
v 0.012801 -0.138268 0.962386
v -0.337628 0.243648 0.384666
v -0.276487 0.149717 0.586472
v -0.325027 0.204919 0.374481
v -0.271058 0.077331 0.563190
v -0.372665 0.243955 0.389442
v -0.332565 0.124274 0.553660
v -0.364270 0.215730 0.371561
v -0.320331 0.093032 0.533219
v -0.397188 0.082818 0.502647
v -0.444139 0.214794 0.332627
v -0.431991 0.244495 0.354833
v -0.410415 0.104570 0.519058
v -0.607025 -0.019190 0.490908
v -0.649923 0.108159 0.314357
v -0.660491 0.123444 0.329013
v -0.616193 -0.006375 0.502656
v -0.849551 -0.098144 0.404657
v -0.846378 0.017434 0.275723
v -0.854873 0.028764 0.284151
v -0.856676 -0.086179 0.414845
v -1.025429 -0.092127 0.282143
v -0.976753 -0.020588 0.228925
v -0.979664 -0.013916 0.233457
v -1.027611 -0.084864 0.287683
v -1.008509 -0.029813 0.218069
v -1.010637 -0.024903 0.221189
v -0.736766 -0.051480 0.465521
v -0.728491 -0.064819 0.453259
v -0.749886 0.057074 0.302014
v -0.758887 0.070809 0.312764
v -0.524435 0.037467 0.514315
v -0.514656 0.023175 0.501006
v -0.562192 0.165851 0.307893
v -0.590521 0.175028 0.319823
v -0.301595 0.105192 0.455796
v -0.338161 0.137880 0.448475
v -0.363541 0.197479 0.483215
v -0.405245 0.138056 0.424540
v -0.425275 0.178648 0.456911
v -0.628861 0.041855 0.396461
v -0.646568 0.068100 0.419423
v -0.846180 -0.044747 0.338218
v -0.859505 -0.023080 0.356872
v -0.999427 -0.060532 0.255443
v -1.002288 -0.047058 0.267188
v -1.036817 -0.057299 0.232298
v -1.038044 -0.051626 0.236879
v -0.737639 -0.008054 0.373736
v -0.544575 0.083470 0.403350
v -0.324031 0.224551 0.501990
v -0.753434 0.017006 0.395138
v -0.563457 0.113455 0.429534
v -0.309347 0.158344 0.390893
v -0.355595 0.182647 0.390603
v -0.375003 0.236375 0.421902
v -0.426396 0.184131 0.361592
v -0.446979 0.226305 0.383343
v -0.641603 0.086199 0.338210
v -0.657372 0.109295 0.359096
v -0.845805 -0.004017 0.291410
v -0.857814 0.014476 0.306892
v -0.985022 -0.033830 0.232580
v -0.988594 -0.022410 0.241785
v -0.744421 0.034773 0.321705
v -0.561660 0.131222 0.336142
v -0.337551 0.257324 0.428745
v -0.758339 0.056228 0.339773
v -0.571202 0.169189 0.355879
v -0.926646 0.003102 0.257484
v -0.951217 -0.099172 0.356767
v -0.920851 -0.006301 0.250770
v -0.945756 -0.108686 0.348751
v -0.933119 -0.061429 0.298298
v -0.942328 -0.043427 0.313787
v -0.925322 -0.025212 0.261431
v -0.933419 -0.009737 0.274249
v -0.333973 0.227271 0.369604
v -0.261917 0.107517 0.594709
v -0.366932 0.234741 0.372178
v -0.319025 0.098612 0.557773
v -0.428062 0.238106 0.337087
v -0.393698 0.085057 0.521784
v -0.655534 0.118700 0.313809
v -0.606273 -0.024225 0.506847
v -0.849521 0.026083 0.273690
v -0.852968 -0.102458 0.417387
v -0.974718 -0.015166 0.227877
v -1.030077 -0.094878 0.287308
v -1.012214 -0.027135 0.213965
v -0.754145 0.067096 0.300197
v -0.729591 -0.069245 0.467452
v -0.584978 0.171104 0.302866
v -0.513464 0.019426 0.520336
v -1.046361 -0.055160 0.225445
v -0.949895 -0.113196 0.358944
v -0.921616 0.001043 0.249071
v -0.475442 0.243924 0.304696
v -0.504190 0.219323 0.300636
v -0.508874 0.228917 0.332066
v -0.479257 0.249107 0.317656
v -0.540548 0.221319 0.304397
v -0.536512 0.216599 0.291372
v -0.457863 0.050786 0.501627
v -0.500976 0.195119 0.313447
v -0.468327 0.068630 0.516616
v -0.473848 0.118665 0.410257
v -0.492199 0.151901 0.440513
v -0.494018 0.165911 0.341937
v -0.507680 0.201503 0.370492
v -0.453428 0.051444 0.521140
v -0.510751 0.241594 0.304606
v -0.507152 0.237002 0.292575
v -0.156589 0.062923 0.813120
v -0.044579 -0.057393 0.811020
v -0.153100 0.324776 0.816956
v -0.180412 0.127360 0.814111
v -0.109962 -0.015598 0.811590
v -0.188799 0.187307 0.812432
v -0.180730 0.275187 0.817188
v -0.233566 0.050794 0.599674
v -0.080880 -0.089231 0.559637
v -0.185778 0.366515 0.709457
v -0.233661 0.112498 0.641900
v -0.179280 -0.040080 0.575414
v -0.249112 0.177855 0.640778
v -0.233129 0.304529 0.688597
v -0.334474 0.213769 0.159600
v -0.148835 0.051177 0.071641
v -0.265509 0.597170 0.316256
v -0.355240 0.415147 0.269715
v -0.349113 0.321931 0.202866
v -0.277584 0.108258 0.101832
v -0.335416 0.500296 0.283517
v -0.198126 0.281765 0.759982
v -0.058366 -0.083855 0.702057
v -0.131529 -0.036956 0.709645
v -0.162250 0.335782 0.768155
v -0.211436 0.182974 0.739937
v -0.180705 0.046693 0.723519
v -0.203723 0.114638 0.737479
v -0.348900 0.458733 -0.225876
v -0.135376 0.322679 -0.354238
v -0.320330 0.768245 -0.090798
v -0.389843 0.647465 -0.134408
v -0.374899 0.528763 -0.189313
v -0.106295 0.000055 0.853242
v -0.148926 0.075372 0.861827
v -0.177397 0.134098 0.867179
v -0.183674 0.191844 0.879186
v -0.178795 0.272576 0.879338
v -0.152748 0.321724 0.883042
v -0.044224 -0.039115 0.848018
v -0.253506 0.015686 0.293581
v -0.301273 0.134630 0.346986
v -0.316674 0.246557 0.350532
v -0.312613 0.303276 0.419282
v -0.290268 0.430245 0.451136
v -0.237781 0.507706 0.476527
v -0.130768 -0.030625 0.268552
v -0.237113 -0.025022 0.400516
v -0.115546 -0.064643 0.375918
v -0.277667 0.068856 0.451168
v -0.267250 0.369624 0.571262
v -0.278139 0.258784 0.522486
v -0.218776 0.436707 0.594921
v -0.345321 0.669424 -0.367975
v -0.164904 0.456639 -0.430439
v -0.301145 0.853474 -0.304910
v -0.343950 0.770691 -0.332952
v -0.327724 0.533362 -0.372041
v -0.154449 0.244339 -0.215256
v -0.282493 0.250822 -0.099206
v -0.308693 0.699548 0.109798
v -0.380891 0.535559 0.069090
v -0.350338 0.325837 -0.044836
v -0.370819 0.416798 -0.006753
v -0.367463 0.728703 -0.463958
v -0.266004 0.555713 -0.452177
v -0.330235 0.900474 -0.452282
v -0.336916 0.589127 -0.449624
v -0.260240 0.522299 -0.419175
v -0.358595 0.825939 -0.466980
v -0.283553 0.347708 -0.387566
v -0.312665 0.386831 -0.410329
v -0.209477 0.433843 -0.434092
v -0.187848 0.393408 -0.403307
v -0.256549 0.455836 -0.446474
v -0.299375 0.436249 -0.439565
v -0.203165 0.354071 -0.385100
v -0.243104 0.341554 -0.377103
v -0.299766 0.364297 -0.476942
v -0.299369 0.398333 -0.493686
v -0.193073 0.429930 -0.501508
v -0.183788 0.390066 -0.483795
v -0.228528 0.451010 -0.508909
v -0.269831 0.437265 -0.507587
v -0.199405 0.345046 -0.461483
v -0.244528 0.333657 -0.461830
v -0.323736 0.319791 -0.285118
v -0.154977 0.365794 -0.385354
v -0.190177 0.308978 -0.349408
v -0.257508 0.296140 -0.320966
v -0.276703 0.503492 -0.420257
v -0.338490 0.482385 -0.380277
v -0.185905 0.445633 -0.419883
v -0.350241 0.392717 -0.312628
v -0.322328 0.324652 -0.371480
v -0.158602 0.385974 -0.410058
v -0.185774 0.322654 -0.381806
v -0.306441 0.386094 -0.439639
v -0.287943 0.438038 -0.460768
v -0.242895 0.339344 -0.422340
v -0.295976 0.358428 -0.420853
v -0.189511 0.399387 -0.430604
v -0.202438 0.430620 -0.454458
v -0.208531 0.356391 -0.413244
v -0.247871 0.454589 -0.462175
v -0.255094 0.292077 -0.590893
v -0.260791 0.307056 -0.526113
v -0.270515 0.276615 -0.542277
v -0.260785 0.154124 -0.542092
v -0.248401 0.145346 -0.527026
v -0.258147 0.173729 -0.583542
v -0.260924 0.108354 -0.579641
v -0.250008 0.100239 -0.545583
v -0.242552 0.098068 -0.537140
v -0.248140 0.095060 -0.569744
v -0.248118 0.092655 -0.551834
v -0.240534 0.089739 -0.542938
v -0.243836 0.089416 -0.563858
v -0.238153 0.071671 -0.553112
v -0.240174 0.075726 -0.568386
v -0.236491 0.054244 -0.568902
v -0.237660 0.060327 -0.578451
v -0.235441 0.045918 -0.581047
v -0.236098 0.050860 -0.586276
v -0.246252 0.093840 -0.581802
v -0.244371 0.089178 -0.576298
v -0.286394 0.294842 -0.587633
v -0.282742 0.310150 -0.530087
v -0.313611 0.311256 -0.580973
v -0.305163 0.322447 -0.531940
v -0.318701 0.313401 -0.552300
v -0.308780 0.188627 -0.548727
v -0.319645 0.182941 -0.534137
v -0.348696 0.193976 -0.543481
v -0.337616 0.186496 -0.532200
v -0.305674 0.201474 -0.581469
v -0.353481 0.206731 -0.579362
v -0.320581 0.166921 -0.547128
v -0.328535 0.163521 -0.535173
v -0.350564 0.173440 -0.542138
v -0.342452 0.167017 -0.533043
v -0.324937 0.168633 -0.577537
v -0.354642 0.175492 -0.576419
v -0.336521 0.155269 -0.568561
v -0.351790 0.160077 -0.568072
v -0.335996 0.149466 -0.552276
v -0.341003 0.147004 -0.543858
v -0.354381 0.157193 -0.550803
v -0.349437 0.150658 -0.543172
v -0.342118 0.149920 -0.564086
v -0.353377 0.154857 -0.563533
v -0.351521 0.134479 -0.555086
v -0.356654 0.136900 -0.554884
v -0.351208 0.139848 -0.566893
v -0.358032 0.143143 -0.566622
v -0.360945 0.122418 -0.569164
v -0.364371 0.124154 -0.569140
v -0.359747 0.128715 -0.576763
v -0.364362 0.131086 -0.576702
v -0.365643 0.117003 -0.579497
v -0.367718 0.118075 -0.579506
v -0.364516 0.121892 -0.583901
v -0.367304 0.123344 -0.583904
v -0.337426 0.156157 -0.579634
v -0.350547 0.159217 -0.579368
v -0.341387 0.152340 -0.574826
v -0.351722 0.155539 -0.574605
v -0.275764 0.249183 -0.564379
v -0.265595 0.171662 -0.563352
v -0.253265 0.100338 -0.560781
v -0.322198 0.315420 -0.568281
v -0.297581 0.198919 -0.570342
v -0.362805 0.206090 -0.564853
v -0.315058 0.171339 -0.565369
v -0.359782 0.180609 -0.561133
v -0.276738 0.201746 -0.582622
v -0.277377 0.201879 -0.575121
v -0.242130 0.074354 -0.559705
v -0.238539 0.057214 -0.573444
v -0.236098 0.047327 -0.584913
v -0.349058 0.136574 -0.560050
v -0.359320 0.141424 -0.559620
v -0.359215 0.124803 -0.572741
v -0.365750 0.128142 -0.572684
v -0.365204 0.118610 -0.582584
v -0.368176 0.120151 -0.582598
v -0.228503 0.385564 -0.590265
v -0.249392 0.409519 -0.589621
v -0.258047 0.420992 -0.569480
v -0.277492 0.355308 -0.584257
v -0.294345 0.370966 -0.566419
v -0.293522 0.384010 -0.552134
v -0.230475 0.347041 -0.589292
v -0.297409 0.339900 -0.512240
v -0.202557 0.291266 -0.590173
v -0.212780 0.305746 -0.526218
v -0.196641 0.262318 -0.537741
v -0.203767 0.152142 -0.541943
v -0.213392 0.144473 -0.527018
v -0.201678 0.172322 -0.583492
v -0.205696 0.108270 -0.579627
v -0.210965 0.099388 -0.545983
v -0.222182 0.097558 -0.537192
v -0.216748 0.094277 -0.569739
v -0.214121 0.089739 -0.551779
v -0.224723 0.089344 -0.542963
v -0.221416 0.088856 -0.563859
v -0.228248 0.071423 -0.553104
v -0.225946 0.075371 -0.568372
v -0.231003 0.054107 -0.568897
v -0.229430 0.060122 -0.578444
v -0.232568 0.045846 -0.581044
v -0.231586 0.050748 -0.586274
v -0.218693 0.093153 -0.581778
v -0.220878 0.088592 -0.576278
v -0.171380 0.287845 -0.586862
v -0.188077 0.304473 -0.525906
v -0.149476 0.298520 -0.580634
v -0.167148 0.319069 -0.527973
v -0.148937 0.312407 -0.545809
v -0.147846 0.184875 -0.548643
v -0.139809 0.178376 -0.535136
v -0.108908 0.187433 -0.543828
v -0.120947 0.180949 -0.533238
v -0.153704 0.196387 -0.581490
v -0.104525 0.193797 -0.579075
v -0.137272 0.163055 -0.545999
v -0.130983 0.159077 -0.535084
v -0.107125 0.167697 -0.543223
v -0.116296 0.161851 -0.533702
v -0.138235 0.163639 -0.577108
v -0.100718 0.166772 -0.576809
v -0.127442 0.150021 -0.567859
v -0.106937 0.154364 -0.567986
v -0.125029 0.144679 -0.551242
v -0.120012 0.141917 -0.542748
v -0.104878 0.151186 -0.550785
v -0.110546 0.145118 -0.542565
v -0.118326 0.144712 -0.563440
v -0.105619 0.149052 -0.563407
v -0.110550 0.128693 -0.554096
v -0.105143 0.130851 -0.554045
v -0.110279 0.134055 -0.566101
v -0.103014 0.137006 -0.566022
v -0.102340 0.115992 -0.568829
v -0.098793 0.117554 -0.568815
v -0.103021 0.122347 -0.576433
v -0.098206 0.124486 -0.576391
v -0.098008 0.110333 -0.579259
v -0.095866 0.111300 -0.579264
v -0.098811 0.115271 -0.583665
v -0.095930 0.116581 -0.583661
v -0.122062 0.151093 -0.579063
v -0.108299 0.153503 -0.579093
v -0.118506 0.147096 -0.574196
v -0.107629 0.149773 -0.574266
v -0.181443 0.244101 -0.560130
v -0.194313 0.171606 -0.566892
v -0.203756 0.099665 -0.558927
v -0.138939 0.302279 -0.569449
v -0.163542 0.195310 -0.570877
v -0.094948 0.192926 -0.564367
v -0.148527 0.166790 -0.565073
v -0.095163 0.171514 -0.561971
v -0.181977 0.199010 -0.582532
v -0.181382 0.199092 -0.574980
v -0.224094 0.073904 -0.559689
v -0.228761 0.056970 -0.573435
v -0.231816 0.047221 -0.584910
v -0.112787 0.130916 -0.559082
v -0.101916 0.135241 -0.558967
v -0.103888 0.118463 -0.572398
v -0.097086 0.121471 -0.572366
v -0.098337 0.111959 -0.582348
v -0.095271 0.113350 -0.582353
v -0.211364 0.410754 -0.592493
v -0.203849 0.430777 -0.572916
v -0.187824 0.343297 -0.585922
v -0.173670 0.360151 -0.576883
v -0.181655 0.375726 -0.537486
v -0.178529 0.381181 -0.548413
v -0.175657 0.335277 -0.510767
v -0.193594 0.332231 -0.499749
v -0.175570 0.376080 -0.521158
v -0.234172 0.303904 -0.521479
v -0.227118 0.292564 -0.591113
v -0.230988 0.142489 -0.522189
v -0.230212 0.163642 -0.586424
v -0.231967 0.109129 -0.584810
v -0.232392 0.097118 -0.533970
v -0.232568 0.090814 -0.569701
v -0.232655 0.088785 -0.540071
v -0.232662 0.087971 -0.566203
v -0.233234 0.070557 -0.550923
v -0.233050 0.075800 -0.570611
v -0.233787 0.052954 -0.567657
v -0.233527 0.060737 -0.579867
v -0.234045 0.044604 -0.582031
v -0.233866 0.050011 -0.587607
v -0.232499 0.092623 -0.583111
v -0.232672 0.087399 -0.576296
v -0.234032 0.044853 -0.588040
v -0.230232 0.417906 -0.587832
v -0.235145 0.442078 -0.546665
v -0.231389 0.434627 -0.564950
v -0.239188 0.325713 -0.492044
v -0.262302 0.426323 -0.551369
v -0.207612 0.432599 -0.547234
v -0.247606 0.122692 -0.528230
v -0.259566 0.129247 -0.541825
v -0.263517 0.137363 -0.582556
v -0.231154 0.134375 -0.586326
v -0.231658 0.120311 -0.523765
v -0.270362 0.135536 -0.560782
v -0.215574 0.121890 -0.528354
v -0.204736 0.127493 -0.542260
v -0.201237 0.137103 -0.582530
v -0.194949 0.136797 -0.563290
v -0.247986 0.183552 -0.534102
v -0.259857 0.191958 -0.547805
v -0.254783 0.207570 -0.583095
v -0.230145 0.180353 -0.526736
v -0.229125 0.198912 -0.584156
v -0.332948 0.218793 -0.534051
v -0.345647 0.226371 -0.545632
v -0.349109 0.239190 -0.575172
v -0.307470 0.230938 -0.579839
v -0.301379 0.219148 -0.547669
v -0.312450 0.214481 -0.534735
v -0.268613 0.208738 -0.563425
v -0.289535 0.225740 -0.563927
v -0.359701 0.238016 -0.561748
v -0.277691 0.222699 -0.567671
v -0.277545 0.223706 -0.581362
v -0.211976 0.182681 -0.528420
v -0.203953 0.189877 -0.541631
v -0.202954 0.206278 -0.583029
v -0.126490 0.212447 -0.532212
v -0.112565 0.218323 -0.542448
v -0.113374 0.224177 -0.576468
v -0.153618 0.225256 -0.579432
v -0.154921 0.215003 -0.544424
v -0.147103 0.209631 -0.532830
v -0.194405 0.205916 -0.563666
v -0.168351 0.222319 -0.562944
v -0.104288 0.223051 -0.562241
v -0.180961 0.220348 -0.567602
v -0.180893 0.221778 -0.581269
v -0.254803 0.257044 -0.589526
v -0.227499 0.253341 -0.590326
v -0.299652 0.278292 -0.537041
v -0.322422 0.283561 -0.535357
v -0.331403 0.283831 -0.546109
v -0.340665 0.279791 -0.565764
v -0.280838 0.263650 -0.587167
v -0.287479 0.270127 -0.547503
v -0.200239 0.254408 -0.589171
v -0.163059 0.257252 -0.530996
v -0.141210 0.260158 -0.529459
v -0.126716 0.263449 -0.541964
v -0.119074 0.265031 -0.564300
v -0.175669 0.257058 -0.586616
v -0.174154 0.249681 -0.542780
v -0.331744 0.277671 -0.579657
v -0.303105 0.269248 -0.585440
v -0.130586 0.262691 -0.577268
v -0.156355 0.258530 -0.583454
v -0.159927 0.337130 -0.527615
v -0.162860 0.328943 -0.526236
v -0.157849 0.339650 -0.522821
v -0.161517 0.332127 -0.521059
v -0.157474 0.335059 -0.528781
v -0.159737 0.328327 -0.528393
v -0.154731 0.336513 -0.524943
v -0.157476 0.330329 -0.524313
v -0.155201 0.333488 -0.529785
v -0.156523 0.328610 -0.530440
v -0.152508 0.334483 -0.526923
v -0.154039 0.329671 -0.527475
v -0.151284 0.333084 -0.531254
v -0.151147 0.330799 -0.532566
v -0.149619 0.333274 -0.529808
v -0.149560 0.331087 -0.531011
v -0.148736 0.334209 -0.532291
v -0.148336 0.332931 -0.533373
v -0.147620 0.334296 -0.531282
v -0.147264 0.333061 -0.532291
v -0.146322 0.334987 -0.532967
v -0.161500 0.331044 -0.520025
v -0.163680 0.327437 -0.527188
v -0.156749 0.340775 -0.521185
v -0.159669 0.338224 -0.528480
v -0.165983 0.325188 -0.524830
v -0.168687 0.333253 -0.514365
v -0.168626 0.349753 -0.517798
v -0.167440 0.346456 -0.527952
v -0.151507 0.330049 -0.529634
v -0.153654 0.329526 -0.531781
v -0.153248 0.333010 -0.530512
v -0.150981 0.333439 -0.528462
v -0.251815 0.100747 -0.552141
v -0.259663 0.133866 -0.553890
v -0.257291 0.200007 -0.557300
v -0.257351 0.163838 -0.555857
v -0.269791 0.256267 -0.555473
v -0.307589 0.197333 -0.560306
v -0.322518 0.171980 -0.556078
v -0.299762 0.225232 -0.556187
v -0.284077 0.259131 -0.556942
v -0.208071 0.098448 -0.551647
v -0.202949 0.130475 -0.554962
v -0.203160 0.160581 -0.555871
v -0.202542 0.197461 -0.552541
v -0.188922 0.250382 -0.549924
v -0.140024 0.164562 -0.555977
v -0.150602 0.191162 -0.560725
v -0.158256 0.220235 -0.553767
v -0.176143 0.249171 -0.552515
v -0.242257 0.089289 -0.562910
v -0.232292 0.088068 -0.565052
v -0.246023 0.091948 -0.552119
v -0.239318 0.089291 -0.544126
v -0.222269 0.088790 -0.562913
v -0.225232 0.088940 -0.544147
v -0.215952 0.089441 -0.552073
v -0.232299 0.088407 -0.541544
v -0.352758 0.155436 -0.551526
v -0.348874 0.150485 -0.545752
v -0.351922 0.153835 -0.561095
v -0.338329 0.149641 -0.552614
v -0.342250 0.147739 -0.546255
v -0.343096 0.150126 -0.561526
v -0.110993 0.144838 -0.544743
v -0.105977 0.149893 -0.551354
v -0.107088 0.148100 -0.561386
v -0.118543 0.142275 -0.544879
v -0.122525 0.144499 -0.551660
v -0.117223 0.144625 -0.561406
v -0.350849 0.201870 -0.553629
v -0.351639 0.178870 -0.550772
v -0.348151 0.233109 -0.552062
v -0.335821 0.276015 -0.553793
v -0.104389 0.167797 -0.553525
v -0.106875 0.188127 -0.555032
v -0.111383 0.220274 -0.552089
v -0.123241 0.263107 -0.552918
v -0.174770 0.377493 -0.559926
v -0.320817 0.311387 -0.557408
v -0.141834 0.305238 -0.557319
v -0.258923 0.297427 -0.518132
v -0.234796 0.305787 -0.496401
v -0.209013 0.295322 -0.518844
v -0.233967 0.294385 -0.515684
v -0.286118 0.305414 -0.523012
v -0.187724 0.297544 -0.519549
v -0.291946 0.321232 -0.513522
v -0.192146 0.310052 -0.502036
v -0.177092 0.317807 -0.510730
v -0.172504 0.309670 -0.520513
v -0.300944 0.314092 -0.525467
v -0.261151 0.328835 -0.496104
v -0.261432 0.337934 -0.464684
v -0.257547 0.309109 -0.499417
v -0.224814 0.336971 -0.462577
v -0.210211 0.307309 -0.498488
v -0.214902 0.327447 -0.493820
v -0.279256 0.346465 -0.416094
v -0.279410 0.332226 -0.502734
v -0.278311 0.317445 -0.507677
v -0.284087 0.347265 -0.468023
v -0.184078 0.362211 -0.470942
v -0.194738 0.372865 -0.416748
v -0.188664 0.279232 -0.292419
v -0.343634 0.503747 -0.364046
v -0.348788 0.412678 -0.248625
v -0.326222 0.315274 -0.193532
v -0.264926 0.272414 -0.242509
v -0.271778 0.511141 -0.415569
v -0.172746 0.440015 -0.419790
v -0.214178 0.259286 -0.529220
v -0.254139 0.267565 -0.529567
v -0.232650 0.261188 -0.524154
v -0.016719 -0.049736 1.070061
v 0.008760 -0.094093 1.069703
v 0.068342 -0.262810 1.108674
v 0.049857 -0.214884 1.092778
v -0.024953 -0.022039 1.043670
v 0.024930 -0.146145 1.078915
v 0.032125 -0.156913 0.998767
v 0.011228 -0.100688 1.013809
v -0.013295 -0.053382 1.027038
v 0.037080 -0.182386 1.085154
v 0.068879 -0.265467 0.986810
v 0.053761 -0.232001 0.991789
v -0.038578 -0.052790 1.059942
v -0.051646 -0.029903 1.043965
v -0.023432 -0.068602 1.062226
v -0.032409 -0.057502 1.061917
v -0.002550 -0.097584 1.061248
v 0.017931 -0.148648 1.070901
v 0.040607 -0.218735 1.085269
v 0.029152 -0.184671 1.078266
v 0.067707 -0.273089 1.104445
v 0.053069 -0.246763 1.093980
v 0.071039 -0.278427 1.107870
v 0.059887 -0.240776 1.100788
v 0.072886 -0.273684 1.107119
v -0.030197 -0.060787 1.036323
v 0.026211 -0.161401 1.006801
v -0.001479 -0.103002 1.016361
v 0.050497 -0.238166 0.998591
v 0.070579 -0.280743 0.996457
v 0.075505 -0.283248 0.993591
v 0.075709 -0.276528 0.988527
v 0.035062 -0.153566 1.020477
v -0.022923 -0.065617 1.089438
v -0.004616 -0.093417 1.086776
v 0.024191 -0.182802 1.096851
v 0.050292 -0.246636 1.109702
v 0.014951 -0.146564 1.087639
v 0.038261 -0.216718 1.103534
v 0.062820 -0.272696 1.113283
v -0.080259 -0.014837 1.071783
v -0.126437 0.033140 1.078218
v -0.101315 0.011555 1.107616
v -0.080445 -0.006903 1.105895
v -0.067551 -0.017580 1.090730
v -0.119581 0.019228 1.065481
v -0.103319 -0.003390 1.064647
v -0.118565 0.027446 1.094202
v 0.035099 -0.156343 1.009584
v 0.016025 -0.111210 1.014269
v 0.001173 -0.068100 1.022769
v 0.020660 -0.112661 1.021023
v 0.003649 -0.071339 1.024522
v 0.044616 -0.181993 1.007256
v 0.045850 -0.185736 1.017405
v 0.059565 -0.216928 1.002243
v 0.060549 -0.220359 1.007467
v 0.016130 -0.112535 1.017819
v 0.032467 -0.153688 1.015619
v 0.042602 -0.184762 1.013655
v 0.059247 -0.219661 1.006022
v -0.148484 0.166749 -0.565077
v -0.148498 0.166779 -0.565065
v -0.673465 -0.044148 0.470315
v -0.704601 0.080216 0.307606
v -0.682144 -0.031046 0.482344
v -0.714311 0.094654 0.320125
v -0.688361 0.014556 0.384031
v -0.705021 0.040153 0.406140
v -0.697843 0.058070 0.329181
v -0.712599 0.080268 0.348527
v -0.673726 -0.048850 0.485299
v -0.709472 0.090474 0.306364
v -0.075958 -0.016219 1.083633
v -0.075234 -0.012754 1.081819
v -0.075825 -0.008643 1.093823
v -0.076132 -0.011891 1.096027
v -0.069549 -0.018307 1.084256
v -0.070936 -0.013989 1.097172
v -0.187216 0.181688 1.035384
v -0.172916 0.227608 1.050758
v -0.143923 0.276535 1.065753
v -0.120215 0.211572 1.127393
v -0.166475 0.141692 1.078814
v -0.148538 0.176835 1.104675
v -0.108101 0.062779 1.147347
v -0.073291 0.074932 1.170000
v -0.019177 -0.042504 1.153973
v -0.046029 -0.038284 1.144222
v -0.099807 0.140812 1.155585
v -0.132753 0.123252 1.131254
v -0.148841 0.105927 1.096910
v -0.094051 0.011469 1.133859
v -0.043997 0.011686 1.170330
v -0.072319 0.008488 1.154163
v -0.088144 0.000075 1.099504
v -0.076625 0.010399 1.120943
v -0.061962 0.027190 1.130231
v -0.048569 0.043414 1.129697
v -0.037444 0.057330 1.126207
v -0.084500 -0.003111 1.097857
v -0.065846 0.001100 1.115644
v -0.046641 0.014583 1.122843
v -0.032032 0.029279 1.121691
v -0.021203 0.042644 1.118258
v -0.082023 -0.006161 1.094347
v -0.057987 -0.007077 1.105694
v -0.035613 0.003061 1.108789
v -0.020976 0.016245 1.106690
v -0.009992 0.029302 1.102876
v -0.081021 -0.008407 1.089776
v -0.055266 -0.013613 1.092558
v -0.032239 -0.005990 1.090862
v -0.016460 0.006360 1.086610
v -0.081678 -0.009586 1.084723
v -0.057009 -0.016893 1.078290
v -0.034423 -0.010497 1.070966
v -0.019438 0.001053 1.064216
v -0.008411 0.013731 1.059899
v -0.083887 -0.009499 1.080014
v -0.063264 -0.016629 1.064903
v -0.042873 -0.010101 1.052367
v -0.029389 0.001600 1.043444
v -0.018245 0.014093 1.039009
v -0.087318 -0.008171 1.076384
v -0.073039 -0.012890 1.054552
v -0.056666 -0.004329 1.036945
v -0.043953 0.007678 1.028072
v -0.032743 0.020276 1.023124
v -0.091452 -0.005816 1.074357
v -0.084765 -0.006151 1.048535
v -0.072350 0.005182 1.029214
v -0.060922 0.018384 1.018722
v -0.050480 0.031387 1.013367
v -0.095649 -0.002783 1.074189
v -0.096692 0.002518 1.047990
v -0.088519 0.016732 1.028658
v -0.079336 0.031439 1.017733
v -0.069585 0.044796 1.012278
v -0.099268 0.000477 1.075921
v -0.107020 0.011802 1.053089
v -0.103362 0.029411 1.035710
v -0.095720 0.045097 1.025546
v -0.086502 0.058753 1.020131
v -0.092642 -0.002337 1.087254
v -0.101765 0.003465 1.079326
v -0.114159 0.020295 1.062941
v -0.113543 0.041269 1.049436
v -0.106998 0.058087 1.040424
v -0.098260 0.072155 1.035605
v -0.102764 0.005717 1.083898
v -0.117006 0.026706 1.075996
v -0.117514 0.050160 1.067534
v -0.111725 0.068122 1.060375
v -0.102937 0.082488 1.056256
v -0.102110 0.006893 1.088937
v -0.115131 0.030052 1.090273
v -0.114941 0.054810 1.087361
v -0.109106 0.073468 1.082486
v -0.100056 0.087850 1.078787
v -0.099896 0.006823 1.093666
v -0.108832 0.029817 1.103619
v -0.106688 0.054396 1.106162
v -0.099937 0.073117 1.103606
v -0.090233 0.087509 1.100019
v -0.096454 0.005530 1.097380
v -0.099264 0.026001 1.114121
v -0.094608 0.048830 1.121242
v -0.086316 0.066993 1.120308
v -0.075156 0.081498 1.116460
v -0.092344 0.003107 1.099342
v -0.088279 0.019012 1.120286
v -0.079155 0.039187 1.129879
v -0.067592 0.056827 1.129220
v -0.056278 0.070880 1.125687
v -0.246396 0.302700 -0.376427
v -0.189882 0.452737 -0.429206
v -0.323712 0.458186 -0.413947
v -0.349413 0.387346 -0.386732
v -0.267341 0.493801 -0.428150
v 0.077954 -0.002991 1.038668
v 0.004577 -0.015963 1.168972
v 0.059944 -0.054037 0.953102
v 0.062082 -0.044434 1.061662
v 0.014194 -0.049500 1.147798
v 0.032951 -0.050034 1.121845
v 0.073381 0.012875 1.047009
v 0.042300 -0.028398 1.103184
v 0.060735 -0.030898 1.074640
v 0.066029 -0.029659 1.061327
v 0.036459 -0.005417 1.163046
v 0.035302 -0.051612 1.125924
v 0.038040 -0.039118 1.142775
v 0.045429 -0.026671 1.108788
v 0.061052 -0.027714 1.075682
v 0.065264 0.017287 1.128473
v 0.016839 -0.058726 1.131878
v 0.016823 -0.058669 1.125298
v 0.040693 -0.044143 1.110225
v 0.070459 0.010937 1.066876
v 0.059303 -0.079847 1.061255
v 0.035514 -0.081989 1.120533
v 0.025367 -0.088465 1.125470
v 0.042638 -0.074261 1.108740
v 0.076102 -0.171206 1.078264
v 0.053725 -0.166649 1.136440
v 0.047987 -0.167353 1.141188
v 0.066327 -0.165244 1.125384
v 0.087620 -0.273608 1.109027
v 0.086203 -0.280856 1.123907
v 0.080965 -0.282361 1.125618
v 0.087618 -0.278167 1.116761
v 0.084636 -0.288728 1.097140
v 0.083770 -0.292141 1.095591
v 0.090921 -0.235911 1.093940
v 0.081167 -0.234058 1.136032
v 0.075084 -0.235976 1.147110
v 0.068255 -0.238033 1.150718
v 0.066473 -0.134724 1.070902
v 0.054931 -0.129570 1.116252
v 0.045706 -0.134136 1.127920
v 0.039345 -0.137213 1.132900
v 0.084455 -0.206164 1.085261
v 0.066377 -0.202631 1.147009
v 0.074782 -0.200711 1.134096
v 0.058527 -0.204110 1.151333
v 0.086714 -0.262242 1.127312
v 0.076002 -0.265051 1.138727
v 0.092452 -0.265998 1.104428
v 0.081514 -0.263924 1.135398
v 0.069617 -0.062904 1.016064
v 0.063291 -0.120212 0.961308
v 0.082901 -0.025956 0.984391
v 0.074837 -0.090497 0.990542
v 0.073912 -0.030409 1.025096
v 0.060199 -0.079532 0.959943
v 0.076339 -0.052845 0.986736
v 0.065198 -0.066973 1.018093
v 0.061876 -0.121439 0.963180
v 0.069161 -0.093270 0.991631
v 0.068866 -0.031116 1.029576
v 0.060118 -0.084370 1.015280
v 0.059406 -0.129400 0.961486
v 0.071509 -0.110578 0.988568
v 0.068957 -0.032026 1.035365
v 0.068847 -0.150286 1.006194
v 0.060475 -0.166600 0.968093
v 0.072127 -0.160224 0.986080
v 0.092266 -0.273048 0.995815
v 0.081986 -0.266661 0.965200
v 0.088969 -0.268717 0.976175
v 0.089991 -0.227433 0.976376
v 0.076426 -0.226475 0.962069
v 0.088417 -0.228622 0.998154
v 0.088066 -0.281633 0.988684
v 0.082665 -0.276338 0.969533
v 0.087677 -0.279503 0.975633
v 0.037171 -0.129633 0.957735
v 0.039341 -0.137200 0.956993
v 0.049175 -0.171495 0.965507
v 0.077013 -0.268578 0.962504
v 0.065423 -0.228159 0.958282
v 0.079753 -0.278133 0.966562
v 0.021207 -0.073958 0.934900
v 0.037097 -0.129374 0.956349
v 0.027104 -0.094523 0.946997
v 0.094945 0.027643 1.026428
v -0.016565 0.057768 1.181704
v 0.060573 -0.040144 0.941962
v 0.025756 0.068825 1.172623
v 0.074751 0.069820 1.132367
v 0.087734 0.038589 1.043992
v 0.091110 -0.003742 0.973603
v 0.018817 -0.065623 0.923956
v 0.105848 0.092304 0.996777
v -0.036450 0.127118 1.177945
v 0.060245 -0.030550 0.919529
v 0.018524 0.136909 1.164411
v 0.075978 0.119748 1.113714
v 0.101830 0.097788 1.031719
v 0.100496 0.026873 0.945371
v 0.016416 -0.057249 0.912051
v 0.049408 -0.024522 1.091382
v 0.049650 -0.021446 1.094952
v 0.063239 0.010765 1.090534
v 0.092140 0.125450 1.069340
v 0.064873 0.015532 1.089766
v 0.068977 0.035052 1.110618
v 0.076435 0.063936 1.114117
v 0.076563 0.025975 1.068747
v 0.090703 0.053108 1.056367
v 0.091609 0.100719 1.080071
v 0.085479 0.090422 1.102623
v 0.095270 0.082211 1.061819
v 0.068714 0.028562 1.086708
v 0.070693 0.039174 1.098140
v 0.075101 0.059120 1.099271
v 0.075379 0.036029 1.076147
v 0.085011 0.051181 1.069694
v 0.086726 0.083069 1.077949
v 0.080987 0.076575 1.090783
v 0.088911 0.070730 1.069200
v 0.034916 0.049904 1.077565
v 0.062458 -0.013508 1.120277
v 0.061417 -0.010282 1.096939
v 0.065956 -0.011872 1.078654
v 0.097550 0.089729 1.050202
v 0.090722 0.049768 1.049385
v 0.065682 0.028155 1.111246
v 0.076954 0.067080 1.117645
v 0.063908 0.013095 1.089314
v 0.074359 0.022572 1.064111
v 0.084505 0.100224 1.103331
v 0.092517 0.108287 1.076977
v 0.064856 -0.017747 1.063094
v 0.069036 -0.018310 1.066253
v 0.066826 -0.022954 1.059300
v 0.077839 0.032598 1.076731
v 0.070473 0.025329 1.089887
v 0.089890 0.083079 1.079056
v 0.090336 0.071752 1.069395
v 0.088892 0.048572 1.070228
v 0.085967 0.076661 1.091004
v 0.081135 0.058175 1.101599
v 0.074346 0.037225 1.100193
v 0.040284 -0.038628 1.113425
v 0.058132 0.007399 1.149136
v 0.042311 -0.039677 1.118898
v 0.056656 0.073398 1.154026
v 0.056025 0.135541 1.141789
v 0.057691 -0.026235 1.134525
v 0.089067 0.148949 0.906458
v -0.097164 0.338854 0.960466
v 0.059309 -0.007608 0.874760
v -0.034958 0.346674 0.953017
v 0.045226 0.285244 0.941426
v 0.085766 0.206493 0.919131
v 0.090155 0.056105 0.887444
v 0.010640 -0.037106 0.872043
v 0.074102 0.249559 0.929877
v 0.009377 0.325854 0.943924
v 0.018220 0.308648 0.993235
v -0.027914 0.332810 1.020832
v -0.093108 0.324710 1.034808
v 0.036789 0.204514 1.120371
v 0.065104 0.191569 1.090729
v 0.102663 0.140241 1.017292
v -0.001532 0.212566 1.143831
v 0.083718 0.176064 1.060312
v -0.058551 0.204193 1.156360
v 0.112269 0.138031 0.963410
v 0.099236 0.177860 0.987497
v -0.018438 0.280180 1.104346
v 0.081619 0.220435 1.021074
v -0.078702 0.274467 1.113804
v 0.103286 0.044651 0.922494
v 0.031927 0.265639 1.075527
v 0.059024 -0.017859 0.899407
v 0.013037 -0.045467 0.883284
v 0.064819 0.248352 1.049963
v 0.066063 -0.066998 1.018831
v 0.071496 -0.093719 0.992079
v 0.062414 -0.124041 0.962386
v 0.037577 -0.131047 0.957055
v 0.157212 0.385540 0.384666
v 0.155138 0.273482 0.586472
v 0.167049 0.346019 0.374481
v 0.188892 0.209219 0.563190
v 0.186762 0.404368 0.389442
v 0.216177 0.281622 0.553660
v 0.194601 0.375982 0.371561
v 0.222358 0.248644 0.533219
v 0.292949 0.280710 0.502647
v 0.262830 0.417512 0.332627
v 0.236789 0.436263 0.354833
v 0.292639 0.306166 0.519058
v 0.524957 0.305399 0.490908
v 0.493852 0.436129 0.314357
v 0.494715 0.454691 0.329013
v 0.525941 0.321125 0.502656
v 0.772470 0.366960 0.404657
v 0.708532 0.463295 0.275723
v 0.709732 0.477404 0.284151
v 0.772171 0.380883 0.414845
v 0.918434 0.465263 0.282143
v 0.839245 0.500137 0.228926
v 0.838179 0.507338 0.233457
v 0.916437 0.472579 0.287683
v 0.871064 0.509142 0.218069
v 0.870267 0.514434 0.221189
v 0.652095 0.346767 0.465521
v 0.652146 0.331070 0.453259
v 0.605696 0.445778 0.302014
v 0.606051 0.462196 0.312764
v 0.424893 0.309681 0.514315
v 0.424173 0.292378 0.501006
v 0.388879 0.438565 0.307893
v 0.408042 0.461360 0.319823
v 0.200024 0.249028 0.455796
v 0.213713 0.296126 0.448475
v 0.203653 0.360119 0.483215
v 0.270510 0.331824 0.424540
v 0.265986 0.376863 0.456911
v 0.511126 0.368739 0.396461
v 0.512234 0.400379 0.419423
v 0.741315 0.410457 0.338218
v 0.741134 0.435892 0.356873
v 0.879641 0.478279 0.255443
v 0.874927 0.491221 0.267188
v 0.909636 0.500834 0.232298
v 0.907671 0.506295 0.236879
v 0.629823 0.384057 0.373736
v 0.417594 0.359366 0.403350
v 0.155801 0.362140 0.501990
v 0.629938 0.413679 0.395138
v 0.417718 0.394800 0.429534
v 0.178433 0.298212 0.390893
v 0.204775 0.343330 0.390603
v 0.192762 0.399178 0.421902
v 0.264031 0.382107 0.361592
v 0.259138 0.428779 0.383343
v 0.498433 0.413097 0.338210
v 0.499567 0.441040 0.359096
v 0.719413 0.444799 0.291410
v 0.719798 0.466846 0.306892
v 0.853275 0.493290 0.232580
v 0.850253 0.504868 0.241785
v 0.612880 0.423970 0.321705
v 0.406779 0.408915 0.336142
v 0.149900 0.397097 0.428745
v 0.613314 0.449540 0.339773
v 0.394752 0.446170 0.355879
v 0.784198 0.493676 0.257484
v 0.859232 0.419963 0.356767
v 0.784266 0.482630 0.250770
v 0.859643 0.409000 0.348751
v 0.823884 0.442380 0.298298
v 0.822154 0.462526 0.313787
v 0.798079 0.468962 0.261431
v 0.796746 0.486376 0.274249
v 0.162791 0.369714 0.369604
v 0.165143 0.229974 0.594709
v 0.186783 0.393515 0.372178
v 0.218294 0.252684 0.557773
v 0.236842 0.428763 0.337087
v 0.288803 0.280759 0.521784
v 0.493025 0.448042 0.313809
v 0.526987 0.300730 0.506847
v 0.706615 0.472295 0.273690
v 0.777654 0.365112 0.417387
v 0.834646 0.503657 0.227877
v 0.923833 0.465393 0.287308
v 0.872787 0.513376 0.213965
v 0.603998 0.456534 0.300197
v 0.655424 0.327899 0.467452
v 0.405420 0.455094 0.302866
v 0.425149 0.288567 0.520336
v 0.916597 0.507705 0.225445
v 0.865543 0.407369 0.358944
v 0.781024 0.489264 0.249071
v 0.273939 0.458804 0.304696
v 0.311356 0.453175 0.300636
v 0.310243 0.463794 0.332066
v 0.274428 0.465221 0.317656
v 0.341131 0.474135 0.304397
v 0.340209 0.467993 0.291372
v 0.361379 0.285698 0.501627
v 0.321456 0.430946 0.313447
v 0.360796 0.306376 0.516616
v 0.338964 0.351734 0.410257
v 0.336914 0.389644 0.440513
v 0.331033 0.402489 0.341937
v 0.323759 0.439912 0.370492
v 0.357269 0.283906 0.521140
v 0.305117 0.475539 0.304606
v 0.304500 0.469738 0.292575
v 0.099451 0.136341 0.813120
v -0.101866 0.355250 0.818914
v 0.068218 -0.025049 0.811020
v -0.042268 0.356557 0.816956
v 0.085508 0.203611 0.814111
v 0.101519 0.045043 0.811590
v 0.018724 -0.065299 0.809799
v 0.060854 0.258893 0.812432
v 0.007442 0.329144 0.817188
v 0.171159 0.166846 0.599674
v -0.116192 0.405214 0.712050
v 0.115875 -0.032812 0.559637
v -0.036673 0.409270 0.709457
v 0.138542 0.219224 0.641900
v 0.173277 0.061014 0.575414
v 0.024325 -0.084831 0.558425
v 0.117011 0.282838 0.640778
v 0.036330 0.381795 0.688597
v 0.170371 0.358530 0.159600
v -0.185591 0.647236 0.332173
v 0.099100 0.122271 0.071641
v -0.091285 0.647128 0.316256
v 0.081268 0.540312 0.269715
v 0.125469 0.458014 0.202866
v 0.178038 0.238904 0.101832
v -0.017529 0.061130 0.062750
v 0.019334 0.602018 0.283517
v 0.018709 0.343941 0.759982
v 0.093934 -0.040184 0.702057
v 0.131127 0.038359 0.709645
v -0.040341 0.370739 0.768155
v -0.105491 0.367892 0.770053
v 0.023698 -0.082646 0.697710
v 0.082347 0.267214 0.739937
v 0.128503 0.135357 0.723519
v 0.112018 0.205175 0.737479
v 0.052794 0.573916 -0.225876
v -0.232182 0.809720 -0.083311
v -0.056187 0.345386 -0.354238
v -0.135450 0.821258 -0.090798
v -0.012495 0.755667 -0.134408
v 0.037733 0.647082 -0.189313
v -0.090470 0.315508 -0.319865
v 0.090114 0.056374 0.853242
v 0.086356 0.142838 0.861827
v 0.079381 0.207728 0.867179
v 0.054103 0.260026 0.879186
v 0.007185 0.325904 0.879338
v -0.040949 0.353782 0.883042
v 0.058232 -0.009736 0.848018
v -0.100711 0.351224 0.888413
v 0.012111 -0.042237 0.861030
v 0.206673 0.147639 0.293581
v 0.184152 0.273822 0.346986
v 0.137900 0.376904 0.350532
v 0.104401 0.422852 0.419282
v 0.018168 0.518687 0.451136
v -0.067392 0.556564 0.476527
v 0.127126 0.043324 0.268552
v -0.158945 0.554312 0.482874
v 0.005368 -0.018721 0.256184
v 0.214343 0.104430 0.400516
v 0.132244 0.006410 0.375918
v 0.015277 -0.053279 0.369150
v 0.198988 0.205534 0.451168
v 0.030772 0.455080 0.571262
v 0.098742 0.366852 0.522486
v -0.045885 0.486282 0.594921
v -0.137322 0.478903 0.603173
v 0.082481 -0.287647 0.986096
v 0.081583 -0.284515 0.974900
v -0.061889 0.750696 -0.367975
v -0.252564 0.880803 -0.293779
v -0.102134 0.474638 -0.430439
v -0.196884 0.883370 -0.304910
v -0.116715 0.835849 -0.332952
v -0.004710 0.625984 -0.372041
v -0.136553 0.476222 -0.437590
v 0.001501 0.289056 -0.215256
v 0.106654 0.362407 -0.099206
v -0.108915 0.756833 0.109798
v -0.213474 0.744477 0.119727
v -0.064040 0.223334 -0.200782
v 0.039213 0.656021 0.069090
v 0.124438 0.461976 -0.044836
v 0.093605 0.549969 -0.006753
v -0.074524 0.812702 -0.463958
v -0.068897 0.612232 -0.452177
v -0.197120 0.938643 -0.452282
v -0.026467 0.678146 -0.449624
v -0.167867 0.585427 -0.449327
v -0.239198 0.834190 -0.489997
v -0.268104 0.934998 -0.448930
v -0.202702 0.706912 -0.478577
v -0.056079 0.580841 -0.419175
v -0.133572 0.890463 -0.466980
v 0.056212 0.445133 -0.387566
v 0.060168 0.493739 -0.410329
v -0.052254 0.478926 -0.434092
v -0.049169 0.433173 -0.403307
v -0.023989 0.522521 -0.446473
v 0.022710 0.528604 -0.439565
v -0.015334 0.407930 -0.385100
v 0.025169 0.418480 -0.377103
v 0.061170 0.467793 -0.476942
v 0.042796 0.496447 -0.493686
v -0.064091 0.466914 -0.501508
v -0.050841 0.428188 -0.483795
v -0.045194 0.503579 -0.508909
v -0.002884 0.513811 -0.507587
v -0.013740 0.398284 -0.461483
v 0.030561 0.412537 -0.461830
v 0.105082 0.442752 -0.285118
v -0.062412 0.392337 -0.385354
v -0.002453 0.362807 -0.349408
v 0.061450 0.387599 -0.320966
v -0.032151 0.573616 -0.420257
v 0.031433 0.588458 -0.380277
v -0.078492 0.476433 -0.419883
v 0.088915 0.518642 -0.312628
v 0.101312 0.446128 -0.371479
v -0.070031 0.411371 -0.410058
v -0.013434 0.372072 -0.381806
v 0.055280 0.489816 -0.439639
v 0.012066 0.524064 -0.460768
v 0.026163 0.416494 -0.422340
v 0.061066 0.460808 -0.420853
v -0.050926 0.439125 -0.430604
v -0.056515 0.472463 -0.454458
v -0.012013 0.412741 -0.413244
v -0.030687 0.516865 -0.462175
v 0.061557 0.382874 -0.590893
v 0.058450 0.398596 -0.526113
v 0.082827 0.377934 -0.542277
v 0.139486 0.268899 -0.542092
v 0.133636 0.254893 -0.527026
v 0.126859 0.284128 -0.583542
v 0.163858 0.230158 -0.579641
v 0.158901 0.217491 -0.545583
v 0.153728 0.211698 -0.537140
v 0.160061 0.212109 -0.569744
v 0.161317 0.210058 -0.551834
v 0.156431 0.203566 -0.542938
v 0.159403 0.205042 -0.563858
v 0.163986 0.186981 -0.553111
v 0.163551 0.191492 -0.568386
v 0.171811 0.171322 -0.568901
v 0.169579 0.177100 -0.578451
v 0.175333 0.163704 -0.581047
v 0.173272 0.168244 -0.586276
v 0.159107 0.210073 -0.581802
v 0.159982 0.205123 -0.576298
v 0.086635 0.401805 -0.587633
v 0.075426 0.412853 -0.530087
v 0.101018 0.430148 -0.580973
v 0.087924 0.435162 -0.531940
v 0.104199 0.434664 -0.552300
v 0.161905 0.323593 -0.548727
v 0.174132 0.324528 -0.534137
v 0.192920 0.349281 -0.543481
v 0.187488 0.337066 -0.532200
v 0.152462 0.332842 -0.581469
v 0.190220 0.362634 -0.579362
v 0.183414 0.311439 -0.547128
v 0.191962 0.312770 -0.535173
v 0.205387 0.332856 -0.542138
v 0.201911 0.323110 -0.533043
v 0.186202 0.315199 -0.577537
v 0.207758 0.336756 -0.576419
v 0.203107 0.310004 -0.568561
v 0.213508 0.322172 -0.568072
v 0.205737 0.304804 -0.552276
v 0.211288 0.305370 -0.543858
v 0.217234 0.321100 -0.550803
v 0.216504 0.312938 -0.543172
v 0.210688 0.308433 -0.564086
v 0.217620 0.318586 -0.563533
v 0.226845 0.300321 -0.555086
v 0.229915 0.305095 -0.554884
v 0.223735 0.304709 -0.566893
v 0.227775 0.311119 -0.566622
v 0.241228 0.295088 -0.569164
v 0.243214 0.298375 -0.569140
v 0.236875 0.299793 -0.576763
v 0.239533 0.304249 -0.576702
v 0.248081 0.292984 -0.579497
v 0.249274 0.294993 -0.579506
v 0.244535 0.296534 -0.583901
v 0.246130 0.299242 -0.583904
v 0.203404 0.311236 -0.579634
v 0.212910 0.320784 -0.579368
v 0.208786 0.310098 -0.574826
v 0.215855 0.318288 -0.574605
v 0.101816 0.357451 -0.564379
v 0.134271 0.286321 -0.563352
v 0.161611 0.219301 -0.560781
v 0.106094 0.438230 -0.568281
v 0.146953 0.326386 -0.570342
v 0.198466 0.367030 -0.564853
v 0.176390 0.312258 -0.565369
v 0.209405 0.343819 -0.561133
v 0.127779 0.317738 -0.582622
v 0.128250 0.318190 -0.575121
v 0.165937 0.191365 -0.559705
v 0.171974 0.174926 -0.573444
v 0.175143 0.165248 -0.584913
v 0.223645 0.300793 -0.560050
v 0.229779 0.310345 -0.559620
v 0.238497 0.296193 -0.572741
v 0.242270 0.302488 -0.572684
v 0.246858 0.294115 -0.582584
v 0.248562 0.296997 -0.582598
v -0.010535 0.448065 -0.590265
v -0.005514 0.479449 -0.589621
v -0.004254 0.493765 -0.569480
v 0.047044 0.448366 -0.584257
v 0.053039 0.470576 -0.566419
v 0.045428 0.481202 -0.552134
v 0.011551 0.416440 -0.589292
v 0.072099 0.445855 -0.512240
v 0.017432 0.354347 -0.590173
v 0.018428 0.372043 -0.526218
v 0.027755 0.326662 -0.537741
v 0.092182 0.237004 -0.541943
v 0.104409 0.235600 -0.527018
v 0.079717 0.253010 -0.583492
v 0.117067 0.200820 -0.579627
v 0.126242 0.196080 -0.545983
v 0.136724 0.200472 -0.537192
v 0.133854 0.194810 -0.569739
v 0.134031 0.189569 -0.551778
v 0.143232 0.194853 -0.542963
v 0.140685 0.192686 -0.563859
v 0.155717 0.181523 -0.553104
v 0.151673 0.183651 -0.568372
v 0.167230 0.168298 -0.568897
v 0.162708 0.172565 -0.578444
v 0.172935 0.162121 -0.581044
v 0.169504 0.165758 -0.586274
v 0.136099 0.194887 -0.581778
v 0.140369 0.192178 -0.576278
v -0.007195 0.334924 -0.586862
v -0.001846 0.357873 -0.525906
v -0.031428 0.332369 -0.580634
v -0.027330 0.359161 -0.527973
v -0.039243 0.343861 -0.545809
v 0.027413 0.235129 -0.548643
v 0.024041 0.225359 -0.535136
v -0.006965 0.216665 -0.543828
v 0.006681 0.217545 -0.533238
v 0.026280 0.247996 -0.581490
v -0.014054 0.219739 -0.579075
v 0.030008 0.211022 -0.545999
v 0.026782 0.204315 -0.535084
v 0.001982 0.198982 -0.543223
v 0.012857 0.198884 -0.533702
v 0.030516 0.212027 -0.577108
v -0.002961 0.194803 -0.576810
v 0.028579 0.194759 -0.567859
v 0.008888 0.187576 -0.567986
v 0.029363 0.188950 -0.551242
v 0.026572 0.183950 -0.542748
v 0.008825 0.183790 -0.550785
v 0.016848 0.181648 -0.542565
v 0.023661 0.185426 -0.563440
v 0.010585 0.182373 -0.563407
v 0.025556 0.167721 -0.554096
v 0.019826 0.166686 -0.554045
v 0.022484 0.172124 -0.566101
v 0.014759 0.170776 -0.566022
v 0.025323 0.152599 -0.568829
v 0.021487 0.152043 -0.568815
v 0.022533 0.158349 -0.576433
v 0.017317 0.157611 -0.576391
v 0.024648 0.145504 -0.579259
v 0.022320 0.145189 -0.579264
v 0.022713 0.150117 -0.583665
v 0.019575 0.149702 -0.583661
v 0.023448 0.192817 -0.579063
v 0.010499 0.187567 -0.579093
v 0.022550 0.187543 -0.574196
v 0.011907 0.184050 -0.574266
v 0.024520 0.303159 -0.560130
v 0.073850 0.248500 -0.566891
v 0.119981 0.192495 -0.558927
v -0.042356 0.329974 -0.569449
v 0.035194 0.252297 -0.570877
v -0.021714 0.213925 -0.564367
v 0.037573 0.220153 -0.565073
v -0.010185 0.195881 -0.561971
v 0.048867 0.265203 -0.582532
v 0.048319 0.264957 -0.574979
v 0.150880 0.181426 -0.559689
v 0.163811 0.169537 -0.573435
v 0.171568 0.162888 -0.584910
v 0.026274 0.170791 -0.559082
v 0.014763 0.168698 -0.558967
v 0.025327 0.155514 -0.572398
v 0.017964 0.154461 -0.572366
v 0.024066 0.147058 -0.582348
v 0.020729 0.146612 -0.582353
v -0.038418 0.460345 -0.592493
v -0.055401 0.473343 -0.572915
v -0.022634 0.390664 -0.585922
v -0.043569 0.397456 -0.576883
v -0.045051 0.414897 -0.537486
v -0.050592 0.417866 -0.548413
v -0.028703 0.377415 -0.510767
v -0.011877 0.384337 -0.499749
v -0.050399 0.411972 -0.521158
v 0.037545 0.381817 -0.521479
v 0.037573 0.368463 -0.591113
v 0.120382 0.243243 -0.522189
v 0.108515 0.260770 -0.586424
v 0.138890 0.215470 -0.584809
v 0.145615 0.205509 -0.533970
v 0.149105 0.200256 -0.569701
v 0.150255 0.198582 -0.540070
v 0.150692 0.197895 -0.566203
v 0.160405 0.183431 -0.550923
v 0.157470 0.187780 -0.570611
v 0.170202 0.168795 -0.567657
v 0.165857 0.175258 -0.579867
v 0.174845 0.161851 -0.582030
v 0.171829 0.166341 -0.587607
v 0.148088 0.201754 -0.583111
v 0.151004 0.197416 -0.576296
v 0.174703 0.162055 -0.588040
v -0.026207 0.476409 -0.587832
v -0.034850 0.499512 -0.546665
v -0.034087 0.491202 -0.564949
v 0.030243 0.402971 -0.492044
v -0.003471 0.500541 -0.551369
v -0.053176 0.476883 -0.547234
v 0.144965 0.235259 -0.528230
v 0.151635 0.247156 -0.541825
v 0.150685 0.256133 -0.582556
v 0.124822 0.236449 -0.586326
v 0.132703 0.224789 -0.523765
v 0.157458 0.258210 -0.560782
v 0.118226 0.217605 -0.528354
v 0.106066 0.216614 -0.542260
v 0.098006 0.222909 -0.582530
v 0.092835 0.219317 -0.563290
v 0.113037 0.287073 -0.534102
v 0.118650 0.300492 -0.547805
v 0.106074 0.311043 -0.583095
v 0.099603 0.274906 -0.526736
v 0.088903 0.290104 -0.584155
v 0.166415 0.361982 -0.534051
v 0.173168 0.375138 -0.545632
v 0.169311 0.387843 -0.575172
v 0.138373 0.358780 -0.579839
v 0.139454 0.345554 -0.547669
v 0.151317 0.347463 -0.534735
v 0.117183 0.319363 -0.563425
v 0.125917 0.344868 -0.563927
v 0.178916 0.392461 -0.561748
v 0.117484 0.336013 -0.567671
v 0.116826 0.336789 -0.581362
v 0.082961 0.267252 -0.528420
v 0.072343 0.269103 -0.541630
v 0.062805 0.282483 -0.583028
v -0.005309 0.247195 -0.532212
v -0.020232 0.244799 -0.542448
v -0.022648 0.250193 -0.576468
v 0.010909 0.272433 -0.579432
v 0.017447 0.264428 -0.544424
v 0.013664 0.255730 -0.532830
v 0.055747 0.277646 -0.563666
v 0.024960 0.277749 -0.562944
v -0.029756 0.244422 -0.562241
v 0.036698 0.282761 -0.567602
v 0.035883 0.283937 -0.581269
v 0.079874 0.353011 -0.589526
v 0.058680 0.335401 -0.590326
v 0.106648 0.394796 -0.537041
v 0.123166 0.411330 -0.535357
v 0.130639 0.416319 -0.546109
v 0.140635 0.417801 -0.565764
v 0.098452 0.372409 -0.587167
v 0.100652 0.381421 -0.547503
v 0.034998 0.321861 -0.589171
v 0.001960 0.304570 -0.530996
v -0.018109 0.295456 -0.529459
v -0.032145 0.290566 -0.541964
v -0.039463 0.287859 -0.564300
v 0.012757 0.311088 -0.586616
v 0.015381 0.304029 -0.542780
v 0.134193 0.411276 -0.579657
v 0.114369 0.388956 -0.585440
v -0.028461 0.291975 -0.577268
v -0.004403 0.302101 -0.583454
v -0.043024 0.370651 -0.527615
v -0.036198 0.365262 -0.526236
v -0.046122 0.371687 -0.522821
v -0.039025 0.367251 -0.521059
v -0.044007 0.367595 -0.528781
v -0.038521 0.363085 -0.528393
v -0.047104 0.367374 -0.524943
v -0.041499 0.363584 -0.524313
v -0.045102 0.365058 -0.529785
v -0.041396 0.361622 -0.530440
v -0.047914 0.364474 -0.526923
v -0.044066 0.361205 -0.527475
v -0.048210 0.362640 -0.531254
v -0.047116 0.360629 -0.532566
v -0.049723 0.361918 -0.529808
v -0.048614 0.360033 -0.531011
v -0.050967 0.362243 -0.532291
v -0.050629 0.360948 -0.533373
v -0.051960 0.361725 -0.531282
v -0.051607 0.360490 -0.532291
v -0.053427 0.361624 -0.532967
v -0.038465 0.366323 -0.520025
v -0.034706 0.364420 -0.527188
v -0.047651 0.372058 -0.521185
v -0.043823 0.371442 -0.528480
v -0.031561 0.363732 -0.524830
v -0.033541 0.372005 -0.514365
v -0.042337 0.385966 -0.517798
v -0.041595 0.382541 -0.527952
v -0.046413 0.360184 -0.529634
v -0.044315 0.360878 -0.531781
v -0.046505 0.363617 -0.530512
v -0.048656 0.362780 -0.528462
v 0.160164 0.218879 -0.552141
v 0.149269 0.251124 -0.553890
v 0.112209 0.305958 -0.557300
v 0.131426 0.275318 -0.555857
v 0.092996 0.360294 -0.555473
v 0.156281 0.330345 -0.560306
v 0.182377 0.316755 -0.556078
v 0.134859 0.349856 -0.556187
v 0.103594 0.370293 -0.556942
v 0.124285 0.193749 -0.551647
v 0.102970 0.218195 -0.554962
v 0.087196 0.243839 -0.555871
v 0.067128 0.274787 -0.552541
v 0.027533 0.312449 -0.549924
v 0.031544 0.213758 -0.555977
v 0.026418 0.241921 -0.560725
v 0.017503 0.270633 -0.553767
v 0.017338 0.304651 -0.552515
v 0.158130 0.204098 -0.562910
v 0.150327 0.197782 -0.565052
v 0.159915 0.208348 -0.552119
v 0.155637 0.202542 -0.544126
v 0.141444 0.193083 -0.562913
v 0.143877 0.194779 -0.544147
v 0.135741 0.190287 -0.552073
v 0.150153 0.198073 -0.541544
v 0.216789 0.318749 -0.551526
v 0.216119 0.312493 -0.545752
v 0.216928 0.316949 -0.561095
v 0.207623 0.306189 -0.552614
v 0.211956 0.306654 -0.546255
v 0.211408 0.309127 -0.561526
v 0.017376 0.181647 -0.544743
v 0.010443 0.183276 -0.551354
v 0.012335 0.182344 -0.561386
v 0.025137 0.183474 -0.544879
v 0.027335 0.187470 -0.551660
v 0.022772 0.184767 -0.561406
v 0.190564 0.357116 -0.553629
v 0.203422 0.338030 -0.550772
v 0.171722 0.382179 -0.552062
v 0.138528 0.412032 -0.553793
v -0.000391 0.197617 -0.553525
v -0.009056 0.216176 -0.555032
v -0.022269 0.245827 -0.552089
v -0.034910 0.288435 -0.552918
v -0.051826 0.412747 -0.559926
v 0.107060 0.434078 -0.557408
v -0.041469 0.334017 -0.557319
v 0.061968 0.389440 -0.518132
v 0.037077 0.383745 -0.496401
v 0.020758 0.361207 -0.518844
v 0.042416 0.373636 -0.515684
v 0.080798 0.410625 -0.523012
v 0.001526 0.351810 -0.519549
v 0.077359 0.427127 -0.513522
v -0.001352 0.364761 -0.502036
v -0.018228 0.363360 -0.510730
v -0.017807 0.354028 -0.520513
v 0.088773 0.425841 -0.525467
v 0.047214 0.417257 -0.496104
v 0.042631 0.425122 -0.464684
v 0.054610 0.398618 -0.499417
v 0.012088 0.404901 -0.462577
v 0.015422 0.372007 -0.498488
v 0.008728 0.391571 -0.493820
v 0.053225 0.441802 -0.416094
v 0.060901 0.429808 -0.502734
v 0.067802 0.416691 -0.507677
v 0.056898 0.445041 -0.468023
v -0.035835 0.404719 -0.470942
v -0.032439 0.419403 -0.416748
v 0.012027 0.336778 -0.292419
v 0.024475 0.609300 -0.364046
v 0.077105 0.534800 -0.248625
v 0.109584 0.440238 -0.193532
v 0.080314 0.371410 -0.242509
v -0.040381 0.577492 -0.415569
v -0.086674 0.464696 -0.419790
v 0.044233 0.333384 -0.529219
v 0.073736 0.361581 -0.529567
v 0.058892 0.344785 -0.524154
v 0.040535 -0.033319 1.070061
v 0.042433 -0.084438 1.069703
v 0.081310 -0.259092 1.108674
v 0.079175 -0.276119 1.107751
v 0.082032 -0.286083 1.100640
v 0.071590 -0.208653 1.092778
v 0.032840 -0.005468 1.043670
v 0.056303 -0.137149 1.078915
v 0.055907 -0.150093 0.998767
v 0.043834 -0.091338 1.013809
v 0.039563 -0.038225 1.027038
v 0.065204 -0.174322 1.085154
v 0.082263 -0.261629 0.986810
v 0.077349 -0.225237 0.991789
v 0.060690 -0.024325 1.059942
v 0.059644 0.002009 1.043965
v 0.056225 -0.045761 1.062226
v 0.057956 -0.031591 1.061917
v 0.053874 -0.081405 1.061248
v 0.063564 -0.135563 1.070901
v 0.081475 -0.207017 1.085269
v 0.073138 -0.172058 1.078266
v 0.087296 -0.267472 1.104445
v 0.085759 -0.237389 1.093980
v 0.087298 -0.273765 1.107870
v 0.076804 -0.235925 1.100788
v 0.083219 -0.270721 1.107119
v 0.012474 -0.043502 1.065390
v -0.000050 0.000176 1.056168
v 0.025534 -0.089050 1.071926
v 0.040834 -0.142405 1.080636
v 0.060614 -0.211388 1.094302
v 0.050566 -0.176347 1.086676
v 0.074220 -0.258836 1.109975
v 0.068150 -0.237669 1.101689
v 0.077559 -0.270483 1.106826
v 0.057820 -0.035549 1.036323
v 0.063300 -0.150766 1.006801
v 0.055837 -0.086567 1.016361
v 0.083385 -0.228736 0.998591
v 0.088916 -0.275485 0.996457
v 0.086066 -0.280220 0.993591
v 0.081579 -0.284500 0.990036
v 0.082332 -0.274628 0.988527
v 0.078826 -0.274902 0.988543
v 0.012740 -0.044429 1.023394
v 0.046516 -0.162223 1.000163
v 0.051643 -0.148812 1.020477
v 0.066220 -0.230938 0.990123
v 0.074470 -0.259709 0.985793
v 0.054211 -0.043499 1.089438
v 0.053418 -0.076777 1.086776
v 0.076355 -0.167844 1.096851
v 0.088046 -0.235810 1.109702
v 0.064987 -0.132217 1.087639
v 0.082395 -0.204062 1.103534
v 0.091232 -0.264550 1.113283
v -0.254371 0.887105 -0.472769
v 0.075926 0.029948 1.071783
v 0.089664 0.095105 1.078218
v 0.079797 0.063488 1.107616
v 0.071879 0.036775 1.105895
v 0.066603 0.020887 1.090730
v 0.091222 0.079675 1.065481
v 0.089416 0.051876 1.064647
v 0.086005 0.086106 1.094202
v 0.053083 -0.151186 1.009584
v 0.045342 -0.102803 1.014269
v 0.035093 -0.058373 1.022769
v 0.047285 -0.164904 1.006552
v 0.051598 -0.179944 1.005754
v 0.016768 -0.058478 1.020910
v 0.042180 -0.106490 1.021023
v 0.034709 -0.062432 1.024522
v 0.042656 -0.148759 1.021574
v 0.032291 -0.112612 1.024053
v 0.018455 -0.064362 1.024647
v 0.058605 -0.177982 1.007256
v 0.050941 -0.177652 1.016919
v 0.059542 -0.181810 1.017405
v 0.062843 -0.219159 1.001040
v 0.064439 -0.215531 1.002243
v 0.063944 -0.223002 1.005777
v 0.065423 -0.218961 1.007467
v 0.045955 -0.103983 1.017819
v 0.053908 -0.147540 1.015619
v 0.061780 -0.179263 1.013655
v 0.064085 -0.223491 1.004400
v 0.066158 -0.217679 1.006022
v 0.037558 0.220096 -0.565077
v 0.037554 0.220129 -0.565065
v 0.594527 0.319440 0.470315
v 0.555028 0.441407 0.307606
v 0.594944 0.335150 0.482344
v 0.555613 0.458796 0.320125
v 0.576051 0.377118 0.384031
v 0.576616 0.407654 0.406140
v 0.561033 0.419045 0.329181
v 0.561784 0.445689 0.348527
v 0.597240 0.315591 0.485299
v 0.553724 0.452687 0.306364
v 0.073011 0.026497 1.083633
v 0.070560 0.029052 1.081819
v 0.068884 0.032851 1.093823
v 0.070865 0.030259 1.096027
v 0.068682 0.021330 1.084256
v 0.067570 0.025727 1.097172
v 0.062489 0.253289 1.035384
v -0.088243 0.307742 1.071381
v 0.026028 0.284654 1.050758
v -0.024486 0.310782 1.065753
v -0.010167 0.243128 1.127393
v -0.068504 0.238903 1.137742
v 0.066094 0.208380 1.078814
v 0.032260 0.228677 1.104675
v 0.058408 0.110525 1.147347
v 0.022447 0.102384 1.170000
v -0.025883 0.090265 1.181813
v 0.038786 -0.025884 1.153973
v 0.010985 -0.038310 1.158499
v 0.059323 -0.008075 1.144222
v 0.010023 0.172305 1.155585
v 0.047268 0.174872 1.131254
v 0.070092 0.168705 1.096910
v -0.046309 0.161498 1.169841
v 0.073683 0.059565 1.133859
v -0.005887 0.020532 1.177521
v 0.031119 0.033226 1.170330
v 0.056832 0.045522 1.154163
v 0.074711 0.046772 1.099504
v 0.059471 0.049423 1.120943
v 0.038138 0.055893 1.130231
v 0.018183 0.062555 1.129696
v 0.001375 0.068461 1.126207
v 0.073309 0.042140 1.097857
v 0.055257 0.035826 1.115644
v 0.031826 0.037083 1.122843
v 0.011650 0.041804 1.121691
v -0.004617 0.047400 1.118258
v 0.072824 0.038240 1.094347
v 0.052926 0.024727 1.105694
v 0.028579 0.021468 1.108789
v 0.009180 0.024892 1.106690
v -0.007053 0.030145 1.102876
v 0.073165 0.035805 1.089775
v 0.054082 0.017741 1.092558
v 0.030515 0.012004 1.090862
v 0.010589 0.014117 1.086610
v -0.005505 0.019198 1.082427
v 0.074347 0.035153 1.084723
v 0.057299 0.015884 1.078289
v 0.034755 0.009340 1.070966
v 0.015926 0.011193 1.064216
v -0.000143 0.016102 1.059899
v 0.076174 0.036398 1.080014
v 0.062463 0.019422 1.064903
v 0.041712 0.014153 1.052367
v 0.024076 0.016930 1.043444
v 0.008005 0.021620 1.039009
v 0.078380 0.039342 1.076384
v 0.068771 0.027774 1.054552
v 0.050349 0.026357 1.036945
v 0.033205 0.029802 1.028072
v 0.017023 0.034546 1.023124
v 0.080638 0.043530 1.074357
v 0.075145 0.039702 1.048535
v 0.058611 0.042735 1.029214
v 0.041923 0.047874 1.018722
v 0.026177 0.053368 1.013367
v 0.082589 0.048326 1.074189
v 0.080665 0.053374 1.047989
v 0.066202 0.061097 1.028658
v 0.050621 0.068703 1.017733
v 0.035274 0.074863 1.012278
v 0.083931 0.053008 1.075921
v 0.084505 0.066720 1.053089
v 0.072070 0.079715 1.035710
v 0.057277 0.088968 1.025546
v 0.042224 0.095665 1.020131
v 0.079804 0.047110 1.087254
v 0.084466 0.056865 1.079326
v 0.086059 0.077706 1.062940
v 0.074421 0.095167 1.049436
v 0.059958 0.105961 1.040424
v 0.045094 0.113261 1.035605
v 0.084120 0.059304 1.083898
v 0.085075 0.084652 1.075996
v 0.073078 0.104811 1.067534
v 0.058650 0.116976 1.060375
v 0.043584 0.124502 1.056256
v 0.082942 0.059955 1.088937
v 0.081712 0.086496 1.090273
v 0.068432 0.107391 1.087361
v 0.053596 0.120121 1.082486
v 0.038299 0.127523 1.078787
v 0.081101 0.058723 1.093666
v 0.076494 0.082958 1.103619
v 0.061652 0.102666 1.106161
v 0.046006 0.114966 1.103606
v 0.030150 0.122028 1.100019
v 0.078868 0.055803 1.097380
v 0.070402 0.074652 1.114121
v 0.054357 0.091545 1.121242
v 0.037700 0.102554 1.120308
v 0.020549 0.108941 1.116460
v 0.076666 0.051570 1.099342
v 0.064790 0.062904 1.120286
v 0.046362 0.075178 1.129879
v 0.027207 0.084010 1.129220
v 0.010166 0.089933 1.125687
v 0.048550 0.387274 -0.376427
v -0.078883 0.484565 -0.429206
v 0.031724 0.560105 -0.413947
v 0.091059 0.513648 -0.386732
v -0.034955 0.560436 -0.428150
vn -0.4586 -0.8011 0.3847
vn -0.5999 -0.7990 -0.0421
vn -0.5843 -0.7869 0.1985
vn -0.4522 -0.8727 0.1840
vn -0.2976 -0.9369 -0.1832
vn -0.2994 -0.9233 -0.2406
vn 0.0902 -0.3061 0.9477
vn -0.1944 -0.6174 0.7622
vn 0.1562 -0.5446 0.8241
vn -0.7312 -0.6217 0.2809
vn -0.6261 -0.7198 0.2998
vn -0.7760 -0.5048 0.3782
vn -0.5943 -0.6341 0.4947
vn -0.3692 -0.8892 0.2703
vn -0.1395 -0.8510 0.5063
vn 0.2638 -0.9199 0.2902
vn 0.2067 -0.7536 0.6240
vn -0.5710 -0.8182 -0.0662
vn -0.6664 -0.7348 0.1264
vn -0.7833 -0.6099 0.1206
vn -0.6289 -0.7076 0.3221
vn -0.5754 -0.8068 0.1341
vn -0.0531 -0.9985 -0.0125
vn 0.2230 -0.7776 0.5879
vn -0.7445 -0.4851 0.4586
vn -0.6997 -0.6449 0.3075
vn -0.4970 -0.8535 -0.1568
vn -0.5741 -0.1879 0.7970
vn -0.4412 -0.8197 0.3652
vn -0.7679 -0.4697 0.4355
vn -0.7809 -0.3526 0.5157
vn -0.9522 -0.2724 0.1383
vn -0.8466 -0.1728 0.5035
vn -0.9411 -0.2799 0.1898
vn -0.6809 0.0054 0.7324
vn -0.0698 0.1783 0.9815
vn -0.6475 -0.0538 0.7601
vn -0.8653 -0.1363 0.4824
vn -0.7696 -0.6056 0.2023
vn -0.7155 -0.6857 0.1335
vn -0.7739 -0.5376 0.3347
vn -0.5163 -0.5529 0.6540
vn 0.2051 -0.7154 0.6679
vn 0.1088 -0.4648 0.8787
vn -0.4452 -0.8032 0.3958
vn -0.5450 -0.8049 -0.2348
vn -0.6519 -0.5029 -0.5676
vn -0.8453 -0.3697 0.3857
vn -0.6728 -0.0965 0.7335
vn -0.8745 -0.2375 0.4228
vn 0.0521 -0.1817 0.9820
vn -0.0390 0.1265 0.9912
vn -0.9326 -0.3249 0.1572
vn -0.0191 0.0666 0.9976
vn -0.8452 -0.4300 0.3174
vn -0.0714 0.2491 0.9658
vn -0.6028 -0.3467 0.7186
vn -0.9080 -0.3719 0.1930
vn -0.6434 -0.7597 -0.0941
vn -0.5715 -0.6705 0.4731
vn -0.4315 -0.7025 -0.5660
vn -0.7603 -0.6361 -0.1316
vn -0.6733 -0.6996 0.2390
vn -0.3222 -0.8608 -0.3939
vn -0.8547 -0.5094 -0.0997
vn -0.5420 -0.7972 0.2660
vn -0.8750 -0.4832 0.0308
vn -0.4938 -0.6848 0.5360
vn -0.9007 -0.1946 -0.3884
vn -0.5067 -0.5544 0.6602
vn -0.9000 -0.4060 -0.1583
vn -0.4400 -0.6588 0.6102
vn -0.5576 -0.0458 -0.8288
vn -0.8060 -0.5918 0.0061
vn -0.5267 -0.3863 -0.7572
vn -0.9019 -0.3805 -0.2044
vn -0.6048 -0.3465 0.7170
vn -0.8724 -0.3642 -0.3260
vn -0.5164 -0.4230 -0.7446
vn -0.7437 -0.5557 -0.3715
vn -0.6568 -0.3460 0.6700
vn -0.5841 -0.6988 0.4130
vn -0.5296 -0.2409 -0.8133
vn -0.4386 -0.6067 -0.6630
vn -0.4790 -0.7755 -0.4113
vn -0.2980 -0.9379 0.1775
vn -0.0042 0.0148 -0.9999
vn 0.0805 -0.2638 -0.9612
vn 0.0346 -0.1207 -0.9921
vn 0.0019 -0.0537 -0.9986
vn -0.5344 -0.1924 -0.8230
vn 0.1291 -0.4504 -0.8834
vn -0.0497 0.1577 -0.9862
vn 0.1341 -0.5682 -0.8119
vn -0.5125 -0.4930 -0.7031
vn 0.1681 -0.5864 -0.7924
vn 0.0842 -0.2907 -0.9531
vn 0.1879 -0.6555 -0.7315
vn -0.4337 -0.6299 -0.6443
vn -0.5719 -0.4109 0.7100
vn -0.7516 -0.6434 0.1451
vn -0.5948 -0.5158 0.6166
vn 0.0436 -0.1520 0.9874
vn -0.2560 -0.4077 0.8765
vn -0.3282 -0.8527 -0.4063
vn -0.6615 -0.6796 0.3172
vn 0.2295 -0.8002 -0.5541
vn -0.6526 -0.7430 0.1482
vn -0.5277 -0.8225 0.2123
vn -0.6384 -0.7468 0.1864
vn -0.6495 -0.7145 0.2599
vn -0.6043 -0.7927 -0.0807
vn -0.2783 -0.8918 -0.3567
vn 0.2472 -0.8621 -0.4423
vn -0.8209 -0.5448 0.1713
vn -0.7992 -0.5858 0.1346
vn -0.3360 -0.1572 0.9287
vn -0.0184 0.0615 0.9979
vn -0.3808 -0.0653 0.9223
vn -0.6163 -0.7804 -0.1057
vn -0.6787 -0.7256 0.1137
vn -0.5130 -0.8257 0.2348
vn -0.6152 -0.7726 0.1571
vn -0.6028 -0.2885 0.7439
vn -0.6747 -0.2225 0.7038
vn -0.8046 -0.5783 0.1351
vn -0.7013 -0.6502 0.2923
vn -0.7492 -0.6009 0.2787
vn -0.5518 -0.7742 0.3100
vn -0.5673 -0.8139 -0.1253
vn -0.2900 -0.9252 0.2447
vn -0.5589 -0.4688 0.6840
vn -0.3812 0.2534 0.8891
vn -0.1307 0.0976 0.9866
vn 0.0984 -0.2725 0.9571
vn -0.4075 -0.5585 0.7225
vn -0.6196 -0.5122 0.5947
vn -0.6970 0.3821 0.6068
vn 0.3215 -0.8953 0.3084
vn -0.3359 -0.9099 0.2435
vn -0.7602 -0.5856 0.2813
vn -0.6690 -0.6457 0.3681
vn -0.8327 -0.4214 0.3592
vn -0.7480 -0.6051 0.2727
vn -0.8734 -0.4063 0.2686
vn -0.5473 -0.8043 0.2315
vn -0.9703 0.2400 -0.0303
vn -0.8077 -0.0150 -0.5894
vn -0.9500 -0.2536 0.1824
vn -0.5051 -0.1997 -0.8396
vn -0.1667 -0.4766 -0.8632
vn 0.0976 -0.8232 -0.5592
vn -0.5687 -0.7228 -0.3926
vn -0.3972 -0.8653 -0.3058
vn -0.6590 -0.6864 -0.3074
vn -0.8147 -0.5440 0.2009
vn -0.5848 -0.6395 0.4989
vn -0.8701 -0.4027 0.2842
vn -0.8360 -0.3109 0.4522
vn -0.7807 -0.4632 0.4194
vn -0.7364 -0.5907 0.3298
vn -0.5173 -0.7906 0.3278
vn -0.7388 -0.6320 0.2340
vn -0.6584 -0.6673 0.3481
vn -0.7071 -0.6430 0.2941
vn -0.6673 -0.6788 0.3066
vn -0.7454 -0.6602 -0.0928
vn -0.6398 -0.7539 0.1492
vn -0.5028 -0.8522 0.1448
vn -0.2963 -0.2629 0.9182
vn -0.9364 0.3059 0.1717
vn -0.6908 0.7102 0.1355
vn -0.9492 0.3108 0.0481
vn -0.6984 0.6560 0.2860
vn -0.2697 0.9469 0.1749
vn -0.9924 0.1230 0.0096
vn -0.9778 -0.1691 0.1236
vn -0.9513 -0.0048 0.3081
vn -0.9857 0.1062 0.1305
vn -0.9088 0.2920 0.2980
vn -0.2713 -0.8865 -0.3749
vn 0.2729 -0.9518 -0.1402
vn 0.2494 -0.8639 -0.4375
vn -0.1829 0.6380 0.7480
vn -0.6750 0.5646 0.4750
vn -0.6116 0.4169 0.6724
vn -0.9433 -0.3303 0.0340
vn -0.9966 -0.0461 -0.0689
vn -0.9496 -0.2862 -0.1277
vn -0.7094 -0.6786 -0.1903
vn -0.3029 -0.9413 -0.1492
vn -0.8388 0.1950 0.5084
vn -0.8908 -0.4465 -0.0847
vn -0.8873 -0.4256 -0.1779
vn -0.6707 -0.7003 -0.2443
vn -0.8864 -0.4099 0.2150
vn -0.4292 0.0249 0.9029
vn -0.7602 -0.0504 0.6477
vn -0.7250 -0.1459 0.6731
vn -0.0472 0.1645 0.9852
vn -0.4739 0.1055 0.8742
vn -0.8794 -0.2013 0.4315
vn -0.9012 -0.2837 0.3276
vn -0.5266 0.2001 0.8262
vn -0.7828 0.0829 0.6168
vn -0.7730 0.0383 0.6332
vn -0.1037 0.3615 0.9266
vn -0.5630 0.2844 0.7760
vn -0.8774 -0.1370 0.4597
vn -0.8786 -0.1296 0.4596
vn 0.1497 -0.2619 0.9534
vn 0.3379 -0.7212 -0.6047
vn 0.2200 -0.8162 -0.5343
vn 0.2611 -0.7358 -0.6248
vn -0.6680 -0.7173 -0.1984
vn -0.1302 -0.9913 -0.0169
vn -0.0991 -0.8540 -0.5108
vn 0.3162 -0.9113 -0.2637
vn 0.3008 -0.7478 -0.5919
vn 0.2094 0.4684 -0.8583
vn -0.5441 0.7238 -0.4244
vn -0.4044 0.1784 -0.8970
vn -0.3621 -0.5679 0.7392
vn -0.7201 0.1216 0.6832
vn -0.5142 0.1932 0.8356
vn -0.2903 0.3953 0.8715
vn 0.1556 -0.7339 0.6612
vn 0.2530 -0.6457 0.7205
vn -0.0719 0.9775 -0.1985
vn -0.3642 0.7900 0.4932
vn -0.3978 0.8558 0.3307
vn 0.1739 -0.2771 -0.9450
vn 0.4670 0.4771 -0.7445
vn 0.0260 -0.6769 0.7357
vn -0.4163 0.3111 0.8544
vn -0.1357 -0.8087 0.5724
vn 0.0296 -0.7901 0.6123
vn -0.5221 0.5848 0.6208
vn -0.3541 0.2793 0.8925
vn -0.6353 0.7722 0.0107
vn -0.4791 0.7317 0.4849
vn -0.4919 0.7156 0.4960
vn -0.3423 0.2392 -0.9086
vn 0.2450 -0.3822 -0.8910
vn -0.2475 0.4163 -0.8749
vn -0.4453 0.7634 0.4680
vn -0.3297 0.9433 0.0392
vn -0.4533 0.7785 0.4340
vn -0.4705 0.6645 0.5805
vn -0.6630 0.4357 0.6087
vn -0.5608 0.3443 0.7530
vn -0.4422 0.8966 0.0245
vn -0.4572 0.7495 0.4788
vn -0.4708 0.7393 0.4815
vn -0.0644 0.5023 -0.8623
vn 0.3840 -0.3265 -0.8637
vn 0.0560 0.5243 -0.8497
vn 0.4351 -0.8317 -0.3449
vn 0.3941 -0.7078 -0.5862
vn 0.3750 -0.7123 -0.5933
vn 0.4113 -0.3536 -0.8401
vn 0.1814 0.4546 -0.8720
vn 0.1421 0.5104 -0.8481
vn -0.6912 -0.7127 0.1192
vn -0.3766 -0.8080 0.4531
vn -0.4572 0.6488 0.6083
vn -0.4851 0.3183 0.8145
vn 0.2878 -0.8428 -0.4548
vn 0.4160 -0.7010 -0.5793
vn 0.3644 -0.8335 -0.4152
vn -0.4671 0.8690 0.1631
vn 0.3676 -0.5696 -0.7351
vn -0.0553 0.3378 -0.9396
vn 0.2884 -0.3289 -0.8992
vn -0.1446 0.4942 -0.8572
vn -0.4747 0.7351 0.4840
vn -0.4505 0.6459 0.6164
vn -0.3900 0.3198 0.8635
vn 0.0929 -0.7780 0.6213
vn -0.6191 0.7852 -0.0069
vn 0.2544 -0.4616 -0.8498
vn -0.2488 0.2197 -0.9433
vn 0.3448 -0.3646 -0.8650
vn -0.4264 0.6381 0.6411
vn -0.2610 0.3737 0.8901
vn -0.4166 0.6292 0.6562
vn 0.2924 -0.6014 0.7435
vn 0.4362 -0.6875 -0.5806
vn 0.4094 -0.8159 -0.4083
vn 0.4311 -0.6917 -0.5794
vn 0.3854 -0.7135 -0.5852
vn -0.3514 0.3601 0.8642
vn 0.4263 -0.8031 -0.4163
vn 0.4141 -0.6994 -0.5826
vn -0.6803 0.4944 0.5411
vn -0.6996 -0.5066 -0.5039
vn -0.0033 -0.6443 -0.7648
vn 0.3395 -0.6207 -0.7067
vn -0.6512 0.7447 0.1465
vn 0.3893 -0.6430 -0.6596
vn 0.3726 -0.6509 -0.6615
vn 0.4202 -0.6136 -0.6685
vn 0.4216 -0.6099 -0.6710
vn 0.4124 -0.6102 -0.6764
vn 0.3873 -0.5981 -0.7017
vn -0.6548 0.6475 0.3898
vn 0.4142 -0.6248 -0.6618
vn 0.3789 -0.6386 -0.6698
vn 0.3641 -0.4895 -0.7923
vn 0.3319 -0.3269 -0.8849
vn 0.4186 -0.4100 -0.8103
vn 0.4286 -0.3502 -0.8329
vn -0.4472 -0.3163 -0.8367
vn -0.4927 0.6884 0.5323
vn -0.4668 0.6525 0.5970
vn -0.4372 0.6458 0.6260
vn -0.4252 0.6231 0.6564
vn -0.3359 0.9407 0.0471
vn -0.3807 0.9238 0.0410
vn 0.4275 -0.8161 -0.3889
vn 0.4292 -0.8007 -0.4179
vn -0.4745 0.8801 0.0160
vn -0.5368 0.8436 0.0129
vn -0.0052 0.9991 0.0409
vn -0.6351 -0.7288 0.2560
vn 0.0436 0.3605 -0.9318
vn -0.4410 0.7738 0.4548
vn -0.4066 0.9136 -0.0037
vn -0.4440 0.7053 0.5527
vn -0.1217 0.9909 0.0573
vn 0.3872 0.4270 -0.8171
vn -0.7106 -0.6868 0.1526
vn -0.8605 -0.4383 0.2597
vn -0.6767 -0.6702 0.3047
vn -0.9594 -0.2820 -0.0074
vn -0.9823 -0.0268 0.1855
vn -0.9427 -0.2512 0.2194
vn -0.8830 -0.4631 0.0759
vn -0.9552 0.2958 0.0075
vn -0.7032 0.6911 0.1667
vn -0.9426 0.2853 0.1737
vn -0.8988 0.2639 0.3500
vn -0.9808 0.0094 0.1946
vn -0.9527 0.2337 0.1944
vn -0.3119 -0.9190 0.2413
vn -0.2975 -0.8992 0.3208
vn -0.7055 0.7059 0.0640
vn -0.2710 0.9484 0.1644
vn 0.2625 -0.9156 0.3046
vn 0.2692 -0.9136 0.3047
vn -0.9986 0.0051 -0.0529
vn -0.6623 -0.7023 0.2609
vn -0.1949 -0.9808 0.0023
vn -0.2552 -0.9527 0.1652
vn -0.6483 0.6367 0.4176
vn -0.2276 0.7921 0.5664
vn -0.6115 0.5822 0.5358
vn 0.2750 -0.9591 -0.0673
vn 0.2786 -0.9541 0.1102
vn -0.8489 -0.4258 0.3131
vn -0.6450 -0.7447 0.1715
vn -0.9417 -0.0536 0.3320
vn -0.8668 -0.2522 0.4302
vn -0.9171 -0.2353 0.3217
vn -0.8227 -0.4830 0.2997
vn -0.8896 0.2497 0.3824
vn -0.8814 0.2153 0.4205
vn -0.9473 -0.3132 -0.0674
vn -0.7054 -0.6447 -0.2946
vn -0.7105 -0.6813 -0.1759
vn -0.9532 -0.0210 -0.3015
vn -0.9524 -0.3020 -0.0411
vn -0.6857 0.5909 0.4250
vn -0.9039 0.2846 0.3192
vn -0.9055 0.2315 0.3555
vn -0.8907 0.2356 0.3888
vn -0.2241 -0.8628 -0.4532
vn -0.1751 -0.9280 -0.3290
vn -0.2341 0.8163 0.5282
vn -0.6603 0.5920 0.4621
vn 0.2579 -0.8994 -0.3529
vn 0.2420 -0.8439 -0.4788
vn -0.9096 -0.0100 0.4154
vn -0.2483 0.8659 0.4343
vn 0.0109 0.2437 -0.9698
vn -0.6957 0.3688 -0.6164
vn -0.5367 0.1094 -0.8367
vn -0.7036 0.6253 0.3374
vn -0.2614 0.9118 0.3168
vn -0.7056 0.6649 0.2452
vn -0.1005 -0.8755 -0.4726
vn 0.2314 -0.8068 -0.5436
vn 0.2207 -0.7959 -0.5637
vn -0.9743 0.1545 0.1642
vn -0.9853 -0.1496 0.0821
vn -0.9884 -0.1497 -0.0255
vn -0.9898 -0.0873 -0.1127
vn -0.9298 -0.3479 -0.1200
vn -0.2742 0.9563 0.1014
vn -0.1601 -0.9694 -0.1862
vn 0.2683 -0.9342 -0.2353
vn -0.2294 0.8001 0.5542
vn -0.6346 0.5905 0.4987
vn -0.6779 -0.7349 -0.0185
vn -0.6706 -0.3542 0.6519
vn -0.8661 -0.4978 0.0456
vn 0.2272 -0.8592 -0.4584
vn 0.1662 -0.9774 0.1305
vn -0.1141 -0.1241 -0.9857
vn -0.4765 -0.7553 -0.4500
vn 0.0256 -0.7542 -0.6562
vn -0.3262 -0.5331 -0.7806
vn 0.4672 -0.6408 -0.6092
vn 0.6575 -0.2036 -0.7254
vn -0.7222 0.6393 0.2640
vn 0.1697 -0.6518 -0.7392
vn 0.0980 -0.3418 -0.9347
vn -0.9961 -0.0722 -0.0514
vn -0.9798 0.1982 0.0264
vn -0.9726 0.2156 0.0874
vn -0.5947 -0.7496 -0.2906
vn -0.2540 0.8857 0.3886
vn 0.1332 -0.4502 -0.8829
vn -0.4855 -0.4116 -0.7713
vn -0.4440 -0.7336 -0.5145
vn 0.0427 -0.1488 -0.9879
vn -0.2629 0.9170 0.3000
vn -0.8444 0.4453 0.2978
vn -0.1887 0.1254 -0.9740
vn -0.0363 0.0316 -0.9988
vn -0.1136 -0.0447 -0.9925
vn 0.0193 -0.1225 -0.9923
vn 0.0221 0.0293 -0.9993
vn -0.0022 -0.1209 -0.9927
vn -0.9442 0.2259 0.2396
vn -0.9210 -0.1652 -0.3528
vn -0.8239 -0.5667 -0.0073
vn -0.9861 -0.0530 0.1575
vn -0.1703 -0.0211 -0.9852
vn -0.9823 -0.1124 -0.1498
vn 0.5854 -0.8070 0.0783
vn 0.2309 -0.9378 0.2593
vn 0.5311 -0.7768 0.3384
vn 0.7092 0.6967 0.1084
vn 0.9790 0.1865 0.0828
vn 0.7492 0.6619 -0.0237
vn -0.7180 0.6504 -0.2479
vn -0.9683 0.2006 -0.1492
vn -0.9876 -0.0443 -0.1504
vn -0.4311 -0.9022 0.0166
vn -0.2770 -0.9417 0.1908
vn 0.0307 -0.9939 0.1056
vn 0.0662 -0.0520 -0.9964
vn -0.0379 0.7993 -0.5998
vn -0.7889 -0.2837 -0.5450
vn -0.4334 -0.3075 -0.8471
vn -0.0657 -0.4249 -0.9028
vn 0.6033 0.5079 -0.6149
vn 0.9854 0.1399 0.0969
vn 0.9085 -0.3105 0.2797
vn 0.0397 0.9975 -0.0590
vn -0.6402 0.7364 -0.2185
vn -0.8972 -0.4391 0.0475
vn -0.8053 -0.5922 -0.0261
vn 0.0525 0.9897 -0.1331
vn 0.0553 -0.2128 -0.9755
vn 0.7146 -0.4036 -0.5713
vn 0.6859 0.4558 -0.5673
vn -0.9983 -0.0538 -0.0243
vn -0.7532 -0.6538 -0.0721
vn -0.8514 -0.5158 -0.0951
vn -0.8722 0.2422 -0.4250
vn -0.9906 -0.1239 -0.0586
vn -0.3328 0.1897 -0.9237
vn -0.1256 0.6820 -0.7205
vn 0.0093 -0.8977 -0.4405
vn -0.1964 -0.9562 -0.2171
vn 0.2733 -0.8679 -0.4149
vn -0.3993 -0.8862 -0.2349
vn -0.8452 0.3025 -0.4407
vn 0.8291 0.5528 0.0833
vn 0.6522 0.7434 0.1484
vn -0.8039 -0.5880 -0.0893
vn -0.9905 -0.1257 -0.0564
vn -0.0053 0.9835 -0.1809
vn 0.0486 -0.9909 -0.1256
vn 0.4789 -0.8515 -0.2136
vn -0.8357 0.3029 -0.4582
vn -0.0317 -0.0565 0.9979
vn -0.5332 0.0276 0.8455
vn -0.0699 0.0407 0.9967
vn -0.0353 -0.9726 0.2296
vn -0.4414 -0.1446 0.8856
vn 0.0005 -0.0397 -0.9992
vn -0.4816 -0.0729 -0.8733
vn -0.0748 -0.0461 -0.9961
vn -0.9648 0.0238 0.2619
vn -0.9536 -0.0439 0.2979
vn -0.9259 0.0338 0.3761
vn -0.9274 -0.0925 0.3623
vn 0.9099 -0.0651 0.4097
vn 0.8483 -0.5162 0.1182
vn 0.9850 -0.1532 0.0799
vn -0.8572 -0.4709 0.2086
vn -0.6968 -0.6985 0.1628
vn -0.9041 -0.3439 0.2539
vn -0.0835 -0.0813 -0.9932
vn 0.0132 0.0046 -0.9999
vn 0.0048 -0.0732 -0.9973
vn -0.5482 -0.4739 0.6891
vn -0.0040 -0.2414 0.9704
vn -0.5625 -0.2174 0.7977
vn 0.0051 -0.0516 -0.9987
vn -0.7373 -0.3653 -0.5682
vn -0.6368 -0.0266 -0.7706
vn 0.3262 -0.0741 0.9424
vn 0.8882 -0.0587 0.4557
vn 0.3790 -0.3736 0.8466
vn -0.0082 -0.5968 -0.8024
vn -0.7194 0.2309 -0.6551
vn -0.6266 -0.6769 -0.3862
vn -0.8604 -0.3956 0.3214
vn -0.4249 -0.8221 0.3789
vn -0.9733 -0.2178 0.0719
vn -0.7384 -0.5459 0.3958
vn -0.6741 -0.4583 0.5793
vn -0.6621 -0.6293 0.4069
vn -0.9339 -0.2763 0.2271
vn -0.9573 -0.2547 0.1365
vn -0.0253 -0.9988 -0.0415
vn -0.3669 -0.9224 -0.1208
vn -0.6328 -0.7741 -0.0155
vn 0.0148 0.5538 -0.8325
vn -0.7686 0.1837 -0.6128
vn -0.7541 0.3003 -0.5840
vn -0.0269 -0.9631 0.2677
vn -0.9330 -0.2913 -0.2111
vn -0.0202 -0.7147 -0.6992
vn 0.7806 -0.6246 0.0215
vn 0.1463 -0.3585 -0.9220
vn 0.6272 -0.6556 0.4206
vn -0.9794 -0.2019 0.0068
vn -0.7747 -0.6055 0.1821
vn 0.0122 0.4436 -0.8962
vn -0.0080 -0.4653 -0.8851
vn -0.4226 -0.9049 -0.0514
vn -0.4185 -0.6097 -0.6731
vn 0.3005 -0.1748 0.9376
vn 0.8810 -0.2357 0.4103
vn 0.4037 -0.4180 0.8138
vn -0.3255 0.0855 0.9417
vn 0.4433 -0.0814 0.8927
vn -0.0908 -0.0187 -0.9957
vn -0.5224 0.0244 -0.8524
vn -0.4992 0.1278 -0.8570
vn -0.3134 0.0508 0.9483
vn 0.4594 -0.4793 0.7478
vn 0.5047 -0.1845 0.8434
vn -0.8980 0.3709 0.2367
vn -0.4178 0.1175 0.9009
vn -0.8854 -0.0201 0.4644
vn -0.8405 0.1079 0.5309
vn -0.8069 0.1545 0.5702
vn 0.8807 0.3567 0.3117
vn 0.9564 0.2899 0.0350
vn 0.9134 0.3750 -0.1584
vn -0.8529 0.0607 0.5186
vn -0.8168 0.1639 0.5532
vn 0.8235 -0.5663 -0.0338
vn 0.5255 -0.8501 -0.0334
vn 0.8647 -0.4869 0.1231
vn -0.7209 -0.1108 -0.6841
vn -0.8423 -0.5045 -0.1897
vn -0.9885 -0.0999 0.1133
vn 0.9174 -0.3637 0.1618
vn 0.4842 -0.4682 -0.7392
vn 0.3580 -0.8997 -0.2495
vn 0.2215 -0.5656 -0.7944
vn -0.8888 0.0933 0.4487
vn -0.8912 0.0675 0.4485
vn 0.0771 -0.9651 0.2503
vn -0.8138 -0.3346 -0.4752
vn -0.9291 0.2808 0.2407
vn 0.6185 0.0680 -0.7829
vn 0.1742 -0.7840 -0.5958
vn -0.4053 -0.1441 0.9027
vn -0.0432 -0.9354 -0.3509
vn -0.8967 0.4106 0.1651
vn -0.8405 0.3005 0.4509
vn -0.6096 -0.2898 0.7379
vn 0.2980 -0.8646 0.4044
vn 0.3263 -0.7598 0.5624
vn 0.0507 -0.9730 0.2252
vn -0.7116 -0.6954 0.1000
vn 0.8295 -0.5314 -0.1719
vn 0.4162 -0.8944 -0.1640
vn -0.4609 0.6344 -0.6206
vn -0.9604 0.2130 0.1795
vn 0.4481 -0.0126 -0.8939
vn -0.4584 0.6843 -0.5670
vn 0.6931 0.1646 -0.7017
vn 0.0115 -0.9999 0.0004
vn 0.8568 -0.4699 -0.2125
vn -0.7445 -0.6496 0.1540
vn 0.3834 -0.6785 -0.6266
vn -0.7218 -0.3872 0.5737
vn 0.0770 -0.0503 -0.9958
vn 0.1111 -0.9886 -0.1016
vn -0.5309 -0.3131 -0.7875
vn -0.4145 0.2980 -0.8599
vn -0.9236 -0.1138 0.3659
vn -0.9641 -0.1532 0.2168
vn -0.9413 -0.1719 0.2907
vn -0.9888 0.0461 0.1422
vn 0.8200 -0.3062 0.4836
vn 0.4309 -0.2613 0.8637
vn -0.9647 0.2482 0.0880
vn 0.8822 -0.3935 0.2587
vn 0.0936 -0.0040 -0.9956
vn 0.4843 0.1485 -0.8622
vn 0.4922 0.1732 -0.8531
vn -0.9351 0.3517 -0.0443
vn -0.2921 -0.4753 -0.8299
vn -0.2150 -0.1821 0.9595
vn -0.6302 -0.0862 0.7716
vn -0.1347 -0.3018 0.9438
vn -0.1079 -0.0873 -0.9903
vn -0.1356 -0.0498 -0.9895
vn -0.1337 0.0286 -0.9906
vn -0.5045 -0.7414 0.4426
vn -0.8209 0.4421 -0.3615
vn -0.2737 0.3231 -0.9059
vn -0.3415 0.1748 -0.9235
vn -0.0785 -0.0492 -0.9957
vn -0.0570 0.0094 -0.9983
vn -0.5881 -0.4758 0.6540
vn -0.4965 -0.7626 0.4146
vn 0.0889 -0.0788 -0.9929
vn 0.0889 -0.0488 -0.9948
vn 0.7112 0.1611 -0.6843
vn 0.9647 -0.2634 0.0079
vn 0.7706 0.2525 -0.5852
vn -0.0547 0.0105 -0.9984
vn -0.0045 0.0160 -0.9999
vn -0.1235 0.4586 -0.8800
vn -0.1249 0.8756 -0.4666
vn -0.5998 0.7338 -0.3189
vn -0.0314 0.9660 -0.2566
vn 0.7996 0.3030 0.5186
vn 0.8879 0.1979 0.4153
vn -0.8910 -0.1995 0.4078
vn 0.4219 0.1627 -0.8919
vn 0.7521 0.3432 -0.5627
vn 0.8181 0.3972 -0.4158
vn -0.8707 0.4536 -0.1900
vn 0.4830 -0.4769 0.7344
vn 0.6859 -0.2422 0.6863
vn 0.7179 -0.2098 0.6638
vn 0.2219 -0.9503 0.2185
vn 0.4711 -0.1194 -0.8740
vn 0.0027 0.0150 -0.9999
vn 0.4961 0.0058 0.8683
vn 0.9469 -0.0266 0.3204
vn 0.9291 -0.0102 0.3698
vn 0.9030 -0.1306 0.4093
vn 0.4786 -0.4843 0.7324
vn 0.5637 -0.2314 0.7929
vn 0.8398 -0.3426 0.4211
vn 0.5391 -0.8068 0.2416
vn 0.0702 0.0116 -0.9975
vn 0.9120 -0.1539 0.3803
vn 0.7053 -0.3274 -0.6287
vn 0.0058 -0.0737 -0.9973
vn -0.8449 0.3510 0.4037
vn 0.7682 -0.4115 0.4906
vn 0.3165 -0.8186 0.4792
vn 0.7051 -0.5892 0.3945
vn 0.9405 -0.3343 0.0609
vn 0.6141 -0.5266 0.5879
vn 0.6124 -0.6556 0.4418
vn 0.8945 -0.3455 0.2837
vn 0.5758 -0.6638 0.4772
vn 0.2475 -0.9417 -0.2277
vn -0.0208 -0.9560 -0.2925
vn 0.7784 0.1347 -0.6131
vn 0.0109 0.3182 -0.9480
vn 0.9136 -0.3487 -0.2094
vn 0.7379 -0.6498 0.1822
vn -0.1681 -0.3452 -0.9234
vn -0.7775 -0.5988 0.1921
vn -0.6623 -0.6107 0.4341
vn 0.4106 -0.9099 -0.0594
vn -0.0249 -0.9985 -0.0479
vn 0.5876 -0.7942 -0.1547
vn 0.4216 -0.5977 -0.6819
vn -0.8767 -0.3480 0.3321
vn -0.3460 -0.2203 0.9120
vn -0.5288 -0.5394 0.6553
vn -0.4750 -0.1997 0.8570
vn 0.3346 0.0965 0.9374
vn 0.2998 0.0170 0.9539
vn -0.5039 -0.4323 0.7478
vn 0.3924 -0.1275 0.9109
vn 0.8155 0.3711 0.4442
vn 0.2927 0.0235 0.9559
vn 0.8519 0.1062 0.5128
vn 0.8314 0.1622 0.5315
vn -0.4752 -0.3503 0.8071
vn -0.4731 -0.7374 0.4821
vn 0.1014 -0.5116 0.8532
vn 0.8602 0.1144 0.4969
vn -0.5479 -0.2161 0.8082
vn -0.8230 -0.4085 0.3949
vn -0.6662 -0.7029 0.2493
vn -0.5719 -0.8152 0.0919
vn -0.9119 -0.3245 0.2515
vn 0.5184 0.0846 -0.8509
vn -0.4460 -0.4420 -0.7783
vn -0.3569 -0.8941 -0.2705
vn -0.1787 -0.5457 -0.8187
vn -0.1041 -0.9785 -0.1781
vn 0.8430 0.0898 0.5304
vn -0.8475 -0.4896 0.2049
vn 0.6902 -0.2151 -0.6909
vn 0.9669 -0.1734 0.1874
vn 0.7362 -0.6578 -0.1592
vn 0.8794 0.0353 0.4747
vn 0.9610 0.1580 0.2270
vn 0.7622 -0.4077 -0.5029
vn 0.9320 -0.3307 0.1487
vn -0.6218 0.1075 -0.7758
vn -0.2618 -0.7367 -0.6235
vn -0.1668 -0.9364 0.3087
vn -0.0490 -0.9341 -0.3536
vn 0.8900 0.4338 0.1404
vn 0.6025 -0.3556 0.7146
vn -0.3488 -0.8466 0.4020
vn 0.6987 -0.4461 0.5593
vn -0.3632 -0.7430 0.5622
vn 0.5114 -0.7053 -0.4909
vn 0.5805 -0.8090 0.0922
vn -0.8708 -0.4614 -0.1695
vn -0.1270 -0.9551 0.2677
vn -0.5116 -0.8438 -0.1618
vn 0.5199 0.5587 -0.6461
vn 0.9771 0.1236 0.1734
vn 0.5035 0.6486 -0.5708
vn -0.6900 0.2267 -0.6874
vn 0.4347 0.2678 -0.8599
vn -0.4512 0.0229 -0.8921
vn -0.8935 -0.3973 -0.2092
vn -0.0662 -0.9978 -0.0012
vn -0.4237 -0.6513 -0.6295
vn 0.7041 -0.6937 0.1519
vn -0.8741 -0.2748 -0.4005
vn 0.8548 -0.3349 -0.3965
vn 0.4713 -0.4315 -0.7692
vn 0.5452 -0.8357 -0.0657
vn -0.0340 0.0210 0.9992
vn -0.8160 -0.4027 0.4148
vn -0.8516 -0.3070 0.4249
vn -0.6088 -0.3668 0.7035
vn -0.9105 0.4121 -0.0343
vn 0.9534 0.2883 0.0889
vn 0.2661 -0.4906 -0.8298
vn 0.3911 -0.7694 0.5050
vn 0.1492 -0.2790 0.9486
vn 0.6925 -0.1858 0.6971
vn 0.1344 -0.0851 -0.9873
vn 0.1688 0.0229 -0.9854
vn 0.1673 -0.0428 -0.9850
vn 0.9271 -0.1710 0.3335
vn 0.1242 0.2763 -0.9530
vn 0.6045 0.6701 -0.4308
vn 0.4568 -0.6651 0.5908
vn 0.3854 -0.7852 0.4848
vn -0.3657 -0.9162 0.1637
vn -0.5609 -0.3608 0.7451
vn -0.5445 0.6518 -0.5279
vn 0.8418 0.4206 0.3383
vn 0.8956 0.4420 -0.0502
vn 0.3054 0.1129 -0.9455
vn -0.4521 0.2286 -0.8622
vn 0.9404 0.3318 -0.0746
vn 0.8652 -0.1771 0.4690
vn -0.0561 -0.6817 0.7295
vn -0.0496 -0.9764 0.2103
vn 0.6590 -0.6781 -0.3255
vn 0.8405 -0.4518 0.2991
vn 0.7597 -0.5841 -0.2859
vn 0.7649 0.6422 -0.0494
vn -0.6039 -0.3474 0.7174
vn -0.5406 0.0446 0.8401
vn -0.0129 -0.8422 0.5391
vn -0.0110 -0.5105 0.8598
vn -0.0213 -0.7844 0.6199
vn -0.0159 -0.5918 0.8060
vn -0.0124 -0.8026 0.5964
vn -0.9042 -0.0943 0.4166
vn 0.6282 -0.0921 -0.7726
vn 0.8075 0.5413 0.2343
vn 0.6822 -0.0093 -0.7311
vn 0.9902 -0.1130 -0.0826
vn 0.2180 -0.6254 0.7492
vn 0.4093 -0.4211 0.8094
vn -0.3109 -0.5397 0.7823
vn -0.0461 -0.5817 0.8121
vn 0.0564 -0.6878 0.7237
vn 0.0547 -0.9809 -0.1864
vn 0.7738 -0.5688 0.2788
vn 0.9987 -0.0426 0.0293
vn 0.5747 -0.0241 0.8180
vn -0.5097 0.1700 -0.8434
vn 0.3262 -0.5430 0.7738
vn -0.1647 -0.7534 0.6366
vn 0.7833 -0.0743 -0.6172
vn 0.3946 -0.6195 0.6786
vn 0.7811 0.5610 0.2740
vn -0.0824 0.5290 -0.8446
vn -0.1228 0.6210 -0.7741
vn -0.3515 -0.7960 -0.4928
vn -0.0203 -0.3844 -0.9230
vn 0.5601 -0.7387 0.3749
vn -0.0698 -0.5456 -0.8352
vn 0.4748 -0.7011 0.5320
vn 0.8112 -0.5790 0.0824
vn 0.4513 0.5737 0.6835
vn 0.6554 -0.7172 0.2367
vn 0.6614 0.6116 0.4342
vn -0.3791 0.8163 -0.4358
vn -0.2053 0.7404 -0.6400
vn 0.0929 -0.1440 -0.9852
vn 0.6505 0.5955 -0.4715
vn 0.4032 0.5730 0.7135
vn 0.5776 -0.7722 -0.2649
vn -0.4335 0.8425 -0.3199
vn 0.4720 -0.3057 0.8269
vn 0.6034 0.3139 -0.7331
vn 0.8004 0.4390 0.4082
vn -0.4088 -0.9123 -0.0221
vn -0.6199 -0.6677 0.4121
vn -0.6580 -0.6912 -0.2989
vn 0.5806 -0.7465 -0.3251
vn 0.9714 0.1642 0.1718
vn 0.1654 -0.5459 0.8213
vn 0.4004 -0.9125 -0.0831
vn 0.8020 -0.5596 0.2088
vn -0.0477 -0.9766 -0.2099
vn -0.1940 -0.9715 -0.1360
vn -0.3321 -0.6601 0.6738
vn -0.4514 -0.4595 0.7649
vn -0.7081 -0.6526 0.2698
vn -0.5039 -0.8451 0.1786
vn -0.5256 -0.5687 0.6327
vn 0.9104 -0.4098 0.0566
vn 0.3709 -0.2045 -0.9059
vn 0.2523 -0.5192 -0.8166
vn 0.0614 -0.1691 -0.9837
vn 0.3802 -0.0490 -0.9236
vn 0.3903 -0.0542 -0.9191
vn -0.0613 -0.4539 0.8890
vn 0.2863 -0.3148 0.9050
vn -0.1879 0.4694 -0.8627
vn 0.6052 -0.7764 0.1757
vn 0.4188 0.0807 0.9045
vn 0.0939 -0.2851 -0.9539
vn 0.3716 -0.0949 -0.9235
vn 0.4256 -0.1190 -0.8970
vn 0.2483 -0.8659 0.4342
vn 0.3948 -0.2174 -0.8927
vn 0.3538 -0.2569 -0.8993
vn 0.0996 -0.0598 -0.9932
vn 0.2150 0.1522 -0.9647
vn 0.3061 0.0703 -0.9494
vn 0.0590 -0.3792 -0.9234
vn 0.4043 -0.0652 0.9123
vn 0.0728 -0.1659 -0.9835
vn 0.1912 -0.2001 0.9609
vn 0.0747 -0.2174 -0.9732
vn 0.0523 0.0538 -0.9972
vn 0.2600 0.0755 -0.9627
vn 0.5529 -0.8298 0.0762
vn 0.2945 -0.0550 -0.9541
vn 0.4309 -0.0721 -0.8995
vn 0.4903 -0.0864 -0.8672
vn 0.4315 -0.0168 -0.9020
vn 0.4325 -0.0361 -0.9009
vn -0.2511 0.8748 -0.4144
vn 0.1619 0.0545 -0.9853
vn -0.0242 0.0845 -0.9961
vn 0.3871 0.0448 -0.9210
vn 0.3124 0.0440 -0.9489
vn 0.1753 -0.1248 -0.9766
vn 0.0645 -0.2249 -0.9722
vn 0.0318 -0.1107 -0.9933
vn 0.0444 -0.1548 -0.9869
vn 0.0178 -0.0621 -0.9979
vn 0.0697 -0.2430 -0.9675
vn 0.0815 -0.2844 -0.9552
vn 0.0504 -0.1758 -0.9831
vn 0.4357 0.2435 0.8665
vn 0.4917 0.0840 0.8667
vn 0.3104 -0.0349 0.9500
vn -0.0339 -0.4067 0.9129
vn -0.0700 -0.2641 0.9620
vn 0.3169 0.3609 0.8771
vn 0.0973 -0.3370 0.9364
vn -0.3733 -0.1042 0.9218
vn -0.0131 0.0456 0.9989
vn 0.1464 -0.2500 0.9571
vn 0.2750 -0.9592 -0.0660
vn 0.2391 -0.5853 0.7747
vn -0.8266 -0.4724 -0.3060
vn -0.0864 0.2061 0.9747
vn 0.0441 0.0063 0.9990
vn 0.0368 -0.1282 0.9911
vn -0.7362 -0.6398 0.2205
vn -0.9199 -0.3643 0.1452
vn -0.9382 -0.3374 0.0771
vn -0.9474 -0.3197 0.0165
vn -0.8739 -0.4237 0.2383
vn -0.9441 -0.3167 0.0918
vn -0.7892 -0.2920 -0.5402
vn -0.0776 0.2706 -0.9596
vn -0.0471 0.3962 -0.9170
vn -0.1117 0.3897 -0.9142
vn -0.5022 -0.8280 0.2494
vn -0.4670 -0.8516 0.2381
vn 0.3194 -0.4482 -0.8349
vn -0.6383 -0.1637 -0.7521
vn -0.5319 -0.0792 0.8431
vn -0.8558 -0.3503 0.3805
vn -0.4099 -0.2005 0.8898
vn -0.8528 -0.4062 0.3283
vn -0.0445 0.2499 0.9673
vn -0.4548 -0.2215 0.8626
vn 0.0106 -0.0369 0.9993
vn -0.9231 -0.3440 0.1716
vn -0.9201 -0.3827 0.0833
vn -0.6481 -0.3282 -0.6872
vn -0.7860 -0.6153 -0.0599
vn 0.0250 -0.0871 0.9959
vn 0.0141 -0.0491 0.9987
vn -0.1639 -0.5705 0.8048
vn -0.4163 -0.5969 0.6858
vn -0.0235 0.0820 -0.9964
vn -0.1253 -0.2629 -0.9566
vn -0.3476 -0.3032 0.8873
vn -0.5027 -0.8382 0.2114
vn -0.7965 -0.4433 0.4112
vn -0.2606 0.9090 0.3253
vn -0.1343 0.4762 0.8690
vn -0.0695 0.2425 0.9677
vn 0.0105 -0.0366 0.9993
vn 0.1948 -0.0199 0.9806
vn 0.2556 -0.4634 0.8485
vn 0.4568 -0.2632 0.8497
vn 0.2464 0.0462 0.9681
vn 0.5100 -0.1968 0.8374
vn -0.5032 -0.4292 0.7500
vn 0.0078 -0.2476 0.9688
vn -0.3017 -0.0478 0.9522
vn -0.1113 -0.7156 0.6895
vn -0.4933 -0.7366 0.4627
vn -0.4219 -0.7962 0.4338
vn -0.5739 -0.7772 0.2580
vn -0.5784 -0.6742 0.4592
vn -0.2905 -0.5724 0.7668
vn 0.0094 -0.8399 0.5426
vn 0.4278 -0.6613 0.6161
vn -0.3768 -0.8442 0.3811
vn 0.0486 -0.9401 0.3374
vn -0.3598 -0.8828 0.3020
vn 0.6981 -0.4179 0.5814
vn 0.7106 -0.6534 0.2608
vn 0.7737 -0.5860 0.2408
vn 0.4853 -0.8173 0.3106
vn 0.7229 -0.6772 -0.1370
vn 0.6576 -0.7450 -0.1121
vn 0.0210 -0.9944 0.1036
vn 0.4406 -0.8973 -0.0282
vn -0.3715 -0.9047 0.2088
vn 0.5544 -0.6705 -0.4931
vn 0.4855 -0.7397 -0.4660
vn -0.0808 -0.9902 -0.1141
vn 0.2876 -0.8926 -0.3472
vn -0.4107 -0.9032 0.1246
vn 0.3071 -0.5677 -0.7638
vn 0.2350 -0.6398 -0.7317
vn -0.2406 -0.9278 -0.2851
vn -0.4723 -0.8794 0.0594
vn 0.0481 -0.7984 -0.6002
vn -0.0580 -0.4691 -0.8812
vn 0.0132 -0.3910 -0.9203
vn -0.5476 -0.8365 0.0217
vn -0.4310 -0.8166 -0.3840
vn -0.2256 -0.6409 -0.7338
vn -0.3022 -0.1646 -0.9389
vn -0.3709 -0.2554 -0.8929
vn -0.5004 -0.4491 -0.7403
vn -0.6252 -0.7803 0.0186
vn -0.6226 -0.6768 -0.3929
vn -0.5835 0.0769 -0.8085
vn -0.6457 -0.0230 -0.7633
vn -0.7496 -0.2355 -0.6186
vn -0.7921 -0.5264 -0.3089
vn -0.6921 -0.7200 0.0509
vn -0.8357 0.1953 -0.5132
vn -0.7795 0.2991 -0.5504
vn -0.9223 -0.0357 -0.3849
vn -0.9099 -0.3883 -0.1461
vn -0.7377 -0.6656 0.1132
vn -0.9151 0.3626 -0.1763
vn -0.8597 0.4675 -0.2056
vn -0.9903 0.1143 -0.0792
vn -0.7557 -0.6249 0.1959
vn -0.9564 -0.2843 0.0671
vn -0.8707 0.4543 0.1884
vn -0.8127 0.5583 0.1668
vn -0.7437 -0.6036 0.2873
vn -0.9267 -0.2328 0.2951
vn -0.9498 0.1924 0.2468
vn -0.7138 0.4664 0.5225
vn -0.6457 0.5698 0.5083
vn -0.7045 -0.6051 0.3709
vn -0.8334 -0.2450 0.4955
vn -0.8207 0.1883 0.5395
vn -0.4523 0.3864 0.8038
vn -0.3720 0.4807 0.7941
vn -0.6504 -0.6275 0.4280
vn -0.6939 -0.3132 0.6483
vn -0.6017 0.1059 0.7917
vn -0.1157 0.2122 0.9704
vn -0.0543 0.2853 0.9569
vn 0.6391 -0.4843 0.5975
vn 0.8134 -0.4363 0.3848
vn 0.9321 -0.3597 -0.0421
vn 0.8651 -0.0124 0.5015
vn 0.7489 -0.6368 -0.1832
vn 0.8460 -0.5005 0.1840
vn 0.7432 -0.6243 -0.2406
vn 0.4921 -0.4205 0.7622
vn 0.4331 -0.2101 0.8765
vn 0.9124 -0.2787 0.2998
vn 0.9495 -0.1397 0.2810
vn 0.9256 -0.0169 0.3782
vn 0.8400 -0.2229 0.4947
vn 0.7843 -0.5584 0.2703
vn 0.7362 -0.6309 0.2446
vn 0.5693 -0.6477 0.5062
vn 0.9179 -0.3913 -0.0662
vn 0.9874 -0.1021 0.1206
vn 0.9083 -0.2668 0.3221
vn 0.9351 -0.1762 0.3075
vn 0.5742 -0.8187 -0.0125
vn 0.8885 -0.0169 0.4586
vn 0.9545 -0.2700 0.1265
vn 0.8737 -0.4604 -0.1568
vn 0.9125 -0.3578 0.1985
vn 0.5864 0.1449 0.7970
vn 0.8085 -0.4614 0.3652
vn 0.9001 0.0086 0.4355
vn 0.8491 0.1148 0.5157
vn 0.9447 0.0832 0.3173
vn 0.8095 0.3021 0.5035
vn 0.9519 0.2736 0.1383
vn 0.9464 0.2613 0.1898
vn 0.5746 0.3654 0.7324
vn 0.5776 0.2975 0.7601
vn 0.8060 0.3430 0.4824
vn 0.9736 -0.1058 0.2023
vn 0.9702 -0.2024 0.1335
vn 0.8887 -0.3938 -0.2348
vn 0.7309 -0.1953 0.6540
vn 0.8032 -0.4453 0.3958
vn 0.9412 -0.0458 0.3347
vn 0.8194 -0.0810 -0.5675
vn 0.6217 0.2746 0.7335
vn 0.9128 0.1344 0.3857
vn 0.8675 0.2620 0.4228
vn 0.6949 0.0254 0.7186
vn 0.9631 0.2184 0.1571
vn 0.9671 0.1658 0.1931
vn 0.8400 -0.2658 0.4731
vn 0.9482 -0.3033 -0.0941
vn 0.9818 -0.1366 -0.1316
vn 0.7382 -0.3671 -0.5660
vn 0.9417 -0.2366 0.2391
vn 0.9948 0.0210 -0.0997
vn 0.7294 -0.5593 -0.3939
vn 0.8821 -0.3889 0.2660
vn 0.9981 0.0539 0.0308
vn 0.7816 -0.3191 0.5360
vn 0.7235 -0.2017 0.6602
vn 0.8670 0.3122 -0.3884
vn 0.9784 0.1326 -0.1583
vn 0.7223 -0.3256 0.6102
vn 0.9972 -0.0748 0.0061
vn 0.4972 0.2566 -0.8288
vn 0.9665 0.1553 -0.2044
vn 0.6513 -0.0484 -0.7572
vn 0.6966 0.0266 0.7170
vn 0.9328 0.1534 -0.3260
vn 0.6621 -0.0850 -0.7446
vn 0.5552 0.1200 -0.8230
vn 0.7403 0.0545 0.6700
vn 0.9252 -0.0772 -0.3715
vn 0.5768 0.0763 -0.8133
vn 0.6935 -0.2820 -0.6630
vn 0.7497 -0.6375 0.1775
vn 0.8656 -0.2830 0.4130
vn 0.7016 -0.3043 -0.6443
vn 0.6959 -0.1465 -0.7031
vn 0.9784 -0.1474 0.1451
vn 0.7027 -0.0454 0.7100
vn 0.7778 -0.1222 0.6166
vn 0.7302 -0.5492 -0.4063
vn 0.9211 -0.2258 0.3172
vn 0.9472 -0.2843 0.1482
vn 0.8834 -0.4178 0.2123
vn 0.8903 -0.3921 0.2315
vn 0.9295 -0.2618 0.2599
vn 0.9325 -0.3520 -0.0807
vn 0.7086 -0.6088 -0.3567
vn 0.9849 -0.0270 0.1713
vn 0.3682 0.0447 0.9287
vn 0.9362 -0.3352 -0.1057
vn 0.8726 -0.4284 0.2348
vn 0.9601 -0.2556 0.1137
vn 0.9311 -0.3292 0.1571
vn 0.6641 0.0748 0.7439
vn 0.3577 0.1463 0.9223
vn 0.9888 -0.0641 0.1351
vn 0.9371 -0.2950 0.1864
vn 0.8782 -0.3642 0.3100
vn 0.9538 -0.1125 0.2787
vn 0.9124 -0.3896 -0.1253
vn 0.7224 -0.1014 0.6840
vn 0.1890 0.4169 0.8891
vn 0.7969 -0.1061 0.5947
vn 0.0610 -0.2832 0.9571
vn 0.6416 -0.2577 0.7225
vn 0.3886 0.6934 0.6068
vn 0.9104 0.0461 0.4112
vn 0.2018 -0.9296 0.3084
vn 0.7671 -0.5936 0.2435
vn 0.9550 -0.0938 0.2813
vn 0.9295 0.0839 0.3592
vn 0.9550 -0.1167 0.2727
vn 0.9560 0.1182 0.2686
vn 0.9393 -0.1798 0.2923
vn 0.6957 0.7177 -0.0303
vn 0.9400 0.2883 0.1824
vn 0.6929 0.4153 -0.5894
vn 0.5342 0.0983 -0.8396
vn 0.3939 -0.3158 -0.8632
vn 0.3535 -0.7498 -0.5592
vn 0.8653 -0.3116 -0.3926
vn 0.7948 -0.5240 -0.3061
vn 0.9226 -0.2329 -0.3074
vn 0.9792 -0.0297 0.2009
vn 0.9819 -0.1649 -0.0928
vn 0.0591 0.1521 0.9866
vn 0.9155 -0.3793 0.1341
vn 0.9513 0.1196 0.2842
vn 0.8737 0.1794 0.4522
vn 0.9075 0.0209 0.4194
vn 0.9375 -0.1107 0.3298
vn 0.8576 -0.3963 0.3278
vn 0.9120 -0.2170 0.3481
vn 0.9614 -0.1445 0.2340
vn 0.9256 -0.2220 0.3066
vn 0.9404 -0.1706 0.2941
vn 0.8473 -0.4747 0.2381
vn 0.9421 -0.3003 0.1492
vn 0.8780 -0.4563 0.1448
vn 0.8349 -0.2324 0.4989
vn 0.6901 0.1688 0.7038
vn 0.3906 -0.0660 0.9182
vn 0.6320 0.7557 0.1718
vn 0.2095 0.9684 0.1355
vn 0.2447 0.9265 0.2860
vn 0.7764 0.6302 0.0096
vn 0.6403 0.7666 0.0481
vn 0.9188 0.3748 0.1236
vn 0.7796 0.6125 0.1307
vn 0.8093 0.5000 0.3081
vn 0.6159 0.7292 0.2980
vn 0.6080 0.6099 0.5084
vn 0.6999 -0.6080 -0.3749
vn 0.2732 0.8365 0.4750
vn 0.2978 0.6777 0.6724
vn 0.9750 0.2198 0.0340
vn 0.8695 0.4890 -0.0689
vn 0.9612 -0.1996 -0.1903
vn 0.9399 -0.2385 -0.2443
vn 0.9920 0.0934 -0.0847
vn 0.9570 0.2605 -0.1277
vn 0.9780 0.1093 -0.1779
vn 0.9882 -0.0732 0.1346
vn 0.9689 0.1221 0.2150
vn 0.6714 0.3601 0.6477
vn 0.3508 0.2486 0.9029
vn 0.6922 0.2604 0.6731
vn 0.3461 0.3407 0.8742
vn 0.8525 0.2953 0.4314
vn 0.6198 0.4851 0.6168
vn 0.3406 0.4488 0.8262
vn 0.6353 0.4421 0.6332
vn 0.9146 0.2370 0.3276
vn 0.3267 0.5395 0.7760
vn 0.8167 0.3488 0.4597
vn 0.8138 0.3557 0.4596
vn 0.0118 -0.3014 0.9534
vn 0.0955 -0.7908 -0.6046
vn 0.1685 -0.7624 -0.6248
vn 0.2459 -0.8087 -0.5343
vn 0.9466 -0.2543 -0.1984
vn 0.6357 -0.7717 -0.0169
vn 0.9248 -0.2815 0.2560
vn 0.5366 -0.6717 -0.5108
vn 0.2148 -0.9404 -0.2637
vn 0.0778 0.9021 -0.4244
vn -0.4258 0.2862 -0.8583
vn 0.2485 0.3655 -0.8970
vn 0.6080 -0.2897 0.7392
vn 0.5462 0.4846 0.6832
vn 0.7563 0.0550 0.6519
vn 0.2570 -0.7048 0.6612
vn 0.0367 0.4891 0.8715
vn 0.1276 -0.6817 0.7205
vn -0.1097 0.8630 0.4932
vn -0.4570 0.8670 -0.1985
vn -0.1161 0.9365 0.3307
vn -0.6489 0.1571 -0.7445
vn -0.0006 -0.3271 -0.9450
vn 0.3366 -0.5878 0.7357
vn 0.3336 0.4363 0.8356
vn 0.5437 -0.6139 0.5724
vn 0.1881 0.4844 0.8544
vn 0.3936 -0.6857 0.6123
vn 0.1523 0.4245 0.8925
vn 0.1329 0.7726 0.6208
vn 0.0186 0.8744 0.4849
vn 0.1296 0.9915 0.0107
vn 0.0379 0.8675 0.4960
vn 0.1635 0.3842 -0.9086
vn -0.0053 -0.4540 -0.8910
vn 0.0288 -0.5263 -0.8498
vn -0.0269 0.8833 0.4680
vn -0.2202 0.9747 0.0391
vn -0.2136 0.9758 0.0471
vn 0.0469 0.8129 0.5805
vn 0.3314 0.7208 0.6087
vn 0.0531 0.8449 0.5323
vn -0.0094 0.8779 0.4788
vn -0.1001 0.9947 0.0245
vn 0.0075 0.8765 0.4814
vn -0.2116 0.4602 -0.8622
vn -0.1526 -0.4804 -0.8637
vn -0.1081 -0.4531 -0.8849
vn 0.0408 -0.8091 -0.5862
vn 0.0718 -0.9359 -0.3449
vn 0.0595 -0.8028 -0.5933
vn -0.3947 0.2894 -0.8720
vn -0.1614 -0.5178 -0.8401
vn -0.3909 0.3576 -0.8481
vn 0.9639 -0.2382 0.1191
vn 0.2931 0.5891 0.7530
vn 0.7475 -0.4857 0.4531
vn 0.2427 0.5269 0.8145
vn 0.0439 0.7925 0.6083
vn 0.0187 -0.8149 -0.5793
vn 0.2025 -0.8673 -0.4548
vn 0.1326 -0.9000 -0.4152
vn -0.0281 0.9005 0.4340
vn -0.0644 0.9845 0.1631
vn -0.0099 -0.6779 -0.7351
vn -0.1378 -0.5695 -0.8103
vn -0.0703 -0.4322 -0.8990
vn -0.1392 0.4957 -0.8572
vn 0.0130 0.8750 0.4840
vn -0.0640 0.9978 0.0160
vn 0.0399 0.7865 0.6163
vn 0.1615 0.4774 0.8637
vn 0.3331 -0.7093 0.6212
vn 0.1090 0.9940 -0.0069
vn 0.0945 0.3181 -0.9433
vn 0.0233 0.4552 0.8901
vn 0.0234 0.7671 0.6411
vn 0.0199 0.7543 0.6562
vn 0.0707 -0.6650 0.7435
vn -0.0052 -0.8140 -0.5808
vn 0.0852 -0.9089 -0.4083
vn 0.0603 -0.9065 -0.4179
vn 0.0514 -0.8093 -0.5851
vn 0.0010 -0.8150 -0.5794
vn 0.1072 0.4916 0.8642
vn 0.0640 -0.9070 -0.4163
vn 0.0699 -0.9186 -0.3889
vn 0.3149 0.7798 0.5411
vn 0.8618 -0.0589 -0.5039
vn 0.3442 -0.5446 -0.7648
vn 0.1412 -0.7935 -0.5919
vn 0.1576 0.9766 0.1465
vn 0.0106 -0.7516 -0.6596
vn 0.0289 -0.7495 -0.6614
vn -0.0312 -0.7431 -0.6685
vn -0.0264 -0.7360 -0.6764
vn -0.1321 0.3158 -0.9396
vn 0.2122 0.8961 0.3898
vn 0.8241 0.1706 -0.5402
vn -0.0115 -0.7124 -0.7017
vn -0.0202 -0.7493 -0.6619
vn 0.0170 -0.7424 -0.6698
vn -0.0494 -0.6081 -0.7923
vn 0.0410 -0.7063 -0.7067
vn 0.5469 -0.0313 -0.8366
vn 0.0027 0.8333 0.5528
vn 0.0501 0.8007 0.5970
vn 0.0304 0.7538 0.6564
vn -0.0344 -0.7407 -0.6710
vn -0.3254 0.4149 -0.8497
vn -0.1667 0.9852 0.0410
vn -0.0108 0.4842 -0.8749
vn -0.5251 0.8501 0.0409
vn -0.2280 0.2826 -0.9317
vn -0.0993 -0.4919 -0.8650
vn -0.0360 0.8899 0.4548
vn -0.1394 0.9902 -0.0037
vn -0.4219 0.9048 0.0573
vn -0.5547 0.1569 -0.8171
vn -0.1779 -0.5241 -0.8329
vn 0.9666 -0.2059 0.1526
vn 0.9620 0.0843 0.2597
vn 0.9943 0.0752 0.0759
vn 0.9630 0.2692 -0.0074
vn 0.8472 0.4978 0.1855
vn 0.8441 0.5335 -0.0529
vn 0.9326 0.2866 0.2194
vn 0.6533 0.7571 0.0074
vn 0.2301 0.9588 0.1667
vn 0.2242 0.9724 0.0639
vn 0.8268 0.5278 0.1946
vn 0.6224 0.7001 0.3500
vn 0.6841 0.7030 0.1944
vn 0.7515 -0.6141 0.2413
vn 0.9291 -0.2098 0.3047
vn 0.6482 0.7414 0.1736
vn 0.6851 -0.7285 0.0023
vn 0.9339 -0.2446 0.2609
vn 0.7213 -0.6727 0.1652
vn 0.2124 0.8834 0.4176
vn 0.9416 -0.2897 0.1715
vn 0.9456 0.0888 0.3131
vn 0.8687 0.2455 0.4302
vn 0.8271 0.4536 0.3320
vn 0.9025 0.2864 0.3217
vn 0.6221 0.6832 0.3824
vn 0.2101 0.8178 0.5358
vn 0.9398 -0.1729 -0.2946
vn 0.9693 0.2364 -0.0674
vn 0.9636 -0.2013 -0.1759
vn 0.9677 0.2486 -0.0411
vn 0.8196 0.4873 -0.3015
vn 0.2684 0.8645 0.4250
vn 0.2462 0.8519 0.4622
vn 0.6452 0.6762 0.3555
vn 0.6473 -0.6129 -0.4531
vn 0.6403 -0.6941 -0.3289
vn 0.6334 0.6496 0.4205
vn 0.7288 -0.6049 0.3208
vn 0.3946 0.6814 -0.6164
vn -0.1384 0.2009 -0.9698
vn 0.3972 0.3771 -0.8367
vn 0.2654 0.9032 0.3374
vn 0.5492 -0.6893 -0.4726
vn 0.9149 0.3953 0.0821
vn 0.7443 0.6473 0.1642
vn 0.8856 0.4505 -0.1128
vn 0.9175 0.3968 -0.0255
vn 0.9729 0.1977 -0.1201
vn 0.7557 -0.6377 -0.1492
vn 0.6305 0.6718 0.3888
vn 0.7767 0.4735 0.4154
vn 0.6494 -0.7373 -0.1862
vn 0.2253 0.8370 0.4987
vn 0.9644 -0.2640 -0.0185
vn 0.9537 0.0263 0.2997
vn 0.9983 0.0368 0.0456
vn 0.8171 -0.4039 -0.4113
vn 0.1625 -0.0448 -0.9857
vn 0.8043 -0.3880 -0.4500
vn 0.2809 -0.3255 -0.9028
vn 0.5591 -0.2793 -0.7807
vn -0.0566 -0.7909 -0.6093
vn 0.1556 0.0723 -0.9852
vn 0.2737 0.9249 0.2640
vn 0.2460 0.9377 0.2452
vn 0.2015 -0.6427 -0.7392
vn 0.8830 0.4666 -0.0514
vn 0.7259 0.6873 0.0264
vn 0.8926 0.4252 -0.1498
vn 0.6158 0.7204 0.3192
vn 0.9015 -0.3205 -0.2906
vn -0.2402 0.8376 0.4907
vn 0.1256 -0.4524 -0.8829
vn 0.7653 -0.3868 -0.5145
vn 0.6298 -0.0918 -0.7713
vn 0.4801 0.8251 0.2978
vn 0.0936 0.2064 -0.9740
vn 0.1200 0.0223 -0.9925
vn -0.0343 0.0131 -0.9993
vn 0.0659 -0.1013 -0.9927
vn 0.6811 0.6919 0.2396
vn 0.7105 0.6982 0.0874
vn 0.8686 0.3480 -0.3528
vn 0.9990 -0.0440 -0.0073
vn 0.3779 -0.6531 -0.6562
vn 0.8643 0.4776 0.1575
vn -0.0688 -0.9946 0.0783
vn 0.3011 -0.9176 0.2593
vn 0.5007 -0.8592 0.1056
vn -0.9706 0.2150 0.1084
vn -0.9290 -0.3606 0.0828
vn -0.9098 -0.4036 0.0969
vn 0.7148 0.6832 -0.1492
vn 0.2643 0.9321 -0.2479
vn 0.8611 0.4858 -0.1504
vn 0.7340 -0.6519 0.1908
vn 0.8437 -0.5366 0.0166
vn -0.3914 0.6979 -0.5998
vn -0.0287 -0.0793 -0.9964
vn 0.8194 0.1775 -0.5450
vn 0.5305 -0.0311 -0.8471
vn -0.4497 -0.5212 -0.7253
vn -0.6059 -0.7447 0.2797
vn -0.5550 -0.8300 0.0566
vn 0.1527 0.9638 -0.2185
vn -0.5623 0.8248 -0.0590
vn 0.9935 0.1030 0.0475
vn 0.9968 -0.0755 -0.0261
vn -0.5690 0.8115 -0.1331
vn 0.0659 -0.2099 -0.9755
vn -0.3921 -0.7210 -0.5713
vn 0.9852 -0.1553 -0.0721
vn 0.8751 0.4834 -0.0243
vn 0.9954 0.0138 -0.0951
vn 0.9057 0.4199 -0.0586
vn 0.6114 0.6676 -0.4250
vn 0.1818 0.3372 -0.9237
vn -0.8232 0.0231 -0.5673
vn 0.4678 -0.7662 -0.4405
vn 0.6732 -0.7068 -0.2171
vn 0.8082 -0.5400 -0.2349
vn 0.2281 -0.8808 -0.4149
vn 0.5564 0.7044 -0.4407
vn -0.9961 0.0294 0.0834
vn 0.9933 -0.0727 -0.0893
vn 0.9066 0.4183 -0.0564
vn -0.5167 0.8368 -0.1810
vn -0.2549 0.6449 -0.7205
vn 0.4838 -0.8661 -0.1256
vn 0.0451 -0.9759 -0.2136
vn 0.5482 0.6997 -0.4582
vn -0.7807 0.1111 -0.6149
vn 0.0568 -0.0312 0.9979
vn 0.4376 0.3059 0.8455
vn 0.4510 0.1113 0.8856
vn 0.5454 -0.8061 0.2296
vn 0.7957 -0.5832 0.1637
vn 0.0206 -0.0340 -0.9992
vn 0.4471 0.1934 -0.8733
vn -0.0103 0.0113 -0.9999
vn 0.8056 0.5314 0.2619
vn 0.8320 0.4681 0.2979
vn 0.7673 0.5193 0.3761
vn 0.8356 0.4130 0.3623
vn -0.7372 -0.5373 0.4097
vn -0.4459 -0.8873 0.1182
vn -0.5306 -0.7356 0.4211
vn 0.9764 0.0549 0.2086
vn 0.9489 0.1875 0.2539
vn 0.9611 -0.2231 0.1628
vn -0.0136 -0.0031 -0.9999
vn 0.1139 -0.0247 -0.9932
vn 0.0347 -0.0646 -0.9973
vn 0.1313 -0.2026 0.9704
vn 0.7160 -0.1114 0.6891
vn 0.5923 0.1137 0.7977
vn 0.0229 -0.0463 -0.9987
vn 0.8189 0.0809 -0.5682
vn 0.0341 -0.0656 -0.9973
vn -0.7221 -0.5205 0.4557
vn -0.2374 -0.2357 0.9424
vn -0.1235 -0.5177 0.8466
vn 0.3232 -0.5017 -0.8024
vn 0.4878 0.5770 -0.6551
vn -0.2454 0.3697 -0.8962
vn 0.9393 0.1204 0.3214
vn 0.7960 -0.4720 0.3789
vn 0.9155 -0.0717 0.3958
vn 0.9409 0.3311 0.0719
vn 0.8145 -0.0314 0.5793
vn 0.8950 -0.1828 0.4069
vn 0.9384 0.2606 0.2271
vn 0.8796 -0.2378 0.4121
vn 0.5507 -0.8336 -0.0415
vn 0.7999 -0.5878 -0.1208
vn 0.5243 -0.7997 -0.2925
vn -0.3060 0.4618 -0.8325
vn 0.5545 0.5630 -0.6128
vn -0.1778 0.2640 -0.9480
vn 0.5332 -0.8025 0.2677
vn 0.9456 0.2474 -0.2111
vn 0.9779 -0.1029 0.1821
vn 0.0662 -0.3813 -0.9221
vn -0.3310 -0.9434 0.0215
vn -0.1844 -0.8883 0.4205
vn 0.9376 0.3477 0.0068
vn 0.4804 0.6543 -0.5840
vn 0.2533 -0.3903 -0.8852
vn 0.8379 -0.5434 -0.0514
vn 0.5502 -0.8336 -0.0479
vn 0.9469 -0.3212 -0.0155
vn 0.6780 -0.2953 -0.6731
vn -0.1622 -0.3074 0.9376
vn -0.6222 -0.6667 0.4103
vn -0.3328 -0.3039 0.8927
vn 0.2307 0.2450 0.9417
vn 0.2921 0.3210 0.9009
vn 0.0867 0.0323 -0.9957
vn 0.4301 0.2975 -0.8524
vn 0.2389 0.2091 0.9483
vn -0.1356 -0.6499 0.7478
vn 0.4201 0.0926 0.9027
vn 0.5650 0.7904 0.2367
vn 0.5535 0.7002 0.4509
vn 0.6556 0.5370 0.5309
vn 0.6024 0.5586 0.5702
vn -0.9647 -0.2609 0.0350
vn -0.9359 -0.1642 0.3117
vn -0.9733 -0.1660 -0.1584
vn 0.6911 0.5034 0.5186
vn 0.6058 0.5719 0.5532
vn -0.3983 -0.9166 -0.0338
vn -0.4753 -0.8712 0.1231
vn 0.0049 -0.9994 -0.0334
vn 0.6701 0.2880 -0.6841
vn 0.8913 0.4391 0.1133
vn 0.9817 0.0185 -0.1897
vn -0.5853 -0.7945 0.1618
vn -0.3303 -0.4239 0.8434
vn -0.1625 -0.6536 -0.7392
vn 0.1731 -0.9528 -0.2495
vn 0.1118 -0.5970 -0.7944
vn 0.4296 -0.8973 -0.1016
vn 0.7043 0.5501 0.4487
vn 0.7201 0.5295 0.4484
vn 0.4460 -0.8593 0.2503
vn 0.6391 0.7305 0.2407
vn 0.8675 0.1475 -0.4752
vn 0.9468 0.2913 0.1365
vn -0.5605 -0.2700 -0.7829
vn 0.2677 -0.7572 -0.5958
vn 0.5323 -0.7704 -0.3510
vn 0.5429 0.8234 0.1651
vn 0.5305 0.7454 0.4037
vn 0.6705 0.0772 0.7379
vn 0.2054 -0.8912 0.4044
vn 0.8173 0.0541 0.5737
vn 0.1259 -0.8173 0.5624
vn 0.8901 -0.2421 -0.3861
vn 0.9720 -0.2127 0.1000
vn -0.4219 -0.8902 -0.1719
vn 0.4726 -0.8520 0.2252
vn 0.1210 -0.9790 -0.1640
vn 0.0547 0.7822 -0.6206
vn 0.7016 0.6896 0.1795
vn 0.0261 0.8233 -0.5670
vn -0.3734 -0.2481 -0.8939
vn -0.6751 -0.2277 -0.7017
vn -0.4776 -0.8525 -0.2125
vn 0.5202 -0.8541 0.0004
vn 0.0344 -0.7786 -0.6266
vn 0.9756 -0.1564 0.1540
vn -0.0386 -0.0835 -0.9958
vn 0.8869 0.2301 -0.4005
vn 0.6161 0.0157 -0.7875
vn 0.9493 -0.2994 -0.0962
vn 0.1936 0.4724 -0.8598
vn 0.8436 0.3929 0.3659
vn 0.8988 0.3810 0.2168
vn 0.8893 0.3530 0.2907
vn -0.5332 -0.6942 0.4836
vn -0.5396 -0.8012 0.2587
vn 0.6866 0.7217 0.0880
vn 0.3556 0.3730 -0.8570
vn -0.0773 -0.0530 -0.9956
vn -0.4894 -0.1307 -0.8622
vn -0.1191 -0.1250 -0.9850
vn 0.6066 0.7938 -0.0443
vn 0.4995 -0.2483 -0.8299
vn 0.8207 -0.3613 0.4426
vn 0.2788 -0.0405 0.9595
vn 0.2741 -0.1845 0.9438
vn 0.5801 0.2609 0.7716
vn 0.1378 -0.0168 -0.9903
vn 0.0982 0.0950 -0.9906
vn 0.1414 0.0296 -0.9895
vn -0.2270 -0.4500 0.8637
vn 0.8168 0.3992 0.4166
vn 0.4619 0.8099 -0.3615
vn 0.0609 0.4190 -0.9059
vn 0.1163 0.8413 -0.5279
vn 0.0433 0.0382 -0.9983
vn 0.7509 -0.0919 0.6540
vn 0.8252 -0.3837 0.4146
vn -0.0495 -0.0885 -0.9948
vn -0.0336 -0.1138 -0.9929
vn -0.6885 -0.2403 -0.6843
vn -0.6785 -0.7346 0.0079
vn -0.6204 -0.7819 0.0609
vn 0.0408 0.0379 -0.9984
vn 0.1970 0.3292 -0.9235
vn -0.0046 0.0159 -0.9999
vn -0.1383 0.4544 -0.8800
vn -0.3581 0.8087 -0.4666
vn 0.1197 0.9402 -0.3189
vn -0.8386 -0.1667 0.5186
vn -0.8579 -0.3026 0.4153
vn -0.7910 -0.3030 0.5315
vn 0.8614 0.3030 0.4078
vn 0.7614 0.4522 0.4645
vn -0.8197 -0.1075 -0.5626
vn -0.4440 -0.0856 -0.8919
vn -0.9043 -0.0967 -0.4158
vn 0.4981 0.8461 -0.1900
vn -0.4533 -0.5689 0.6862
vn -0.1569 -0.6604 0.7344
vn -0.4976 -0.5583 0.6638
vn 0.3153 -0.9235 0.2186
vn -0.3363 -0.3509 -0.8740
vn -0.7889 -0.5244 0.3204
vn -0.4238 -0.2579 0.8683
vn -0.7825 -0.5010 0.3698
vn -0.6966 -0.5893 0.4093
vn -0.1493 -0.6643 0.7324
vn -0.3555 -0.4950 0.7928
vn -0.0296 -0.9699 0.2416
vn -0.0657 -0.0273 -0.9975
vn -0.6918 -0.6138 0.3803
vn -0.4246 -0.6515 -0.6287
vn -0.4839 -0.4110 -0.7726
vn -0.0600 -0.8692 -0.4908
vn -0.4334 -0.7560 0.4906
vn 0.1654 -0.8620 0.4792
vn -0.2858 -0.8733 0.3945
vn -0.2418 -0.7720 0.5879
vn -0.1720 -0.8805 0.4418
vn -0.5755 -0.7670 0.2837
vn -0.6151 -0.7743 0.1487
vn 0.2891 -0.9298 -0.2277
vn -0.0775 -0.9849 -0.1547
vn -0.7315 -0.2983 -0.6131
vn -0.7871 -0.1944 -0.5853
vn -0.5900 -0.7798 -0.2094
vn 0.3958 -0.5954 -0.6991
vn 0.9766 -0.0959 0.1926
vn 0.3254 -0.2037 -0.9234
vn 0.8852 -0.1670 0.4341
vn -0.2815 -0.9421 0.1822
vn 0.1340 -0.9892 -0.0594
vn -0.0408 -0.7303 -0.6819
vn 0.4101 -0.0035 0.9120
vn 0.9279 0.1694 0.3321
vn 0.7342 -0.1772 0.6554
vn -0.3349 -0.0955 0.9374
vn 0.5086 0.0824 0.8570
vn -0.5092 -0.1139 -0.8531
vn -0.2632 -0.1445 0.9538
vn 0.6564 -0.0996 0.7478
vn 0.5792 0.1070 0.8082
vn -0.8882 -0.1174 0.4442
vn -0.6399 -0.6086 0.4691
vn -0.7787 -0.3614 0.5128
vn -0.2607 -0.1352 0.9559
vn 0.7920 -0.3746 0.4821
vn 0.5886 -0.0452 0.8071
vn 0.1851 -0.4876 0.8532
vn -0.7901 -0.3589 0.4969
vn 0.9375 -0.2430 0.2490
vn 0.9144 0.0897 0.3949
vn 0.9169 -0.3883 0.0919
vn 0.9452 0.2080 0.2515
vn 0.6124 -0.1385 -0.7783
vn -0.4846 -0.2030 -0.8509
vn 0.7765 -0.5691 -0.2705
vn 0.4407 -0.3680 -0.8187
vn -0.7625 -0.3706 0.5304
vn 0.9782 0.0339 0.2049
vn -0.4714 -0.5482 -0.6909
vn -0.2758 -0.9479 -0.1592
vn -0.7283 -0.6593 0.1866
vn -0.7645 -0.4361 0.4747
vn -0.4303 -0.7497 -0.5028
vn -0.8987 -0.3752 0.2270
vn 0.4704 0.4206 -0.7758
vn 0.6124 -0.4860 -0.6234
vn -0.2652 -0.3161 0.9109
vn 0.6377 -0.7057 0.3087
vn 0.5366 -0.7662 -0.3537
vn -0.9847 -0.1037 0.1404
vn -0.3225 -0.6208 0.7146
vn 0.7444 -0.5332 0.4020
vn 0.7017 -0.4376 0.5622
vn 0.6139 -0.7426 0.2678
vn -0.0636 -0.9937 0.0922
vn 0.9830 0.0702 -0.1695
vn 0.8810 -0.4445 -0.1617
vn -0.7370 0.1983 -0.6461
vn -0.8941 -0.4129 0.1734
vn 0.4650 0.5579 -0.6875
vn -0.5106 -0.0033 -0.8598
vn -0.7707 0.2832 -0.5708
vn 0.5849 -0.8111 -0.0012
vn 0.9683 0.1366 -0.2092
vn -0.2295 -0.9614 0.1519
vn 0.7045 -0.3278 -0.6295
vn -0.3561 -0.7486 0.5593
vn 0.6068 -0.7747 -0.1781
vn -0.1710 -0.6156 -0.7692
vn 0.0177 0.0358 0.9992
vn -0.4746 -0.3249 0.8180
vn 0.3705 0.2585 -0.8921
vn -0.9108 -0.3755 0.1718
vn 0.9054 0.0909 0.4148
vn 0.8849 0.1910 0.4249
vn 0.7107 0.0117 0.7034
vn 0.5538 0.8320 -0.0343
vn -0.9613 -0.2607 0.0888
vn -0.9861 0.1644 -0.0238
vn -0.9890 0.1393 -0.0495
vn 0.0343 -0.5569 -0.8299
vn 0.0213 -0.3157 0.9486
vn -0.4888 -0.5246 0.6971
vn -0.0689 -0.1434 -0.9873
vn -0.1552 -0.0700 -0.9854
vn 0.0760 -0.8598 0.5050
vn -0.2517 0.1685 -0.9530
vn -0.3188 -0.0660 -0.9455
vn -0.0349 -0.8061 0.5908
vn 0.0893 -0.8701 0.4848
vn 0.6669 -0.0088 0.7451
vn -0.8677 0.2479 -0.4308
vn -0.9368 -0.0893 0.3383
vn 0.2623 0.4334 -0.8622
vn -0.9733 -0.2169 -0.0746
vn 0.4088 -0.5484 0.7295
vn 0.1466 -0.6459 0.7492
vn -0.4733 -0.8285 0.2992
vn -0.1995 -0.9243 -0.3254
vn -0.3396 -0.8950 -0.2892
vn 0.6962 0.0254 0.7174
vn 0.0377 0.0715 0.9967
vn 0.4348 0.3244 0.8401
vn 0.4572 -0.7074 0.5391
vn 0.4338 -0.6539 0.6199
vn 0.3270 -0.4934 0.8060
vn -0.4853 0.8359 -0.2566
vn -0.7541 -0.6519 0.0799
vn -0.5474 -0.7370 -0.3965
vn 0.5541 0.3149 -0.7706
vn 0.4358 -0.6741 0.5964
vn -0.5736 -0.3695 -0.7311
vn -0.9717 0.0312 0.2343
vn -0.7798 -0.6205 -0.0826
vn -0.1239 -0.5740 0.8094
vn 0.5497 -0.2929 0.7823
vn 0.6314 -0.3838 0.6738
vn 0.4734 -0.8609 -0.1864
vn 0.3167 -0.6132 0.7237
vn -0.8243 -0.5653 0.0294
vn -0.3548 -0.8924 0.2788
vn -0.6956 -0.6363 0.3334
vn -0.1209 -0.5684 0.8138
vn 0.0111 -0.6334 0.7738
vn 0.0879 0.0005 -0.9961
vn 0.3422 0.4143 -0.8434
vn 0.0927 -0.0001 -0.9957
vn 0.5389 -0.5517 0.6366
vn -0.6249 -0.4781 -0.6172
vn -0.0064 -0.7345 0.6786
vn 0.7199 -0.4888 -0.4928
vn -0.9597 0.0618 0.2740
vn -0.0312 -0.8462 0.5320
vn -0.2104 0.4923 -0.8446
vn -0.2249 0.5917 -0.7741
vn -0.0835 -0.9233 0.3749
vn 0.2209 -0.3152 -0.9230
vn 0.3483 -0.4257 -0.8352
vn 0.5425 -0.4945 -0.6791
vn -0.6868 0.2474 0.6835
vn -0.3811 -0.9209 0.0823
vn -0.1758 -0.9555 0.2367
vn -0.8850 0.1681 0.4342
vn -0.1110 0.8931 -0.4359
vn -0.0025 -0.1714 -0.9852
vn -0.2182 0.7367 -0.6400
vn -0.6455 0.2723 0.7135
vn -0.8672 0.1603 -0.4715
vn -0.0788 0.9442 -0.3199
vn -0.0806 -0.9609 -0.2648
vn -0.2383 -0.5094 0.8269
vn -0.9114 -0.0519 0.4082
vn -0.6781 -0.0535 -0.7331
vn 0.8302 -0.5571 -0.0221
vn 0.5594 -0.8018 0.2103
vn -0.1365 -0.8681 0.4773
vn 0.9243 -0.2375 -0.2988
vn -0.0968 -0.9407 -0.3251
vn -0.9937 -0.0998 -0.0503
vn 0.8141 0.5630 0.1422
vn 0.1440 -0.9861 -0.0831
vn -0.3836 -0.8996 0.2087
vn 0.5579 -0.8029 -0.2099
vn 0.3474 -0.4689 0.8121
vn 0.6263 -0.1505 0.7649
vn 0.6794 -0.7211 -0.1360
vn 0.9463 -0.1782 0.2697
vn 0.8751 -0.4497 0.1786
vn 0.1490 -0.5507 0.8213
vn -0.0388 -0.9402 0.3384
vn 0.7471 -0.2038 0.6328
vn -0.2062 -0.3699 -0.9059
vn 0.1509 -0.3529 -0.9234
vn 0.0375 -0.1760 -0.9837
vn -0.2965 -0.2430 -0.9236
vn 0.0261 -0.1793 -0.9835
vn -0.1018 -0.9792 0.1757
vn -0.3979 -0.1535 0.9045
vn 0.0715 -0.2916 -0.9539
vn -0.2648 -0.2774 -0.9235
vn 0.0519 -0.2239 -0.9732
vn -0.2196 -0.3936 -0.8926
vn -0.0527 -0.1035 -0.9932
vn -0.2629 0.0151 -0.9647
vn -0.0728 0.0180 -0.9972
vn -0.2979 -0.3265 -0.8970
vn -0.3082 -0.2695 0.9123
vn -0.2968 -0.1026 -0.9494
vn -0.0561 -0.2710 0.9609
vn -0.3023 -0.2528 -0.9191
vn -0.2605 -0.0737 -0.9627
vn -0.0826 -0.1987 -0.9766
vn -0.1639 -0.4053 -0.8994
vn -0.0291 -0.9967 0.0762
vn -0.3273 -0.2895 -0.8995
vn -0.3570 -0.2428 -0.9020
vn -0.1662 -0.0396 -0.9853
vn 0.0612 -0.5740 -0.8166
vn -0.3520 -0.1671 -0.9210
vn -0.3477 -0.2598 -0.9009
vn -0.2882 -0.1282 -0.9489
vn -0.2206 -0.2027 -0.9541
vn -0.3700 -0.3331 -0.8673
vn -0.4985 -0.0244 0.8665
vn -0.2447 -0.1941 0.9500
vn -0.4615 -0.1893 0.8667
vn 0.1993 -0.1869 0.9620
vn -0.4600 0.1381 0.8771
vn -0.0760 -0.4187 0.9050
vn 0.3718 0.1094 0.9219
vn 0.0083 -0.2896 0.9571
vn 0.2443 -0.3270 0.9129
vn 0.9513 0.0394 -0.3057
vn 0.9634 -0.1524 0.2205
vn 0.9732 0.1785 0.1452
vn 0.9744 0.2110 0.0771
vn 0.9728 0.2309 0.0165
vn 0.9656 0.1037 0.2383
vn 0.9684 0.2317 0.0918
vn -0.1700 0.3609 -0.9170
vn 0.8647 -0.4360 0.2494
vn 0.9095 -0.1931 0.3681
vn 0.6281 0.1995 -0.7521
vn 0.4930 0.2147 0.8431
vn 0.4539 0.0472 0.8898
vn 0.9114 0.1564 0.3805
vn 0.9385 0.1075 0.3282
vn 0.5031 0.0531 0.8626
vn 0.9652 0.1974 0.1716
vn 0.9831 0.1630 0.0833
vn 0.7235 0.0651 -0.6872
vn 0.9926 -0.1052 -0.0599
vn 0.2616 -0.9122 -0.3153
vn 0.6693 -0.2857 0.6859
vn 0.4554 -0.0729 0.8873
vn 0.0082 0.9999 0.0129
vn 0.0286 0.7793 0.6259
vn 0.0194 -0.8126 -0.5826
vn 0.8705 -0.4445 0.2114
vn -0.2354 0.8077 0.5406
vn 0.0288 -0.5284 0.8485
vn -0.1547 -0.1201 0.9806
vn -0.2479 -0.4653 0.8497
vn -0.2335 -0.0915 0.9681
vn -0.3282 -0.4372 0.8374
vn 0.6542 -0.0973 0.7500
vn 0.1246 -0.2141 0.9688
vn 0.5497 -0.3315 0.7668
vn 0.4736 -0.5482 0.6894
vn 0.8087 -0.3633 0.4627
vn 0.8985 -0.3550 0.2580
vn 0.7797 -0.4517 0.4337
vn 0.8478 -0.2652 0.4592
vn 0.4371 -0.7173 0.5426
vn -0.0123 -0.7875 0.6161
vn 0.7670 -0.5163 0.3811
vn 0.4570 -0.8231 0.3371
vn -0.2564 -0.9307 0.2608
vn -0.3706 -0.7242 0.5815
vn -0.3456 -0.9070 0.2408
vn 0.0216 -0.9503 0.3106
vn -0.2542 -0.9574 -0.1370
vn 0.5091 -0.8544 0.1036
vn 0.1018 -0.9944 -0.0282
vn -0.1629 -0.9803 -0.1121
vn 0.7945 -0.5703 0.2088
vn 0.7730 -0.5580 0.3020
vn -0.1149 -0.8623 -0.4931
vn 0.5932 -0.7969 -0.1140
vn 0.2291 -0.9094 -0.3472
vn -0.0198 -0.8846 -0.4660
vn 0.8269 -0.5483 0.1246
vn 0.0404 -0.6440 -0.7639
vn 0.6957 -0.6593 -0.2851
vn 0.3823 -0.7026 -0.6002
vn 0.1397 -0.6672 -0.7317
vn 0.2981 -0.3670 -0.8812
vn 0.1960 -0.3385 -0.9203
vn 0.9076 -0.4192 0.0217
vn 0.7981 -0.4643 -0.3840
vn 0.5309 -0.4240 -0.7338
vn 0.8666 -0.4955 0.0594
vn 0.3435 0.0205 -0.9389
vn 0.6623 -0.1157 -0.7403
vn 0.4498 -0.0200 -0.8929
vn 0.9436 -0.3304 0.0186
vn 0.8866 -0.2441 -0.3929
vn 0.4541 0.3743 -0.8085
vn 0.5597 0.3226 -0.7633
vn 0.9508 -0.0266 -0.3088
vn 0.7605 0.1975 -0.6186
vn 0.6052 0.6085 -0.5132
vn 0.5026 0.6666 -0.5504
vn 0.9685 -0.2438 0.0509
vn 0.9774 0.1530 -0.1459
vn 0.8010 0.4585 -0.3849
vn 0.5839 0.7925 -0.1764
vn 0.4813 0.8521 -0.2056
vn 0.9783 -0.1735 0.1132
vn 0.9720 -0.1295 0.1959
vn 0.9617 0.2658 0.0675
vn 0.7792 0.6217 -0.0792
vn 0.4976 0.8467 0.1884
vn 0.3933 0.9041 0.1668
vn 0.9506 -0.1178 0.2873
vn 0.9092 0.2936 0.2951
vn 0.7035 0.6664 0.2468
vn 0.3582 0.7737 0.5225
vn 0.2455 0.8254 0.5084
vn 0.9181 -0.1398 0.3709
vn 0.8367 0.2339 0.4952
vn 0.5962 0.5946 0.5395
vn 0.1788 0.5674 0.8038
vn 0.0607 0.6047 0.7942
vn 0.8841 -0.1875 0.4280
vn 0.7545 0.1021 0.6483
vn 0.4542 0.4086 0.7917
vn -0.0143 0.2413 0.9704
vn -0.1052 0.2708 0.9569
vn 0.2812 0.1193 0.9522
vn -0.2854 -0.7494 0.5975
vn -0.7271 -0.4689 0.5015
vn -0.2581 0.9071 0.3324
vn -0.6464 -0.7569 -0.0962
vn -0.1978 -0.7069 -0.6791
vn -0.9470 0.2848 0.1484
vn 0.2798 -0.4271 0.8598
vn -0.0195 -0.9976 -0.0657
vt 0.820327 0.248841
vt 0.789224 0.217414
vt 0.824544 0.227754
vt 0.779082 0.156158
vt 0.773852 0.168774
vt 0.765828 0.159357
vt 0.779131 0.107971
vt 0.781173 0.137644
vt 0.763236 0.122279
vt 0.759540 0.216538
vt 0.772549 0.204397
vt 0.769448 0.218407
vt 0.775140 0.183373
vt 0.775702 0.203287
vt 0.768918 0.146004
vt 0.747334 0.137798
vt 0.754791 0.129880
vt 0.764447 0.162666
vt 0.770752 0.171499
vt 0.816317 0.186457
vt 0.795677 0.200056
vt 0.793108 0.182531
vt 0.758163 0.150655
vt 0.745219 0.140479
vt 0.759768 0.166682
vt 0.821661 0.207686
vt 0.789526 0.212878
vt 0.730363 0.157991
vt 0.755931 0.152448
vt 0.760377 0.189800
vt 0.735709 0.168568
vt 0.633292 0.173761
vt 0.684367 0.165627
vt 0.680784 0.185668
vt 0.638213 0.145103
vt 0.682713 0.145597
vt 0.682932 0.155163
vt 0.636579 0.155343
vt 0.568056 0.163094
vt 0.558864 0.161718
vt 0.569278 0.155229
vt 0.567803 0.148907
vt 0.555942 0.153672
vt 0.565376 0.143969
vt 0.558515 0.156684
vt 0.561002 0.166681
vt 0.549496 0.168545
vt 0.588599 0.150642
vt 0.610953 0.142688
vt 0.612262 0.151892
vt 0.584662 0.134062
vt 0.612044 0.131652
vt 0.609886 0.169134
vt 0.725941 0.146355
vt 0.733412 0.190297
vt 0.639973 0.134730
vt 0.587590 0.144046
vt 0.587975 0.164719
vt 0.848047 0.301123
vt 0.816034 0.286024
vt 0.858420 0.337994
vt 0.834300 0.319704
vt 0.808645 0.285207
vt 0.828158 0.375335
vt 0.813512 0.344458
vt 0.818113 0.341297
vt 0.802001 0.317477
vt 0.807205 0.314199
vt 0.811808 0.345082
vt 0.793366 0.333236
vt 0.800886 0.317224
vt 0.802777 0.282147
vt 0.826665 0.378795
vt 0.808520 0.358790
vt 0.824969 0.382584
vt 0.799414 0.429410
vt 0.786235 0.420586
vt 0.803895 0.473697
vt 0.810814 0.500695
vt 0.803782 0.500299
vt 0.791397 0.473745
vt 0.794435 0.500702
vt 0.813430 0.433871
vt 0.807828 0.506137
vt 0.803542 0.505978
vt 0.796846 0.506753
vt 0.821404 0.472090
vt 0.814867 0.502711
vt 0.837310 0.393217
vt 0.821661 0.436413
vt 0.815399 0.472144
vt 0.840806 0.388726
vt 0.840196 0.389634
vt 0.810636 0.508409
vt 0.843659 0.351411
vt 0.867647 0.366883
vt 0.855591 0.373795
vt 0.841411 0.388265
vt 0.827049 0.376740
vt 0.832418 0.130173
vt 0.815689 0.158859
vt 0.804584 0.143341
vt 0.801895 0.091764
vt 0.794223 0.128742
vt 0.869778 0.332574
vt 0.850951 0.238872
vt 0.876293 0.364490
vt 0.857567 0.210756
vt 0.836585 0.201668
vt 0.858051 0.204475
vt 0.850254 0.219710
vt 0.864733 0.291267
vt 0.885804 0.331486
vt 0.886395 0.363625
vt 0.893996 0.207210
vt 0.903306 0.231079
vt 0.837337 0.103101
vt 0.840386 0.067084
vt 0.856626 0.097427
vt 0.894941 0.285095
vt 0.827185 0.166630
vt 0.822354 0.185420
vt 0.820615 0.187183
vt 0.843376 0.124988
vt 0.870702 0.119623
vt 0.882389 0.196756
vt 0.874693 0.192088
vt 0.849517 0.153384
vt 0.832563 0.166319
vt 0.788230 0.167816
vt 0.777863 0.182319
vt 0.855529 0.195324
vt 0.843584 0.191706
vt 0.854064 0.193327
vt 0.864536 0.188736
vt 0.867941 0.187982
vt 0.841843 0.193634
vt 0.837240 0.186475
vt 0.869283 0.178457
vt 0.872878 0.177433
vt 0.867968 0.160639
vt 0.849409 0.157273
vt 0.873188 0.157044
vt 0.880238 0.173559
vt 0.885277 0.173533
vt 0.834071 0.205819
vt 0.835236 0.184822
vt 0.837516 0.181532
vt 0.850793 0.181653
vt 0.841972 0.175102
vt 0.851302 0.171067
vt 0.861120 0.172406
vt 0.852530 0.166671
vt 0.865333 0.170122
vt 0.840216 0.171504
vt 0.832489 0.183825
vt 0.797792 0.146755
vt 0.898439 0.173494
vt 0.884699 0.146613
vt 0.846803 0.143052
vt 0.842024 0.145480
vt 0.836514 0.168997
vt 0.868396 0.167039
vt 0.852159 0.163031
vt 0.872613 0.189345
vt 0.878330 0.175636
vt 0.835070 0.179710
vt 0.856356 0.198717
vt 0.838251 0.196931
vt 0.818323 0.114409
vt 0.423091 0.079960
vt 0.450754 0.107361
vt 0.425682 0.104151
vt 0.454773 0.075454
vt 0.487368 0.109461
vt 0.398631 0.094666
vt 0.378763 0.036516
vt 0.402803 0.029762
vt 0.402243 0.038468
vt 0.424822 0.040969
vt 0.220434 0.034477
vt 0.184467 0.036090
vt 0.189969 0.022749
vt 0.492544 0.016271
vt 0.456805 0.045468
vt 0.458724 0.017153
vt 0.347584 0.042595
vt 0.372973 0.090391
vt 0.347236 0.085607
vt 0.260512 0.064794
vt 0.215849 0.051033
vt 0.425655 0.022205
vt 0.320455 0.045051
vt 0.314671 0.078654
vt 0.263629 0.043084
vt 0.925518 0.199757
vt 0.879147 0.090802
vt 0.911580 0.108852
vt 0.882858 0.117236
vt 0.867830 0.052124
vt 0.900026 0.082726
vt 0.922241 0.135457
vt 0.934473 0.165035
vt 0.914139 0.285880
vt 0.942984 0.230894
vt 0.929187 0.071447
vt 0.947952 0.104778
vt 0.931199 0.103125
vt 0.901959 0.330202
vt 0.957085 0.202841
vt 0.921501 0.033653
vt 0.950394 0.069476
vt 0.900935 0.363614
vt 0.932444 0.132425
vt 0.942559 0.133573
vt 0.971312 0.167470
vt 0.792207 0.285105
vt 0.765788 0.898580
vt 0.780458 0.910583
vt 0.756452 0.913167
vt 0.827837 0.595663
vt 0.860197 0.611687
vt 0.814841 0.613838
vt 0.847195 0.640211
vt 0.802153 0.640264
vt 0.851472 0.940013
vt 0.856524 0.954569
vt 0.846559 0.953547
vt 0.978248 0.964836
vt 0.967162 0.993207
vt 0.964072 0.964290
vt 0.978496 0.865904
vt 0.993755 0.818745
vt 0.988290 0.868868
vt 0.861066 0.939710
vt 0.868294 0.904407
vt 0.877531 0.943090
vt 0.764762 0.615243
vt 0.743693 0.639526
vt 0.757002 0.613440
vt 0.972043 0.931420
vt 0.985762 0.755056
vt 0.988119 0.693099
vt 0.994741 0.755654
vt 0.912761 0.951130
vt 0.960729 0.927079
vt 0.862580 0.829190
vt 0.896052 0.794982
vt 0.877652 0.841345
vt 0.743212 0.709442
vt 0.758293 0.743134
vt 0.753524 0.743671
vt 0.911489 0.651360
vt 0.901205 0.625315
vt 0.907123 0.622287
vt 0.935365 0.649760
vt 0.941660 0.607088
vt 0.967185 0.645168
vt 0.893470 0.739765
vt 0.912575 0.690832
vt 0.907607 0.742097
vt 0.757319 0.788324
vt 0.759531 0.830443
vt 0.755779 0.830245
vt 0.851182 0.667666
vt 0.799557 0.702871
vt 0.797293 0.670630
vt 0.754240 0.862655
vt 0.746986 0.884923
vt 0.751359 0.861819
vt 0.945114 0.603965
vt 0.973430 0.643565
vt 0.939578 0.747378
vt 0.980446 0.693830
vt 0.808168 0.880497
vt 0.794263 0.835956
vt 0.827521 0.841214
vt 0.902470 0.610129
vt 0.746486 0.899939
vt 0.744403 0.901182
vt 0.760154 0.767854
vt 0.755600 0.768095
vt 0.902372 0.766055
vt 0.935620 0.772463
vt 0.985084 0.782941
vt 0.994294 0.784235
vt 0.844676 0.855363
vt 0.748468 0.701586
vt 0.731264 0.685470
vt 0.735452 0.672898
vt 0.920269 0.846138
vt 0.971643 0.896598
vt 0.911855 0.883475
vt 0.981226 0.901260
vt 0.801757 0.767404
vt 0.841501 0.789842
vt 0.801411 0.789369
vt 0.781921 0.872186
vt 0.984264 0.816609
vt 0.849462 0.737068
vt 0.802174 0.740883
vt 0.911598 0.973741
vt 0.793527 0.596947
vt 0.781876 0.615412
vt 0.767475 0.645419
vt 0.875884 0.962630
vt 0.771589 0.742287
vt 0.765779 0.705305
vt 0.773748 0.788685
vt 0.769893 0.832568
vt 0.762162 0.866434
vt 0.752971 0.891085
vt 0.900009 0.607687
vt 0.916403 0.598787
vt 0.772770 0.767666
vt 0.762570 0.674812
vt 0.746126 0.674655
vt 0.761695 0.788328
vt 0.748759 0.886418
vt 0.749290 0.649629
vt 0.772736 0.601341
vt 0.923283 0.618237
vt 0.941344 0.692758
vt 0.930841 0.802749
vt 0.909437 0.918522
vt 0.782615 0.912577
vt 0.901437 0.652951
vt 0.900052 0.690342
vt 0.896854 0.653234
vt 0.812498 0.882239
vt 0.860188 0.693527
vt 0.852290 0.694379
vt 0.854388 0.826688
vt 0.838485 0.853127
vt 0.845108 0.765935
vt 0.847344 0.790130
vt 0.887758 0.763164
vt 0.887059 0.738648
vt 0.897847 0.626028
vt 0.894470 0.690260
vt 0.873316 0.789211
vt 0.880861 0.791416
vt 0.832842 0.842460
vt 0.855292 0.638567
vt 0.851450 0.908413
vt 0.856037 0.736632
vt 0.874871 0.590476
vt 0.870716 0.612895
vt 0.763091 0.602183
vt 0.727833 0.671771
vt 0.852064 0.872274
vt 0.839399 0.869732
vt 0.872650 0.874167
vt 0.840584 0.884129
vt 0.842445 0.908253
vt 0.731000 0.658553
vt 0.834106 0.883930
vt 0.858847 0.665130
vt 0.248783 0.082735
vt 0.282489 0.126367
vt 0.231883 0.103714
vt 0.336764 0.115101
vt 0.350831 0.156082
vt 0.320445 0.142975
vt 0.299806 0.101968
vt 0.417804 0.139244
vt 0.437175 0.185374
vt 0.407157 0.176226
vt 0.387220 0.393749
vt 0.331635 0.479726
vt 0.315839 0.385588
vt 0.204717 0.063800
vt 0.190545 0.084006
vt 0.444856 0.146853
vt 0.473815 0.187846
vt 0.159845 0.067784
vt 0.176052 0.048268
vt 0.366180 0.124857
vt 0.204584 0.158617
vt 0.131610 0.211222
vt 0.160369 0.139618
vt 0.432559 0.213782
vt 0.475743 0.244891
vt 0.431701 0.248053
vt 0.081961 0.185193
vt 0.122068 0.118733
vt 0.256819 0.175741
vt 0.182036 0.231104
vt 0.330168 0.197603
vt 0.278217 0.237539
vt 0.297122 0.185978
vt 0.239808 0.243909
vt 0.397469 0.210305
vt 0.388176 0.251807
vt 0.228024 0.378779
vt 0.154899 0.470857
vt 0.164333 0.373419
vt 0.276978 0.402946
vt 0.220103 0.478573
vt 0.437647 0.499404
vt 0.374018 0.492933
vt 0.384927 0.331077
vt 0.319470 0.326666
vt 0.087000 0.467482
vt 0.100019 0.360712
vt 0.492545 0.399755
vt 0.439379 0.397917
vt 0.024024 0.350944
vt 0.017406 0.468178
vt 0.310495 0.253588
vt 0.472641 0.214606
vt 0.592501 0.465520
vt 0.621342 0.483407
vt 0.599149 0.492212
vt 0.423771 0.618831
vt 0.447377 0.738208
vt 0.396065 0.722985
vt 0.090711 0.648437
vt 0.065217 0.711164
vt 0.041561 0.642516
vt 0.334914 0.596028
vt 0.275589 0.486215
vt 0.266002 0.598736
vt 0.229145 0.697450
vt 0.218066 0.593212
vt 0.481522 0.148007
vt 0.108219 0.305449
vt 0.040213 0.284445
vt 0.487699 0.327699
vt 0.434365 0.331170
vt 0.167962 0.321334
vt 0.270747 0.263534
vt 0.288973 0.276171
vt 0.222860 0.319613
vt 0.303087 0.332819
vt 0.277199 0.388289
vt 0.266148 0.384038
vt 0.277414 0.388415
vt 0.286896 0.384359
vt 0.301002 0.369259
vt 0.253771 0.272108
vt 0.243685 0.325117
vt 0.248430 0.365622
vt 0.804678 0.511366
vt 0.796903 0.512223
vt 0.642180 0.556370
vt 0.649327 0.532561
vt 0.663326 0.545397
vt 0.571688 0.393488
vt 0.605401 0.361399
vt 0.596621 0.393718
vt 0.370486 0.839882
vt 0.091265 0.698914
vt 0.127268 0.813029
vt 0.278284 0.811308
vt 0.330440 0.707853
vt 0.329306 0.824574
vt 0.161157 0.594911
vt 0.478394 0.627257
vt 0.131663 0.796749
vt 0.191136 0.781930
vt 0.203868 0.831554
vt 0.169699 0.870206
vt 0.354031 0.931622
vt 0.333190 0.905548
vt 0.309866 0.887424
vt 0.292131 0.940912
vt 0.281200 0.869314
vt 0.223254 0.913912
vt 0.242206 0.841205
vt 0.224629 0.767799
vt 0.580593 0.355124
vt 0.616749 0.341713
vt 0.267879 0.700226
vt 0.967153 0.551813
vt 0.934969 0.570916
vt 0.932759 0.553603
vt 0.944615 0.493842
vt 0.921437 0.518753
vt 0.915586 0.492257
vt 0.950532 0.434099
vt 0.926239 0.410167
vt 0.960187 0.396656
vt 0.969701 0.362234
vt 0.937171 0.353582
vt 0.962892 0.339669
vt 0.580646 0.429875
vt 0.613750 0.460216
vt 0.632524 0.509841
vt 0.603914 0.519245
vt 0.616408 0.540548
vt 0.604787 0.428979
vt 0.957253 0.517649
vt 0.926389 0.538303
vt 0.946136 0.461406
vt 0.919510 0.441596
vt 0.932774 0.386122
vt 0.968697 0.375610
vt 0.916235 0.467786
vt 0.544630 0.428541
vt 0.557041 0.390811
vt 0.563831 0.428447
vt 0.543704 0.560255
vt 0.586331 0.559424
vt 0.552851 0.605727
vt 0.545063 0.510787
vt 0.575277 0.535231
vt 0.549274 0.474538
vt 0.572086 0.467892
vt 0.539689 0.303744
vt 0.577758 0.320195
vt 0.558095 0.345521
vt 0.526913 0.349185
vt 0.604734 0.611674
vt 0.620592 0.572695
vt 0.572267 0.500986
vt 0.596964 0.333989
vt 0.958117 0.491585
vt 0.956880 0.458130
vt 0.979273 0.394565
vt 0.987800 0.362179
vt 0.965164 0.429109
vt 0.990614 0.336210
vt 0.990614 0.576953
vt 0.986226 0.550474
vt 0.545344 0.878746
vt 0.524482 0.829738
vt 0.535587 0.825417
vt 0.550730 0.906680
vt 0.529519 0.887333
vt 0.624550 0.737233
vt 0.597371 0.751331
vt 0.605836 0.724135
vt 0.509174 0.812658
vt 0.513082 0.837462
vt 0.500866 0.819186
vt 0.505174 0.843462
vt 0.627505 0.793429
vt 0.615789 0.797710
vt 0.627541 0.787702
vt 0.591370 0.789047
vt 0.589274 0.794047
vt 0.588020 0.790413
vt 0.623550 0.688692
vt 0.649032 0.674984
vt 0.639936 0.698626
vt 0.518385 0.779737
vt 0.527515 0.791564
vt 0.519112 0.794128
vt 0.609838 0.775711
vt 0.596702 0.782529
vt 0.596828 0.771979
vt 0.561351 0.874266
vt 0.559385 0.825866
vt 0.577368 0.873985
vt 0.600741 0.797898
vt 0.595231 0.803203
vt 0.595468 0.795438
vt 0.511669 0.779972
vt 0.517684 0.773827
vt 0.511814 0.760543
vt 0.514854 0.747903
vt 0.516556 0.760729
vt 0.426393 0.877864
vt 0.423716 0.882984
vt 0.423319 0.881811
vt 0.601621 0.795235
vt 0.595336 0.794541
vt 0.596120 0.790366
vt 0.595600 0.810997
vt 0.593600 0.814200
vt 0.594144 0.810342
vt 0.514631 0.739402
vt 0.512184 0.738615
vt 0.513816 0.735971
vt 0.542130 0.689603
vt 0.564890 0.694651
vt 0.559020 0.704529
vt 0.511553 0.747459
vt 0.513988 0.740287
vt 0.598124 0.804481
vt 0.603930 0.789647
vt 0.599863 0.790244
vt 0.600131 0.788020
vt 0.499532 0.912677
vt 0.472512 0.882614
vt 0.501679 0.900146
vt 0.458107 0.899176
vt 0.464148 0.889255
vt 0.582907 0.681089
vt 0.556611 0.664394
vt 0.571871 0.656858
vt 0.444045 0.888472
vt 0.439654 0.876780
vt 0.449378 0.880431
vt 0.501842 0.946848
vt 0.490733 0.925716
vt 0.519369 0.940749
vt 0.440280 0.896889
vt 0.454215 0.909478
vt 0.715301 0.698867
vt 0.720974 0.719781
vt 0.710136 0.700811
vt 0.439299 0.903896
vt 0.454187 0.915795
vt 0.443708 0.871064
vt 0.430606 0.869013
vt 0.446017 0.865542
vt 0.542773 0.669034
vt 0.534076 0.670746
vt 0.541345 0.661251
vt 0.456681 0.873881
vt 0.543364 0.682177
vt 0.534179 0.678855
vt 0.538420 0.676850
vt 0.430486 0.893712
vt 0.537049 0.691909
vt 0.527171 0.683097
vt 0.432424 0.888690
vt 0.429801 0.874569
vt 0.528673 0.670722
vt 0.520440 0.669058
vt 0.526604 0.665520
vt 0.520773 0.675080
vt 0.528678 0.677252
vt 0.435836 0.882563
vt 0.529878 0.677353
vt 0.498439 0.948561
vt 0.484475 0.932649
vt 0.417376 0.873740
vt 0.409577 0.868497
vt 0.418583 0.871307
vt 0.428368 0.873940
vt 0.592138 0.802026
vt 0.589736 0.795006
vt 0.419279 0.868441
vt 0.429334 0.869274
vt 0.520522 0.671846
vt 0.513657 0.670699
vt 0.511219 0.673777
vt 0.514091 0.672520
vt 0.514177 0.674283
vt 0.405251 0.867258
vt 0.409763 0.866283
vt 0.404758 0.867915
vt 0.403956 0.866131
vt 0.415625 0.876809
vt 0.408800 0.870089
vt 0.647265 0.739710
vt 0.407195 0.872170
vt 0.592066 0.809888
vt 0.536459 0.675877
vt 0.538086 0.673179
vt 0.511288 0.673029
vt 0.584099 0.776904
vt 0.588347 0.774302
vt 0.507451 0.779126
vt 0.509190 0.797820
vt 0.501494 0.799722
vt 0.513864 0.676231
vt 0.520675 0.678095
vt 0.526718 0.682245
vt 0.552913 0.656479
vt 0.424691 0.898803
vt 0.540089 0.714954
vt 0.544047 0.721360
vt 0.566923 0.649440
vt 0.547028 0.702338
vt 0.688714 0.726502
vt 0.701629 0.702892
vt 0.712598 0.722018
vt 0.887737 0.408472
vt 0.581366 0.720838
vt 0.549898 0.729490
vt 0.561041 0.738887
vt 0.533021 0.730815
vt 0.610214 0.675678
vt 0.601709 0.664642
vt 0.618645 0.658623
vt 0.573451 0.723517
vt 0.634287 0.623255
vt 0.659540 0.621594
vt 0.639775 0.633222
vt 0.595027 0.702101
vt 0.633689 0.668766
vt 0.528151 0.735947
vt 0.511022 0.772562
vt 0.517880 0.772746
vt 0.658094 0.703332
vt 0.667907 0.730489
vt 0.601175 0.805418
vt 0.598957 0.812569
vt 0.597120 0.811487
vt 0.666482 0.628215
vt 0.658813 0.646185
vt 0.668900 0.621057
vt 0.579291 0.993194
vt 0.561182 0.982755
vt 0.575624 0.980284
vt 0.625363 0.881720
vt 0.643082 0.859348
vt 0.631758 0.884021
vt 0.537352 0.946148
vt 0.539289 0.975053
vt 0.693336 0.682775
vt 0.690231 0.648785
vt 0.701491 0.681122
vt 0.528503 0.979936
vt 0.496095 0.956119
vt 0.577802 0.927854
vt 0.585518 0.921385
vt 0.586952 0.928251
vt 0.564617 0.903174
vt 0.635696 0.765538
vt 0.615448 0.761021
vt 0.547476 0.824147
vt 0.552636 0.802148
vt 0.562789 0.803768
vt 0.568951 0.827615
vt 0.529893 0.776770
vt 0.536198 0.789945
vt 0.616298 0.801211
vt 0.611939 0.803426
vt 0.662548 0.680473
vt 0.546493 0.788510
vt 0.540540 0.770782
vt 0.554339 0.786191
vt 0.614060 0.789463
vt 0.606052 0.784778
vt 0.476670 0.934158
vt 0.537642 0.773593
vt 0.527472 0.771119
vt 0.534836 0.766783
vt 0.518277 0.747101
vt 0.526733 0.757032
vt 0.522560 0.759358
vt 0.646462 0.816553
vt 0.651799 0.819443
vt 0.645916 0.817460
vt 0.606619 0.799196
vt 0.600748 0.797344
vt 0.594892 0.814698
vt 0.594087 0.814856
vt 0.516477 0.737600
vt 0.515609 0.739905
vt 0.693668 0.747030
vt 0.710744 0.758518
vt 0.689773 0.757809
vt 0.521038 0.745225
vt 0.606345 0.792917
vt 0.602885 0.792138
vt 0.608919 0.795579
vt 0.607705 0.791189
vt 0.609612 0.843920
vt 0.600922 0.872028
vt 0.593045 0.863069
vt 0.619271 0.845387
vt 0.613933 0.876574
vt 0.637132 0.834706
vt 0.634570 0.822465
vt 0.641345 0.825636
vt 0.613408 0.913867
vt 0.629904 0.850044
vt 0.644835 0.839914
vt 0.638161 0.855912
vt 0.687994 0.778161
vt 0.692131 0.792232
vt 0.687679 0.790084
vt 0.651539 0.841874
vt 0.627953 0.830606
vt 0.714163 0.762782
vt 0.710775 0.758527
vt 0.726052 0.763074
vt 0.619254 0.829153
vt 0.719644 0.735098
vt 0.714699 0.752598
vt 0.722975 0.756387
vt 0.722429 0.751460
vt 0.724414 0.752067
vt 0.653618 0.829486
vt 0.628674 0.819982
vt 0.725289 0.744009
vt 0.730335 0.740279
vt 0.729581 0.749848
vt 0.624119 0.816454
vt 0.637728 0.811180
vt 0.647588 0.829134
vt 0.739224 0.756369
vt 0.732971 0.752804
vt 0.737612 0.750287
vt 0.735243 0.760572
vt 0.728828 0.757704
vt 0.641444 0.815227
vt 0.728022 0.757235
vt 0.621911 0.911804
vt 0.651457 0.808371
vt 0.655081 0.799557
vt 0.656629 0.800501
vt 0.649020 0.806890
vt 0.604362 0.806679
vt 0.606255 0.799713
vt 0.611045 0.803600
vt 0.646924 0.804801
vt 0.642375 0.814205
vt 0.638998 0.810726
vt 0.737409 0.758226
vt 0.742795 0.761636
vt 0.741453 0.762610
vt 0.740328 0.763856
vt 0.742980 0.764622
vt 0.742670 0.765197
vt 0.653723 0.797775
vt 0.658067 0.796128
vt 0.658544 0.794464
vt 0.658852 0.796415
vt 0.654776 0.809994
vt 0.510074 0.672809
vt 0.510113 0.674290
vt 0.659168 0.801370
vt 0.660429 0.795495
vt 0.725199 0.748874
vt 0.726070 0.750042
vt 0.530403 0.803317
vt 0.739423 0.765414
vt 0.743144 0.766148
vt 0.733566 0.762830
vt 0.727212 0.762630
vt 0.736014 0.741109
vt 0.737665 0.749582
vt 0.694732 0.777121
vt 0.701333 0.764677
vt 0.710758 0.758535
vt 0.588804 0.643782
vt 0.895801 0.522750
vt 0.666254 0.752920
vt 0.669214 0.760092
vt 0.680013 0.779711
vt 0.666660 0.779504
vt 0.674315 0.704767
vt 0.679960 0.686491
vt 0.686516 0.704851
vt 0.642805 0.775790
vt 0.675834 0.627921
vt 0.684196 0.619983
vt 0.583424 0.861901
vt 0.533703 0.766401
vt 0.527187 0.770372
vt 0.534965 0.913690
vt 0.516334 0.898164
vt 0.658029 0.611872
vt 0.600476 0.982445
vt 0.604287 0.950909
vt 0.610381 0.951930
vt 0.678978 0.654542
vt 0.611282 0.643234
vt 0.597516 0.947978
vt 0.598668 0.917696
vt 0.917955 0.585036
vt 0.937823 0.583407
vt 0.425768 0.957247
vt 0.413770 0.951842
vt 0.427712 0.955300
vt 0.589582 0.973478
vt 0.590823 0.943300
vt 0.533620 0.937376
vt 0.592591 0.814996
vt 0.593436 0.816507
vt 0.671999 0.610775
vt 0.520299 0.806613
vt 0.522716 0.773075
vt 0.524225 0.778724
vt 0.516593 0.747634
vt 0.519618 0.760336
vt 0.522707 0.772157
vt 0.889500 0.479246
vt 0.595089 0.815970
vt 0.639207 0.786493
vt 0.743933 0.765125
vt 0.583421 0.756549
vt 0.621953 0.780842
vt 0.378271 0.945362
vt 0.387030 0.942948
vt 0.383206 0.953335
vt 0.567692 0.927940
vt 0.576218 0.919646
vt 0.557827 0.930321
vt 0.547317 0.926646
vt 0.556345 0.922644
vt 0.582847 0.905952
vt 0.566968 0.909506
vt 0.367153 0.953381
vt 0.385912 0.955709
vt 0.365507 0.954779
vt 0.579715 0.764515
vt 0.540957 0.801692
vt 0.602542 0.842882
vt 0.588952 0.858126
vt 0.478590 0.879452
vt 0.592943 0.650817
vt 0.449156 0.925004
vt 0.473557 0.941585
vt 0.687596 0.796890
vt 0.506034 0.884001
vt 0.524893 0.727529
vt 0.607280 0.636179
vt 0.706866 0.678058
vt 0.696976 0.642925
vt 0.525104 0.924269
vt 0.389879 0.943759
vt 0.428628 0.973337
vt 0.431526 0.977180
vt 0.414240 0.959237
vt 0.413971 0.953759
vt 0.367166 0.946381
vt 0.375829 0.940181
vt 0.424676 0.972613
vt 0.421110 0.973191
vt 0.420870 0.963032
vt 0.414060 0.972940
vt 0.411717 0.969376
vt 0.415718 0.970152
vt 0.412769 0.965008
vt 0.372019 0.928977
vt 0.374098 0.933540
vt 0.370094 0.932680
vt 0.383737 0.939448
vt 0.374708 0.936611
vt 0.377590 0.932698
vt 0.379326 0.934609
vt 0.368580 0.935809
vt 0.412375 0.976625
vt 0.411019 0.972763
vt 0.418502 0.974200
vt 0.374252 0.926803
vt 0.374086 0.929594
vt 0.416339 0.975661
vt 0.431557 0.948995
vt 0.376036 0.929412
vt 0.411023 0.979995
vt 0.410474 0.976914
vt 0.413749 0.978281
vt 0.366141 0.974116
vt 0.449406 0.983215
vt 0.591103 0.934277
vt 0.595319 0.923983
vt 0.594977 0.933434
vt 0.367599 0.940146
vt 0.406705 0.952899
vt 0.893163 0.461063
vt 0.906612 0.376186
vt 0.906712 0.557841
vt 0.529841 0.928376
vt 0.918824 0.339001
vt 0.938101 0.342408
vt 0.463509 0.869257
vt 0.563439 0.750447
vt 0.611512 0.827566
vt 0.659459 0.785637
vt 0.510161 0.773757
vt 0.427514 0.878397
vt 0.530282 0.670575
vt 0.527261 0.664720
vt 0.732248 0.751822
vt 0.651640 0.818519
vt 0.733773 0.731307
vt 0.726677 0.732553
vt 0.726848 0.717213
vt 0.558371 0.993726
vt 0.433287 0.912562
vt 0.567115 0.920113
vt 0.579779 0.910538
vt 0.589057 0.915281
vt 0.553020 0.912407
vt 0.540739 0.918139
vt 0.549978 0.934237
vt 0.539135 0.932857
vt 0.525622 0.935307
vt 0.916653 0.352701
vt 0.936439 0.369800
vt 0.912570 0.364125
vt 0.962402 0.577672
vt 0.913219 0.570495
vt 0.543581 0.938714
vt 0.974572 0.523072
vt 0.964853 0.536905
vt 0.186545 0.768876
vt 0.211616 0.741328
vt 0.198587 0.649997
vt 0.148453 0.657292
vt 0.115523 0.680762
vt 0.146086 0.773133
vt 0.210957 0.692108
vt 0.565941 0.169870
vt 0.561248 0.167739
vt 0.630606 0.186123
vt 0.676780 0.202678
vt 0.629650 0.189560
vt 0.788600 0.507466
vt 0.791141 0.505491
vt 0.549793 0.169911
vt 0.797885 0.252558
vt 0.788980 0.473286
vt 0.587520 0.174502
vt 0.606933 0.183584
vt 0.585899 0.177507
vt 0.546929 0.169050
vt 0.783352 0.221578
vt 0.775606 0.228301
vt 0.729021 0.210402
vt 0.755482 0.222725
vt 0.726174 0.215900
vt 0.568037 0.167687
vt 0.792299 0.500584
vt 0.678008 0.198936
vt 0.788564 0.334183
vt 0.608138 0.180426
vt 0.764562 0.224708
vt 0.773565 0.262330
vt 0.758136 0.240595
vt 0.605367 0.189945
vt 0.585735 0.183202
vt 0.675455 0.208374
vt 0.627991 0.196352
vt 0.557218 0.172515
vt 0.562112 0.171398
vt 0.560824 0.175185
vt 0.569899 0.175498
vt 0.722301 0.224350
vt 0.557126 0.172437
vt 0.601944 0.198601
vt 0.715028 0.237242
vt 0.671034 0.219156
vt 0.568195 0.180126
vt 0.740929 0.255207
vt 0.582620 0.189424
vt 0.626041 0.206773
vt 0.786763 0.496195
vt 0.783247 0.471617
vt 0.782356 0.420140
vt 0.774460 0.419708
vt 0.778638 0.336697
vt 0.787865 0.502743
vt 0.757200 0.293232
vt 0.772241 0.305372
vt 0.757627 0.301438
vt 0.777751 0.290044
vt 0.752288 0.271746
vt 0.768389 0.431228
vt 0.764092 0.416878
vt 0.785358 0.504206
vt 0.781410 0.495827
vt 0.776390 0.474566
vt 0.913983 0.592767
vt 0.324441 0.941907
vt 0.829744 0.188136
vt 0.829613 0.178392
vt 0.763767 0.431081
vt 0.753067 0.436262
vt 0.771807 0.308501
vt 0.773036 0.346323
vt 0.768635 0.346889
vt 0.776068 0.345677
vt 0.767853 0.346765
vt 0.757701 0.304465
vt 0.755706 0.410160
vt 0.755760 0.347632
vt 0.760490 0.411680
vt 0.748439 0.434333
vt 0.739351 0.458094
vt 0.736592 0.456904
vt 0.739902 0.427600
vt 0.748088 0.405255
vt 0.732988 0.458969
vt 0.735335 0.456634
vt 0.757327 0.439732
vt 0.738738 0.461116
vt 0.756247 0.410321
vt 0.744886 0.433856
vt 0.880834 0.761554
vt 0.851282 0.765894
vt 0.825602 0.183854
vt 0.836174 0.187690
vt 0.491108 0.072730
vt 0.978234 0.137622
vt 0.947101 0.029658
vt 0.981457 0.066589
vt 0.980954 0.108035
vt 0.886032 0.045859
vt 0.824059 0.075984
vt 0.096352 0.107155
vt 0.104268 0.089723
vt 0.110624 0.093692
vt 0.101342 0.114925
vt 0.117699 0.098139
vt 0.075111 0.098146
vt 0.092096 0.100892
vt 0.076853 0.107504
vt 0.096639 0.084529
vt 0.080711 0.082905
vt 0.086740 0.077360
vt 0.069650 0.065074
vt 0.073060 0.085843
vt 0.087096 0.093199
vt 0.102173 0.072735
vt 0.111175 0.074695
vt 0.090087 0.069848
vt 0.102275 0.059720
vt 0.090301 0.061690
vt 0.126013 0.077208
vt 0.119022 0.056509
vt 0.126013 0.055438
vt 0.111811 0.057946
vt 0.119261 0.033661
vt 0.111568 0.038533
vt 0.097862 0.047557
vt 0.105319 0.042629
vt 0.087495 0.054029
vt 0.102661 0.017400
vt 0.098276 0.024315
vt 0.089137 0.037921
vt 0.094355 0.030547
vt 0.081945 0.047995
vt 0.081975 0.009078
vt 0.080622 0.016453
vt 0.077194 0.032776
vt 0.074458 0.044659
vt 0.079352 0.023595
vt 0.061432 0.015653
vt 0.060476 0.008947
vt 0.066275 0.044318
vt 0.064198 0.032041
vt 0.062709 0.022727
vt 0.039111 0.015389
vt 0.043433 0.022745
vt 0.047526 0.029018
vt 0.058614 0.047251
vt 0.052062 0.036817
vt 0.022999 0.031197
vt 0.028653 0.035652
vt 0.035256 0.039958
vt 0.042632 0.045732
vt 0.052580 0.052800
vt 0.020529 0.053753
vt 0.012405 0.051160
vt 0.028160 0.055096
vt 0.037421 0.057539
vt 0.049252 0.060272
vt 0.020196 0.073572
vt 0.010159 0.075201
vt 0.027413 0.071835
vt 0.048905 0.068438
vt 0.036592 0.070548
vt 0.027071 0.092151
vt 0.019868 0.097452
vt 0.051748 0.076166
vt 0.041357 0.082736
vt 0.033191 0.087540
vt 0.040877 0.106389
vt 0.036661 0.113497
vt 0.057408 0.082093
vt 0.050387 0.091992
vt 0.044740 0.099841
vt 0.058895 0.114159
vt 0.057609 0.121760
vt 0.064838 0.085516
vt 0.062072 0.097543
vt 0.060088 0.106830
vt 0.078334 0.114707
vt 0.079442 0.121743
vt 0.118427 0.075867
vt 0.989050 0.991696
vt 0.833755 0.868531
vt 0.491696 0.500316
vt 0.565879 0.281125
vt 0.402956 0.868001
vt 0.536633 0.673406
vt 0.498627 0.889834
vt 0.417871 0.967211
vt 0.409381 0.932969
vt 0.399808 0.975236
vt 0.590760 0.928322
vt 0.381361 0.936666
vt 0.896604 0.549069
vt 0.733155 0.460265
vt 0.744461 0.433666
vt 0.491737 0.047997
vt 0.753452 0.916789
vt 0.889526 0.597277
vt 0.400575 0.849848
vt 0.890937 0.441310
vt 0.977367 0.024934
s 1
usemtl Creature.002
f 1/1/1 110/2/2 5/3/3
f 126/4/4 12/5/5 123/6/6
f 928/7/7 834/8/8 1850/9/9
f 3/10/10 7/11/11 8/12/12
f 78/13/13 13/14/14 7/11/11
f 11/15/15 943/16/16 931/17/17
f 13/14/14 110/2/2 7/11/11
f 121/18/18 12/5/5 6/19/19
f 80/20/20 101/21/21 100/22/22
f 10/23/23 944/24/24 943/16/16
f 15/25/25 121/18/18 6/19/19
f 16/26/26 111/27/27 101/21/21
f 18/28/28 944/24/24 4/29/29
f 780/30/30 19/31/31 15/25/25
f 19/31/31 4/29/29 15/25/25
f 782/32/32 31/33/33 784/34/34
f 21/35/35 968/36/36 32/37/37
f 22/38/38 32/37/37 31/33/33
f 786/39/39 25/40/40 36/41/41
f 38/42/42 957/43/43 974/44/44
f 36/41/41 24/45/45 38/42/42
f 23/46/46 26/47/47 25/40/40
f 26/47/47 957/43/43 24/45/45
f 25/40/40 26/47/47 24/45/45
f 28/48/48 34/49/49 35/50/50
f 34/49/49 964/51/51 972/52/52
f 785/53/53 28/48/48 35/50/50
f 31/33/33 18/28/28 19/31/31
f 32/37/37 949/54/54 18/28/28
f 781/55/55 31/33/33 19/31/31
f 785/53/53 22/38/38 782/32/32
f 34/49/49 953/56/56 21/35/35
f 35/50/50 21/35/35 22/38/38
f 28/48/48 38/42/42 29/57/57
f 29/57/57 974/44/44 964/51/51
f 783/58/58 36/41/41 28/48/48
f 41/59/59 43/60/60 1/1/1
f 2/61/61 45/62/62 41/59/59
f 1/1/1 43/60/60 49/63/63
f 40/64/64 48/65/65 42/66/66
f 42/66/66 46/67/67 39/68/68
f 151/69/69 50/70/70 150/71/71
f 1/1/1 49/63/63 53/72/72
f 152/73/73 52/74/74 151/69/69
f 51/75/75 56/76/76 52/74/74
f 52/74/74 54/77/77 50/70/70
f 60/78/78 58/79/79 59/80/80
f 62/81/81 59/80/80 57/82/82
f 56/76/76 62/81/81 54/77/77
f 55/83/83 60/78/78 56/76/76
f 59/80/80 64/84/84 65/85/85
f 59/80/80 63/86/86 57/82/82
f 58/79/79 1008/87/87 1007/88/88
f 55/83/83 1005/89/89 1006/90/90
f 61/91/91 1006/90/90 1008/87/87
f 152/73/73 1004/92/92 1110/93/93
f 58/79/79 1009/94/94 64/84/84
f 44/95/95 1010/96/96 1012/97/97
f 39/68/68 49/63/63 43/60/60
f 1011/98/98 47/99/99 40/64/64
f 841/100/100 14/101/101 122/102/102
f 1857/103/103 9/104/104 928/7/7
f 41/59/59 67/105/105 2/61/61
f 5/3/3 66/106/106 1/1/1
f 2/61/61 1020/107/107 1010/96/96
f 103/108/108 85/109/109 86/110/110
f 70/111/111 5/3/3 16/26/26
f 1/1/1 71/112/112 41/59/59
f 1020/107/107 73/113/113 1028/114/114
f 66/106/106 76/115/115 72/116/116
f 68/117/117 1848/118/118 833/119/119
f 66/106/106 77/120/120 71/112/112
f 71/112/112 73/113/113 67/105/105
f 104/121/121 82/122/122 106/123/123
f 124/124/124 833/119/119 832/125/125
f 102/126/126 86/110/110 89/127/127
f 105/128/128 83/129/129 104/121/121
f 80/20/20 99/130/130 14/101/101
f 6/19/19 79/131/131 78/13/13
f 117/132/132 93/133/133 94/134/134
f 117/132/132 97/135/135 116/136/136
f 113/137/137 821/138/138 93/133/133
f 116/136/136 95/139/139 115/140/140
f 105/128/128 88/141/141 84/142/142
f 108/143/143 87/144/144 88/141/141
f 109/145/145 89/127/127 87/144/144
f 107/146/146 82/122/122 85/109/109
f 90/147/147 822/148/148 98/149/149
f 91/150/150 92/151/151 98/149/149
f 96/152/152 95/139/139 98/149/149
f 92/151/151 96/152/152 98/149/149
f 119/153/153 96/152/152 92/151/151
f 118/154/154 95/139/139 96/152/152
f 119/153/153 91/150/150 120/155/155
f 114/156/156 822/148/148 90/147/147
f 95/139/139 97/135/135 98/149/149
f 93/133/133 821/138/138 98/149/149
f 97/135/135 94/134/134 98/149/149
f 94/134/134 93/133/133 98/149/149
f 100/22/22 12/5/5 99/130/130
f 126/4/4 834/8/8 835/157/157
f 101/21/21 79/131/131 100/22/22
f 16/26/26 106/123/123 107/146/146
f 81/158/158 102/126/126 109/145/145
f 75/159/159 109/145/145 108/143/143
f 69/160/160 108/143/143 105/128/128
f 839/161/161 104/121/121 14/101/101
f 76/115/115 103/108/108 102/126/126
f 80/20/20 104/121/121 106/123/123
f 70/111/111 107/146/146 103/108/108
f 101/21/21 111/27/27 13/14/14
f 110/2/2 111/27/27 5/3/3
f 110/2/2 8/12/12 7/11/11
f 790/162/162 119/153/153 120/155/155
f 794/163/163 115/140/140 118/154/154
f 789/164/164 118/154/154 119/153/153
f 792/165/165 115/140/140 788/166/166
f 823/167/167 790/162/162 120/155/155
f 793/168/168 116/136/136 792/165/165
f 787/169/169 117/132/132 793/168/168
f 99/130/130 835/157/157 14/101/101
f 69/160/160 832/125/125 75/159/159
f 840/170/170 122/102/102 9/104/104
f 4/29/29 123/6/6 121/18/18
f 11/15/15 123/6/6 10/23/23
f 121/18/18 15/25/25 4/29/29
f 135/171/171 129/172/172 134/173/173
f 136/174/174 1079/175/175 129/172/172
f 130/176/176 135/171/171 134/173/173
f 145/177/177 149/178/178 826/179/179
f 149/178/178 827/180/180 826/179/179
f 148/181/181 1085/182/182 1105/183/183
f 1101/184/184 828/185/185 144/186/186
f 143/187/187 133/188/188 131/189/189
f 148/181/181 132/190/190 128/191/191
f 144/186/186 827/180/180 147/192/192
f 142/193/193 131/189/189 127/194/194
f 146/195/195 127/194/194 132/190/190
f 72/116/116 76/115/115 139/196/196
f 74/197/197 837/198/198 125/199/199
f 81/158/158 139/196/196 76/115/115
f 1022/200/200 836/201/201 74/197/197
f 125/199/199 838/202/202 75/159/159
f 81/158/158 838/202/202 141/203/203
f 72/116/116 146/204/195 77/120/120
f 139/196/196 142/205/193 72/116/116
f 140/206/204 831/207/205 137/208/206
f 77/120/120 148/209/181 73/113/113
f 141/203/203 143/210/187 139/196/196
f 1096/211/207 829/212/208 140/206/204
f 1028/114/114 148/209/181 1105/213/183
f 138/214/209 831/207/205 830/215/210
f 830/215/210 145/216/177 141/203/203
f 51/75/75 1110/93/93 1005/89/89
f 47/99/99 151/69/69 48/65/65
f 46/67/67 151/69/69 150/71/71
f 45/62/62 39/68/68 43/60/60
f 44/95/95 42/66/66 45/62/62
f 150/71/71 53/72/72 49/63/63
f 50/70/70 772/217/211 53/72/72
f 49/63/63 46/67/67 150/71/71
f 196/218/212 173/219/213 198/220/214
f 187/221/215 160/222/216 188/223/217
f 188/223/217 161/224/218 190/225/219
f 231/226/220 153/227/221 229/228/222
f 232/229/223 154/230/224 158/231/225
f 183/232/226 236/233/227 245/234/228
f 157/235/229 209/236/230 207/237/231
f 159/238/232 233/239/233 231/240/220
f 158/231/225 234/241/234 232/229/223
f 179/242/235 238/243/236 243/244/237
f 189/245/238 164/246/239 158/231/225
f 186/247/240 211/248/241 220/249/242
f 244/250/243 166/251/244 235/252/245
f 228/253/246 175/254/247 215/255/248
f 226/256/249 176/257/250 222/258/251
f 182/259/252 213/260/253 219/261/254
f 242/262/255 170/263/256 237/264/257
f 255/265/258 201/266/259 258/267/260
f 223/268/261 239/269/262 248/270/263
f 222/258/251 240/271/264 247/272/265
f 203/273/266 172/274/267 179/242/235
f 224/275/268 194/276/269 169/277/270
f 215/255/248 175/254/247 178/278/271
f 239/269/262 177/279/272 241/280/273
f 811/281/274 242/262/255 819/282/275
f 817/283/276 182/259/252 219/261/254
f 815/284/277 179/242/235 812/285/278
f 812/285/278 243/244/237 818/286/279
f 220/249/242 253/287/280 186/247/240
f 185/288/281 254/289/282 250/290/283
f 204/291/284 257/292/285 259/293/286
f 257/292/285 245/234/228 262/294/287
f 814/295/288 180/296/289 200/297/290
f 225/298/291 173/219/213 196/218/212
f 200/297/290 169/277/270 194/276/269
f 204/291/284 168/299/292 183/232/226
f 201/266/259 165/300/293 192/301/294
f 158/231/225 202/302/295 189/245/238
f 205/303/296 188/223/217 206/304/297
f 206/304/297 190/225/219 208/305/298
f 189/245/238 218/306/299 207/237/231
f 201/266/259 210/307/300 217/308/301
f 216/309/302 194/276/269 212/310/303
f 227/311/304 196/218/212 214/312/305
f 241/313/273 199/314/306 178/278/271
f 196/218/212 177/279/272 214/312/305
f 814/295/288 216/309/302 816/315/307
f 260/316/308 201/266/259 217/308/301
f 260/316/308 185/288/281 256/317/309
f 816/315/307 181/318/310 811/281/274
f 174/319/311 214/312/305 177/279/272
f 227/311/304 174/319/311 223/268/261
f 216/309/302 170/263/256 181/318/310
f 217/308/301 166/251/244 185/288/281
f 157/235/229 218/306/299 153/227/221
f 159/238/232 208/305/298 162/320/312
f 155/321/313 206/304/297 159/238/232
f 259/293/286 220/249/242 204/291/284
f 815/284/277 219/261/254 203/273/266
f 197/322/314 178/278/271 199/314/306
f 219/261/254 195/323/315 203/273/266
f 228/253/246 197/322/314 226/256/249
f 204/291/284 211/248/241 193/324/316
f 207/237/231 191/325/317 189/245/238
f 213/260/253 226/256/249 195/323/315
f 212/310/303 223/268/261 170/263/256
f 240/326/264 198/220/214 173/219/213
f 212/310/303 225/298/291 227/311/304
f 195/323/315 222/258/251 172/274/267
f 172/274/267 247/272/265 238/243/236
f 170/263/256 248/270/263 237/264/257
f 213/260/253 221/327/318 228/253/246
f 171/328/319 248/329/263 221/327/318
f 169/277/270 247/330/265 224/275/268
f 198/220/214 241/280/273 177/279/272
f 161/224/218 258/267/260 190/225/219
f 255/265/258 245/331/228 184/332/320
f 244/333/243 253/287/280 254/334/282
f 810/335/321 243/336/237 180/296/289
f 813/337/322 242/338/255 182/259/252
f 239/339/262 178/278/271 175/254/247
f 224/275/268 240/326/264 173/219/213
f 221/327/318 239/339/262 175/254/247
f 182/259/252 237/340/257 171/328/319
f 186/247/240 235/341/245 167/342/323
f 180/296/289 238/343/236 169/277/270
f 160/222/216 234/344/234 161/224/218
f 231/226/220 163/345/324 157/235/229
f 184/332/320 236/346/227 165/300/293
f 156/347/325 232/348/223 160/222/216
f 159/238/232 229/349/222 155/321/313
f 264/350/326 250/290/283 254/289/282
f 251/351/327 263/352/328 253/287/280
f 263/352/328 254/334/282 253/287/280
f 261/353/329 209/236/230 251/351/327
f 209/236/230 252/354/330 251/351/327
f 256/317/309 185/288/281 250/290/283
f 233/355/233 252/354/330 163/345/324
f 162/320/312 249/356/331 233/239/233
f 162/320/312 256/317/309 250/290/283
f 220/249/242 261/353/329 251/351/327
f 249/357/331 263/352/328 252/354/330
f 251/351/327 252/354/330 263/352/328
f 249/356/331 250/290/283 264/350/326
f 161/224/218 262/358/287 255/265/258
f 209/236/230 259/293/286 191/325/317
f 162/320/312 260/316/308 256/317/309
f 208/305/298 258/267/260 260/316/308
f 164/246/239 259/293/286 257/292/285
f 164/246/239 262/294/287 234/241/234
f 298/359/332 265/360/333 269/361/334
f 300/362/335 270/363/336 268/364/337
f 299/365/338 268/364/337 265/360/333
f 302/366/339 267/367/340 271/368/341
f 309/369/342 282/370/343 308/371/344
f 304/372/345 269/361/334 266/373/346
f 303/374/347 1224/375/348 267/367/340
f 304/372/345 1229/376/349 1274/377/350
f 301/378/351 271/368/341 270/363/336
f 288/379/352 273/380/353 287/381/354
f 289/382/355 1233/383/356 274/384/357
f 287/381/354 1238/385/358 1255/386/359
f 291/387/360 276/388/361 288/379/352
f 290/389/362 275/390/363 292/391/364
f 291/387/360 275/390/363 272/392/365
f 286/393/366 274/384/357 278/394/367
f 306/395/368 284/396/369 305/397/370
f 307/398/371 279/399/372 306/395/368
f 309/369/342 281/400/373 285/401/374
f 315/402/375 308/371/344 316/403/376
f 305/397/370 280/404/377 311/405/378
f 1282/406/379 281/400/373 310/407/380
f 1283/408/381 280/404/377 1248/409/382
f 271/368/341 289/382/355 286/393/366
f 265/360/333 292/391/364 291/387/360
f 268/364/337 290/389/362 292/391/364
f 269/361/334 291/387/360 288/379/352
f 290/389/362 278/394/367 277/410/383
f 1229/376/349 287/381/354 1255/386/359
f 267/367/340 1254/411/384 289/382/355
f 266/373/346 288/379/352 287/381/354
f 926/412/385 340/413/386 924/414/387
f 325/415/388 1260/416/389 295/417/390
f 323/418/391 1265/419/392 1305/420/393
f 326/421/394 283/422/395 282/370/343
f 328/423/396 293/424/397 327/425/398
f 270/363/336 286/393/366 290/389/362
f 1085/182/182 304/372/345 1274/377/350
f 129/172/172 1273/426/399 303/374/347
f 128/191/191 298/359/332 304/372/345
f 134/173/173 303/374/347 302/366/339
f 127/194/194 300/362/335 299/365/338
f 131/189/189 301/378/351 300/362/335
f 132/190/190 299/365/338 298/359/332
f 278/394/367 316/403/376 277/410/383
f 313/427/400 1283/408/381 1286/428/401
f 1291/429/402 310/407/380 317/430/403
f 312/431/404 311/405/378 313/427/400
f 317/430/403 309/369/342 315/402/375
f 230/432/405 272/392/365 275/390/363
f 154/433/224 275/390/363 277/410/383
f 314/434/406 305/397/370 312/431/404
f 154/433/224 316/403/376 202/435/295
f 276/388/361 314/434/406 312/431/404
f 229/436/222 307/398/371 155/437/313
f 307/398/371 229/438/222 153/439/221
f 276/388/361 313/427/400 273/380/353
f 273/380/353 1286/428/401 1238/385/358
f 274/384/357 315/402/375 278/394/367
f 1233/383/356 317/430/403 274/384/357
f 218/440/299 316/403/376 308/371/344
f 314/434/406 156/441/325 187/442/215
f 176/257/250 197/322/314 199/314/306
f 306/395/368 187/442/215 205/443/296
f 155/437/313 306/395/368 205/443/296
f 153/439/221 308/371/344 307/398/371
f 307/398/371 282/370/343 283/422/395
f 64/84/84 1293/444/407 65/85/85
f 65/85/85 1292/445/408 63/86/86
f 922/446/409 335/447/410 342/448/411
f 360/449/412 341/450/413 338/451/414
f 1260/416/389 320/452/415 295/417/390
f 294/453/416 1300/454/417 1265/419/392
f 318/455/418 296/456/419 321/457/420
f 282/370/343 285/401/374 326/421/394
f 285/401/374 325/415/388 326/421/394
f 283/422/395 327/425/398 279/399/372
f 279/399/372 324/458/421 284/396/369
f 280/404/377 1305/420/393 1248/409/382
f 281/400/373 1304/459/422 325/415/388
f 280/404/377 324/458/421 323/418/391
f 319/460/423 333/461/424 330/462/425
f 319/460/423 1313/463/426 1300/454/417
f 320/452/415 1315/464/427 331/465/428
f 334/466/429 1314/467/430 329/468/431
f 329/468/431 1316/469/432 332/470/433
f 330/462/434 1316/469/432 1313/463/426
f 320/452/415 334/466/435 321/457/420
f 330/462/425 322/471/436 332/470/437
f 332/470/437 318/455/418 329/468/438
f 361/472/439 342/473/411 341/450/413
f 295/417/390 321/457/420 296/456/419
f 329/468/438 321/457/420 334/466/435
f 322/471/436 297/474/440 318/455/418
f 326/421/394 297/474/440 328/423/396
f 296/456/419 325/415/388 295/417/390
f 368/475/441 728/476/442 349/477/443
f 367/478/444 346/479/445 345/480/446
f 363/481/447 344/482/448 362/483/449
f 731/484/450 726/485/451 364/486/452
f 923/487/453 339/488/454 926/412/385
f 924/414/387 336/489/455 925/490/456
f 359/491/457 336/489/455 335/447/410
f 923/487/453 338/451/414 337/492/458
f 366/493/459 735/494/460 346/479/445
f 369/495/461 348/496/462 363/481/447
f 362/483/449 343/497/463 365/498/464
f 367/478/444 347/499/465 369/495/461
f 743/500/466 352/501/467 357/502/468
f 739/503/469 351/504/470 740/505/471
f 738/506/472 358/507/473 739/503/469
f 742/508/474 357/502/468 355/509/475
f 737/510/476 354/511/477 353/512/478
f 294/513/416 353/512/478 352/501/467
f 741/514/479 351/504/470 354/515/477
f 742/508/474 356/516/480 738/506/472
f 357/502/468 360/449/481 923/487/482
f 358/507/473 359/491/483 351/504/470
f 356/516/480 925/490/484 358/507/473
f 357/502/468 926/412/485 355/509/475
f 353/512/478 922/517/486 361/472/487
f 352/501/467 361/472/487 360/449/481
f 354/515/477 359/491/483 922/446/486
f 355/509/475 924/414/488 356/516/480
f 337/518/458 369/495/461 339/519/454
f 336/520/455 365/498/464 335/521/410
f 339/519/454 363/481/447 340/522/386
f 342/523/411 731/484/450 364/486/452
f 340/522/386 362/483/449 336/520/455
f 337/518/458 366/493/459 367/478/444
f 342/524/411 368/475/441 341/525/413
f 746/526/489 583/527/490 586/528/491
f 549/529/492 745/530/493 746/526/489
f 587/531/494 375/532/495 585/533/496
f 373/534/497 583/527/490 584/535/498
f 668/536/499 584/535/498 667/537/500
f 675/538/501 523/539/502 582/540/503
f 434/541/504 380/542/505 665/543/506
f 613/544/507 550/545/508 614/546/509
f 378/547/510 577/548/511 573/549/512
f 576/550/513 376/551/514 575/552/515
f 744/553/516 600/554/517 461/555/518
f 684/556/519 384/557/520 683/558/521
f 377/559/522 381/560/523 378/547/510
f 442/561/524 385/562/525 383/563/526
f 692/564/527 412/565/528 691/566/529
f 555/567/530 382/568/531 379/569/532
f 561/570/533 388/571/534 386/572/535
f 562/573/536 444/574/537 566/575/538
f 438/576/539 400/577/540 436/578/541
f 443/579/542 387/580/543 385/562/525
f 559/581/544 386/572/535 384/557/520
f 564/582/545 390/583/546 389/584/547
f 389/584/547 379/569/532 376/551/514
f 615/585/548 592/586/549 620/587/550
f 615/585/548 588/588/551 593/589/552
f 591/590/553 401/591/554 590/592/555
f 399/593/556 403/594/557 397/595/558
f 395/596/559 616/597/560 394/598/561
f 398/599/562 588/588/551 589/600/563
f 710/601/564 610/602/565 625/603/566
f 703/604/567 589/600/563 705/605/568
f 399/593/556 593/589/552 588/588/551
f 402/606/569 410/607/570 671/608/571
f 407/609/572 409/610/573 439/611/574
f 593/589/552 396/612/575 592/586/549
f 406/613/576 401/591/554 400/577/540
f 408/614/577 428/615/578 406/613/576
f 704/616/579 398/599/562 703/604/567
f 397/595/558 402/606/569 396/612/575
f 671/617/571 410/618/570 438/576/539
f 404/619/580 399/593/556 398/599/562
f 410/607/570 403/594/557 411/620/581
f 693/621/582 446/622/583 691/623/529
f 418/624/584 693/621/582 696/625/585
f 405/626/586 411/620/581 403/594/557
f 414/627/587 409/610/573 408/614/577
f 712/628/588 617/629/589 395/596/559
f 417/630/590 420/631/591 416/632/592
f 692/564/527 416/632/592 695/633/593
f 683/558/521 442/634/524 685/635/594
f 695/633/593 445/636/595 694/637/596
f 419/638/597 448/639/598 446/622/583
f 426/640/599 423/641/600 422/642/601
f 420/631/591 445/636/595 416/632/592
f 424/643/602 447/644/603 420/631/591
f 425/645/604 449/646/605 424/643/602
f 446/647/583 421/648/606 417/630/590
f 422/642/601 419/638/597 418/624/584
f 421/648/606 424/643/602 420/631/591
f 614/546/509 601/649/607 587/531/494
f 448/650/598 425/645/604 421/648/606
f 388/571/534 443/651/542 386/572/535
f 430/652/608 429/653/609 428/615/578
f 428/615/578 407/609/572 406/613/576
f 409/610/573 430/652/608 408/614/577
f 429/653/609 409/610/573 407/609/572
f 427/654/610 448/639/598 423/641/600
f 704/616/579 412/565/528 404/619/580
f 434/541/504 666/655/611 578/656/612
f 382/568/531 434/541/504 379/569/532
f 665/657/506 574/658/613 666/659/611
f 447/660/603 426/640/599 422/642/601
f 447/660/603 418/624/584 445/661/595
f 438/576/539 408/614/577 406/613/576
f 696/625/585 410/618/570 694/662/596
f 401/591/554 439/611/574 437/663/614
f 439/664/574 412/565/528 704/616/579
f 672/665/615 436/578/541 595/666/616
f 401/591/554 596/667/617 590/592/555
f 670/668/618 438/576/539 436/578/541
f 605/669/619 630/670/620 604/671/621
f 348/496/462 456/672/622 344/482/448
f 440/673/623 436/578/541 400/577/540
f 597/674/624 594/675/625 432/676/626
f 619/677/627 629/678/628 391/679/629
f 432/676/626 595/666/616 597/674/624
f 375/532/495 441/680/630 440/673/623
f 455/681/631 452/682/632 454/683/633
f 591/590/553 619/677/627 598/684/634
f 619/677/627 370/685/635 613/544/507
f 594/675/625 669/686/636 432/676/626
f 381/560/523 685/687/594 686/688/637
f 621/689/638 612/690/639 601/649/607
f 473/691/640 532/692/641 475/693/642
f 454/683/633 451/694/643 457/695/644
f 451/694/643 452/682/632 567/696/645
f 569/697/646 571/698/647 568/699/648
f 624/700/649 709/701/650 710/702/564
f 370/685/635 454/683/633 457/695/644
f 458/703/651 456/704/622 394/598/561
f 482/705/652 543/706/653 524/707/654
f 370/685/635 457/695/644 550/545/508
f 712/628/588 455/708/631 435/709/655
f 547/710/656 722/711/657 546/712/658
f 746/526/489 460/713/659 549/529/492
f 587/531/494 464/714/660 552/715/661
f 599/716/662 462/717/663 600/554/517
f 600/554/517 676/718/664 677/719/665
f 577/548/511 467/720/666 579/721/667
f 523/539/502 674/722/668 469/723/669
f 614/546/509 459/724/670 621/689/638
f 580/725/671 674/726/668 675/727/501
f 576/550/513 465/728/672 553/729/673
f 589/600/563 706/730/674 705/605/568
f 684/556/519 473/691/640 559/581/544
f 466/731/675 470/732/676 469/733/669
f 474/734/677 531/735/678 472/736/679
f 697/737/680 501/738/681 502/739/682
f 555/567/530 471/740/683 557/741/684
f 561/570/533 477/742/685 563/743/686
f 562/573/536 533/744/687 476/745/688
f 489/746/689 527/747/690 525/748/691
f 532/749/641 476/745/688 533/744/687
f 559/581/544 475/693/642 561/570/533
f 564/582/545 479/750/692 565/751/693
f 468/752/694 478/753/695 465/728/672
f 606/754/696 622/755/697 627/756/698
f 607/757/699 623/758/700 622/755/697
f 604/671/621 489/746/689 605/669/619
f 488/759/701 492/760/702 494/761/703
f 484/762/704 623/758/700 624/700/649
f 602/763/705 487/764/706 603/765/707
f 609/766/708 682/767/709 521/768/710
f 603/765/707 708/769/711 709/701/650
f 602/763/705 486/770/712 488/759/701
f 679/771/713 808/772/714 499/773/715
f 607/757/699 485/774/716 486/770/712
f 490/775/717 495/776/718 489/746/689
f 497/777/719 517/778/720 519/779/721
f 487/764/706 707/780/722 708/769/711
f 486/770/712 491/781/723 492/760/702
f 496/782/724 528/783/725 498/784/726
f 491/781/723 679/785/713 499/786/715
f 488/759/701 493/787/727 487/764/706
f 499/786/715 492/760/702 491/781/723
f 535/788/728 699/789/729 698/790/730
f 699/789/729 507/791/731 702/792/732
f 494/761/703 500/793/733 502/739/682
f 498/784/726 503/794/734 497/777/719
f 713/795/735 624/700/649 710/702/564
f 506/796/736 509/797/737 510/798/738
f 697/737/680 505/799/739 506/796/736
f 531/800/678 687/801/740 689/802/741
f 534/803/742 700/804/743 701/805/744
f 508/806/745 537/807/746 512/808/747
f 511/809/748 516/810/749 515/811/750
f 534/803/742 509/797/737 505/799/739
f 536/812/751 513/813/752 509/797/737
f 538/814/753 514/815/754 513/813/752
f 510/798/738 535/816/728 506/796/736
f 508/806/745 511/809/748 507/791/731
f 510/798/738 513/813/752 514/815/754
f 450/817/755 426/640/599 449/818/605
f 537/819/746 514/815/754 539/820/756
f 532/692/641 477/742/685 475/693/642
f 518/821/757 519/779/721 517/778/720
f 496/782/724 517/778/720 495/776/718
f 498/784/726 519/779/721 520/822/758
f 498/784/726 518/821/757 496/782/724
f 537/807/746 516/810/749 512/808/747
f 501/738/681 707/780/722 493/787/727
f 579/721/667 551/823/759 577/548/511
f 468/752/694 469/723/669 471/740/683
f 376/551/514 434/541/504 578/656/612
f 536/824/751 515/811/750 538/825/753
f 507/791/731 536/824/751 534/826/742
f 495/776/718 808/772/714 527/747/690
f 701/827/744 503/794/734 702/792/732
f 490/775/717 528/783/725 496/782/724
f 528/783/725 707/828/722 501/829/681
f 681/830/760 525/748/691 680/831/761
f 610/602/565 490/775/717 604/671/621
f 809/832/762 680/831/761 527/747/690
f 618/833/763 590/592/555 596/667/617
f 548/834/764 345/480/446 346/479/445
f 529/835/765 525/748/691 530/836/766
f 611/837/767 521/768/710 608/838/768
f 626/839/769 480/840/770 631/841/771
f 521/768/710 611/837/767 609/766/708
f 464/714/660 530/836/766 522/842/772
f 543/706/653 540/843/773 541/844/774
f 626/839/769 605/669/619 612/690/639
f 459/724/670 626/839/769 621/689/638
f 600/554/517 678/845/775 461/555/518
f 689/846/741 470/732/676 688/847/776
f 371/848/777 372/849/778 745/530/493
f 453/850/779 567/696/645 452/682/632
f 541/851/774 545/852/780 711/853/781
f 451/694/643 542/854/782 457/695/644
f 540/843/773 451/694/643 567/696/645
f 459/724/670 542/854/782 480/840/770
f 454/683/633 391/679/629 393/855/783
f 484/762/704 544/856/784 483/857/785
f 457/695/644 459/724/670 550/545/508
f 570/858/786 728/476/442 350/859/787
f 633/860/788 653/861/789 654/862/790
f 572/863/791 548/864/764 544/856/784
f 394/598/561 720/865/792 458/703/651
f 444/866/537 563/743/686 566/867/538
f 541/844/774 567/696/645 569/868/646
f 374/869/793 586/528/491 583/527/490
f 378/547/510 556/870/794 554/871/795
f 383/563/526 560/872/796 558/873/797
f 686/688/637 558/873/797 690/874/798
f 387/580/543 560/872/796 385/562/525
f 390/583/546 555/567/530 379/569/532
f 553/729/673 389/584/547 376/551/514
f 572/875/791 347/499/465 345/480/446
f 563/743/686 533/876/687 566/867/538
f 676/877/664 582/540/503 522/842/772
f 515/811/750 539/878/756 538/825/753
f 433/879/799 575/552/515 578/656/612
f 602/763/705 624/700/649 623/758/700
f 467/720/666 556/870/794 470/732/676
f 582/540/503 465/728/672 581/880/800
f 472/736/679 560/872/796 474/734/677
f 470/732/676 690/874/798 688/847/776
f 476/745/688 560/872/796 562/573/536
f 479/750/692 555/567/530 565/751/693
f 553/729/673 478/753/695 564/582/545
f 638/881/801 632/882/802 634/883/803
f 730/884/804 721/885/805 547/710/656
f 544/856/784 545/852/780 572/863/791
f 570/886/786 727/887/806 715/888/807
f 394/598/561 456/704/622 395/596/559
f 481/889/808 716/890/809 460/713/659
f 635/891/810 655/892/811 653/893/789
f 522/842/772 581/880/800 464/714/660
f 668/894/499 578/656/612 666/655/611
f 552/715/661 581/880/800 576/550/513
f 463/895/812 580/725/671 462/717/663
f 573/549/512 551/823/759 374/869/793
f 552/715/661 575/552/515 375/532/495
f 574/658/613 374/869/793 373/534/497
f 524/707/654 630/670/620 482/705/652
f 463/895/812 586/528/491 551/823/759
f 589/600/563 616/597/560 617/629/589
f 625/603/566 604/671/621 630/670/620
f 681/896/760 627/756/698 682/897/709
f 672/898/615 620/587/550 592/586/549
f 489/746/689 612/690/639 605/669/619
f 609/766/708 530/836/766 525/748/691
f 530/836/766 608/838/768 522/842/772
f 529/835/765 601/649/607 612/690/639
f 585/533/496 614/546/509 587/531/494
f 744/553/516 586/528/491 599/716/662
f 628/899/813 591/590/553 590/592/555
f 596/900/617 706/730/674 618/901/763
f 682/767/709 678/902/775 521/768/710
f 400/577/540 598/684/634 440/673/623
f 441/680/630 595/666/616 436/578/541
f 441/680/630 594/675/625 597/674/624
f 440/673/623 585/533/496 375/532/495
f 598/684/634 613/544/507 585/533/496
f 584/535/498 669/903/636 667/537/500
f 482/705/652 631/841/771 480/840/770
f 669/686/636 673/904/814 432/676/626
f 435/905/655 628/899/813 618/833/763
f 483/857/785 622/755/697 623/758/700
f 393/855/783 629/678/628 628/899/813
f 461/555/518 627/756/698 481/889/808
f 435/905/655 454/683/633 393/855/783
f 713/906/735 543/706/653 711/907/781
f 394/598/561 615/585/548 392/908/815
f 480/840/770 542/854/782 482/705/652
f 372/849/778 392/908/815 620/587/550
f 634/883/803 656/909/816 655/892/811
f 632/910/802 654/862/790 656/911/816
f 633/860/788 639/912/817 635/913/810
f 639/914/817 642/915/818 638/881/801
f 635/891/810 638/881/801 634/883/803
f 636/916/819 633/860/788 632/910/802
f 640/917/820 637/918/821 636/916/819
f 645/919/822 661/920/823 662/921/824
f 637/918/821 643/922/825 639/912/817
f 651/923/826 646/924/827 647/925/828
f 642/915/818 636/926/819 638/881/801
f 664/927/829 644/928/830 663/929/831
f 661/930/823 646/924/827 664/927/829
f 649/931/832 647/932/828 645/919/822
f 663/933/831 645/919/822 662/921/824
f 651/923/826 652/934/833 650/935/834
f 644/936/830 649/931/832 645/919/822
f 653/861/789 657/937/835 654/862/790
f 646/924/827 648/938/836 644/928/830
f 649/931/832 652/939/833 651/940/826
f 648/941/836 652/939/833 649/931/832
f 650/935/834 652/934/833 648/938/836
f 655/892/811 658/942/837 653/893/789
f 654/862/790 660/943/838 656/911/816
f 546/712/658 659/944/839 548/864/764
f 657/945/835 546/712/658 483/857/785
f 548/864/764 660/946/838 544/856/784
f 660/946/838 483/857/785 544/856/784
f 643/922/825 662/921/824 661/920/823
f 664/927/829 643/947/825 661/930/823
f 662/921/824 640/917/820 663/933/831
f 384/557/520 443/651/542 442/634/524
f 663/929/831 642/915/818 664/927/829
f 660/948/838 655/892/811 656/909/816
f 673/904/814 595/666/616 432/676/626
f 568/949/648 348/496/462 347/499/465
f 458/950/651 344/482/448 456/672/622
f 547/951/656 735/494/460 349/477/443
f 371/848/777 718/952/840 392/908/815
f 726/485/451 570/953/786 350/954/787
f 620/587/550 669/903/636 372/849/778
f 678/902/775 608/838/768 521/768/710
f 373/534/497 666/659/611 574/658/613
f 396/612/575 671/608/571 670/955/618
f 592/586/549 670/955/618 672/898/615
f 579/721/667 466/731/675 580/725/671
f 433/879/799 667/956/500 594/675/625
f 627/756/698 678/845/775 682/897/709
f 462/717/663 675/727/501 676/718/664
f 485/774/716 679/785/713 491/781/723
f 606/754/696 680/957/761 485/774/716
f 502/739/682 493/787/727 494/761/703
f 677/958/665 522/842/772 608/838/768
f 665/657/506 380/959/505 377/559/522
f 469/733/669 674/726/668 466/731/675
f 472/736/679 690/874/798 558/873/797
f 686/688/637 556/870/794 381/560/523
f 531/735/678 688/847/776 472/736/679
f 689/802/741 471/740/683 469/723/669
f 557/741/684 687/801/740 684/556/519
f 686/688/637 442/561/524 383/563/526
f 382/568/531 685/635/594 380/542/505
f 557/741/684 683/558/521 382/568/531
f 696/625/585 445/661/595 418/624/584
f 410/607/570 695/633/593 694/637/596
f 413/960/841 695/633/593 411/620/581
f 414/627/587 693/621/582 415/961/842
f 412/962/528 693/621/582 691/623/529
f 417/630/590 691/566/529 446/647/583
f 534/826/742 702/792/732 507/791/731
f 499/786/715 700/804/743 500/793/733
f 502/739/682 700/804/743 697/737/680
f 503/794/734 699/789/729 702/792/732
f 501/829/681 699/789/729 504/963/843
f 506/796/736 698/964/730 697/737/680
f 484/762/704 711/853/781 545/852/780
f 541/844/774 711/907/781 543/706/653
f 524/707/654 710/601/564 625/603/566
f 708/965/711 528/783/725 526/966/844
f 709/967/650 526/966/844 610/602/565
f 395/596/559 455/708/631 712/628/588
f 453/968/779 456/704/622 571/698/647
f 572/863/791 569/697/646 568/699/648
f 618/901/763 712/628/588 435/709/655
f 439/664/574 703/604/567 437/969/614
f 437/969/614 705/605/568 596/900/617
f 716/890/809 721/885/805 729/970/845
f 722/711/657 719/971/846 723/972/847
f 717/973/848 727/887/806 714/974/849
f 725/975/850 733/976/851 727/887/806
f 726/485/451 350/954/787 364/486/452
f 481/889/808 723/972/847 719/971/846
f 549/529/492 714/974/849 371/848/777
f 483/857/785 722/711/657 723/972/847
f 460/713/659 717/973/848 549/529/492
f 392/908/815 724/977/852 394/598/561
f 714/974/849 733/976/851 718/952/840
f 725/978/850 734/979/853 732/980/854
f 730/884/804 715/888/807 729/970/845
f 728/476/442 364/981/452 350/859/787
f 730/982/804 349/477/443 728/476/442
f 729/970/845 717/973/848 716/890/809
f 731/484/450 335/521/410 365/498/464
f 718/952/840 720/865/792 724/977/852
f 732/980/854 343/497/463 458/950/651
f 734/979/853 365/498/464 343/497/463
f 732/983/854 720/865/792 733/976/851
f 338/984/414 736/985/855 366/493/459
f 735/494/460 548/834/764 346/479/445
f 736/985/855 349/477/443 735/494/460
f 341/525/413 368/475/441 736/985/855
f 322/471/436 742/986/474 738/987/472
f 324/458/421 740/988/471 741/989/479
f 294/453/416 323/418/391 737/990/476
f 323/418/391 741/989/479 737/990/476
f 333/461/424 743/991/466 742/986/474
f 293/424/397 738/987/472 739/992/469
f 293/424/397 740/988/471 327/425/398
f 319/460/423 294/453/416 743/991/466
f 23/46/46 767/993/856 769/994/857
f 20/995/858 764/996/859 766/997/860
f 63/86/86 1773/998/861 777/999/862
f 23/46/46 1735/1000/863 26/47/47
f 53/72/72 760/1001/864 1/1/1
f 57/82/82 775/1002/865 62/81/81
f 27/1003/866 765/1004/867 768/1005/868
f 26/47/47 1735/1000/863 960/1006/869
f 112/1007/870 760/1001/864 759/1008/871
f 17/1009/872 761/1010/873 763/1011/874
f 37/1012/875 768/1005/868 767/993/856
f 63/86/86 776/1013/876 57/82/82
f 30/1014/877 763/1011/874 764/996/859
f 54/77/77 774/1015/878 50/70/70
f 33/1016/879 766/997/860 765/1004/867
f 3/10/880 762/1017/881 761/1010/873
f 759/1008/871 751/1018/882 747/1019/883
f 768/1005/868 750/1020/884 770/1021/885
f 766/997/860 752/1022/886 756/1023/887
f 1734/1024/888 771/1025/889 1766/1026/890
f 768/1005/868 749/1027/891 767/993/856
f 765/1004/867 756/1023/887 750/1020/884
f 764/996/859 748/1028/892 752/1022/886
f 761/1010/873 748/1028/892 763/1011/874
f 762/1017/881 759/1008/871 747/1019/883
f 8/12/893 759/1008/871 762/1017/881
f 1734/1029/888 23/46/46 769/994/857
f 749/1027/891 1766/1026/890 771/1025/889
f 756/1023/887 1762/1030/894 750/1020/884
f 752/1022/886 1760/1031/895 1761/1032/896
f 770/1021/885 1764/1033/897 749/1027/891
f 748/1028/892 1758/1034/898 1760/1031/895
f 751/1018/882 1758/1034/898 747/1019/883
f 770/1021/885 1762/1030/894 1765/1035/899
f 752/1022/886 1763/1036/900 756/1023/887
f 767/993/856 771/1025/889 769/994/857
f 761/1010/873 762/1017/881 747/1019/883
f 775/1002/865 757/1037/901 758/1038/902
f 773/1039/903 758/1038/902 753/1040/904
f 773/1039/903 754/1041/905 774/1015/878
f 772/217/211 751/1018/882 760/1001/864
f 1773/998/861 778/1042/906 777/999/862
f 1776/1043/907 797/1044/908 1802/1045/909
f 54/77/77 775/1002/865 773/1039/903
f 774/1015/878 755/1046/910 772/217/211
f 751/1018/882 1776/1043/907 1759/1047/911
f 40/64/64 1012/97/97 1011/98/98
f 758/1038/902 1777/1048/912 753/1040/904
f 1777/1048/912 795/1049/913 753/1040/904
f 757/1037/901 1775/1050/914 1780/1051/915
f 758/1038/902 1780/1051/915 1779/1052/916
f 776/1013/876 778/1042/906 757/1037/901
f 37/1012/917 783/58/58 27/1003/918
f 33/1016/919 782/32/32 20/995/920
f 17/1009/921 784/34/34 781/55/55
f 27/1003/918 785/53/53 33/1016/919
f 37/1012/917 23/46/46 786/39/39
f 20/995/920 784/34/34 30/1014/922
f 3/10/10 781/55/55 780/30/30
f 780/30/30 6/19/19 78/13/13
f 240/271/264 199/314/306 246/1053/923
f 130/176/176 302/366/339 301/378/351
f 301/378/351 133/188/188 130/176/176
f 377/559/522 573/549/512 574/658/613
f 404/619/580 413/960/841 405/626/586
f 584/535/498 745/530/493 372/849/778
f 1788/1054/924 331/465/925 1315/464/926
f 85/109/109 793/168/168 86/110/110
f 86/110/110 792/165/165 89/127/127
f 85/109/109 824/1055/927 787/169/169
f 89/127/127 788/166/166 87/144/144
f 88/141/141 789/164/164 84/142/142
f 87/144/144 794/163/163 88/141/141
f 84/142/142 790/162/162 83/129/129
f 83/129/129 825/1056/928 82/122/122
f 620/587/550 392/908/815 615/585/548
f 481/889/808 627/756/698 622/755/697
f 1800/1057/929 800/1058/930 795/1049/913
f 799/1059/931 804/1060/932 798/1061/933
f 753/1040/904 796/1062/934 754/1041/905
f 754/1041/905 797/1044/908 755/1046/910
f 798/1063/933 1807/1064/935 799/1059/931
f 779/1065/936 1806/1066/937 798/1063/933
f 805/1067/938 798/1061/933 804/1060/932
f 806/1068/939 802/1069/940 807/1070/941
f 795/1049/913 806/1068/939 805/1067/938
f 779/1065/936 1809/1071/942 1805/1072/943
f 807/1070/941 1813/1073/944 803/1074/945
f 1809/1071/942 803/1074/945 1813/1073/944
f 1801/1075/946 802/1069/940 800/1058/930
f 1811/1076/947 807/1070/941 802/1069/940
f 779/1077/936 806/1068/939 801/1078/948
f 801/1078/948 807/1070/941 803/1074/945
f 796/1062/934 805/1067/938 804/1060/932
f 797/1044/908 1807/1064/935 1802/1045/909
f 796/1062/934 799/1059/931 797/1044/908
f 409/610/573 412/962/528 439/611/574
f 408/614/577 410/618/570 414/627/587
f 578/656/612 575/552/515 376/551/514
f 465/728/672 523/539/502 468/752/694
f 498/784/726 501/829/681 504/963/843
f 808/772/714 809/832/762 527/747/690
f 497/777/719 499/773/715 808/772/714
f 7/11/11 780/30/30 78/13/13
f 167/342/323 819/1079/275 813/337/322
f 165/300/293 818/1080/279 810/335/321
f 211/248/241 815/284/277 193/324/316
f 210/307/300 811/281/274 166/251/244
f 210/307/300 814/295/288 816/315/307
f 192/301/294 810/335/321 814/295/288
f 168/299/292 818/286/279 236/233/227
f 193/324/316 812/285/278 168/299/292
f 167/342/323 817/283/276 211/248/241
f 166/251/244 819/282/275 235/252/245
f 824/1055/927 82/122/122 791/1081/949
f 820/1082/950 90/147/147 821/138/138
f 820/1082/950 787/169/169 824/1055/927
f 823/167/167 91/150/150 822/148/148
f 114/156/156 824/1055/927 791/1081/949
f 825/1056/928 791/1081/949 82/122/122
f 825/1056/928 114/156/156 791/1081/949
f 98/149/149 821/138/138 90/147/147
f 98/149/149 822/148/148 91/150/150
f 827/180/180 136/174/174 135/171/171
f 828/185/185 1090/1083/951 136/174/174
f 826/179/179 133/188/188 145/177/177
f 826/179/179 135/171/171 130/176/176
f 831/207/205 149/1084/178 830/215/210
f 830/215/210 141/203/203 138/214/209
f 1843/1085/952 144/1086/186 829/212/208
f 829/212/208 147/1087/192 831/207/205
f 75/159/159 832/125/125 125/199/199
f 833/119/119 1022/200/200 74/197/197
f 832/125/125 74/197/197 125/199/199
f 835/157/157 9/104/104 122/102/102
f 1850/9/9 11/15/15 931/17/17
f 14/101/101 835/157/157 122/102/102
f 141/203/203 838/202/202 138/214/209
f 1855/1088/953 140/206/204 836/201/201
f 837/198/198 138/214/209 838/202/202
f 836/201/201 137/208/206 837/198/198
f 105/128/128 839/161/161 69/160/160
f 839/161/161 124/124/124 69/160/160
f 841/100/100 68/117/117 124/124/124
f 840/170/170 1014/1089/954 68/117/117
f 461/555/518 460/713/659 744/553/516
f 845/1090/955 849/1091/956 850/1092/957
f 846/1093/958 850/1092/957 851/1094/959
f 918/1095/960 844/1096/961 919/1097/962
f 848/1098/963 842/1099/964 847/1100/965
f 891/1101/966 847/1100/965 842/1099/964
f 844/1096/961 848/1098/963 849/1091/956
f 917/1102/967 843/1103/968 918/1095/960
f 849/1091/956 853/1104/969 854/1105/970
f 891/1101/966 852/1106/971 847/1100/965
f 858/1107/972 852/1106/971 857/1108/973
f 856/1109/974 860/1110/975 1879/1111/976
f 859/1112/977 853/1104/969 858/1107/972
f 865/1113/978 860/1110/975 864/1114/979
f 859/1112/977 862/1115/980 863/1116/981
f 860/1110/975 863/1116/981 864/1114/979
f 858/1107/972 861/1117/982 862/1115/980
f 891/1101/966 857/1108/973 852/1106/971
f 870/1118/983 864/1114/979 869/1119/984
f 863/1116/981 867/1120/985 868/1121/986
f 864/1114/979 868/1121/986 869/1119/984
f 862/1115/980 866/1122/987 867/1120/985
f 891/1101/966 861/1117/982 857/1108/973
f 875/1123/988 869/1119/984 874/1124/989
f 872/1125/990 866/1122/987 871/1126/991
f 869/1119/984 873/1127/992 874/1124/989
f 891/1101/966 866/1122/987 861/1117/982
f 875/1123/988 879/1128/993 880/1129/994
f 868/1121/986 872/1125/990 873/1127/992
f 872/1125/990 876/1130/995 877/1131/996
f 874/1124/989 878/1132/997 879/1128/993
f 891/1101/966 871/1126/991 866/1122/987
f 873/1127/992 877/1131/996 878/1132/997
f 885/1133/998 879/1128/993 884/1134/999
f 891/1101/966 876/1130/995 871/1126/991
f 879/1128/993 883/1135/1000 884/1134/999
f 877/1131/996 881/1136/1001 882/1137/1002
f 883/1135/1000 877/1131/996 882/1137/1002
f 890/1138/1003 884/1134/999 889/1139/1004
f 889/1139/1004 883/1135/1000 888/1140/1005
f 891/1101/966 881/1136/1001 876/1130/995
f 887/1141/1006 881/1136/1001 886/1142/1007
f 888/1140/1005 882/1137/1002 887/1141/1006
f 890/1138/1003 895/1143/1008 896/1144/1009
f 895/1143/1008 888/1140/1005 894/1145/1010
f 891/1101/966 886/1142/1007 881/1136/1001
f 893/1146/1011 886/1142/1007 892/1147/1012
f 894/1145/1010 887/1141/1006 893/1146/1011
f 896/1144/1009 900/1148/1013 901/1149/1014
f 900/1148/1013 894/1145/1010 899/1150/1015
f 891/1101/966 892/1147/1012 886/1142/1007
f 893/1146/1011 897/1151/1016 898/1152/1017
f 899/1150/1015 893/1146/1011 898/1152/1017
f 901/1149/1014 905/1153/1018 906/1154/1019
f 891/1101/966 897/1151/1016 892/1147/1012
f 898/1152/1017 902/1155/1020 903/1156/1021
f 905/1153/1018 899/1150/1015 904/1157/1022
f 904/1157/1022 898/1152/1017 903/1156/1021
f 906/1154/1019 910/1158/1023 911/1159/1024
f 891/1101/966 902/1155/1020 897/1151/1016
f 903/1156/1021 907/1160/1025 908/1161/1026
f 910/1158/1023 904/1157/1022 909/1162/1027
f 909/1162/1027 903/1156/1021 908/1161/1026
f 911/1159/1024 915/1163/1028 916/1164/1029
f 908/1161/1026 912/1165/1030 913/1166/1031
f 915/1163/1028 909/1162/1027 914/1167/1032
f 891/1101/966 907/1160/1025 902/1155/1020
f 914/1167/1032 908/1161/1026 913/1166/1031
f 916/1164/1029 920/1168/1033 921/1169/1034
f 918/1095/960 912/1165/1030 917/1102/967
f 920/1168/1033 914/1167/1032 919/1097/962
f 891/1101/966 912/1165/1030 907/1160/1025
f 919/1097/962 913/1166/1031 918/1095/960
f 891/1101/966 917/1102/967 912/1165/1030
f 891/1101/966 842/1099/964 917/1102/967
f 844/1096/961 920/1168/1033 919/1097/962
f 845/1090/955 921/1169/1034 920/1168/1033
f 860/1110/975 854/1105/970 859/1112/977
f 850/1092/957 854/1105/970 855/1170/1035
f 853/1104/969 847/1100/965 852/1106/971
f 851/1094/959 855/1170/1035 856/1109/974
f 927/1/1036 1061/2/1037 1063/1007/1038
f 940/5/1039 1077/4/1040 1074/6/1041
f 928/7/7 1849/8/1042 937/104/1043
f 935/11/1044 930/10/1045 936/12/1046
f 1029/13/1047 941/14/1048 1030/131/1049
f 943/16/16 939/15/1050 931/17/17
f 1061/2/1037 941/14/1048 935/11/1044
f 1072/18/1051 940/5/1039 1074/6/1041
f 1031/20/1052 1052/21/1053 946/26/1054
f 944/24/24 938/23/1055 943/16/16
f 945/25/1056 934/19/1057 1072/18/1051
f 946/26/1054 1062/27/1058 933/3/1059
f 944/24/24 948/28/1060 932/29/1061
f 1781/30/1062 950/31/1063 1782/55/1064
f 932/29/1061 950/31/1063 945/25/1056
f 966/33/1065 1783/32/1066 1785/34/1067
f 968/36/36 952/35/1068 967/37/1069
f 967/37/1069 954/38/1070 966/33/1065
f 1787/39/1071 958/40/1072 955/46/1073
f 976/42/1074 957/43/43 956/45/1075
f 973/41/1076 956/45/1075 958/40/1072
f 955/46/1073 958/40/1072 959/47/1077
f 957/43/43 959/47/1077 956/45/1075
f 958/40/1072 956/45/1075 959/47/1077
f 970/49/1078 962/48/1079 971/50/1080
f 970/49/1078 964/51/51 963/57/1081
f 1786/53/1082 962/48/1079 1784/58/1083
f 948/28/1060 966/33/1065 950/31/1063
f 949/54/54 967/37/1069 948/28/1060
f 1782/55/1064 966/33/1065 1785/34/1067
f 954/38/1070 1786/53/1082 1783/32/1066
f 953/56/56 970/49/1078 952/35/1068
f 952/35/1068 971/50/1080 954/38/1070
f 962/48/1079 976/42/1074 973/41/1076
f 963/57/1081 974/44/44 976/42/1074
f 1784/58/1083 973/41/1076 1787/39/1071
f 981/60/1084 979/59/1085 927/1/1036
f 983/62/1086 929/61/1087 979/59/1085
f 927/1/1036 987/63/1088 981/60/1084
f 986/65/1089 978/64/1090 980/66/1091
f 984/67/1092 980/66/1091 977/68/1093
f 988/70/1094 1108/69/1095 1107/71/1096
f 927/1/1036 991/72/1097 987/63/1088
f 990/74/1098 1109/73/1099 1108/69/1095
f 994/76/1100 989/75/1101 990/74/1098
f 992/77/1102 990/74/1098 988/70/1094
f 998/78/1103 996/79/1104 999/91/1105
f 1000/81/1106 997/80/1107 998/78/1103
f 1000/81/1106 994/76/1100 992/77/1102
f 998/78/1103 993/83/1108 994/76/1100
f 997/80/1107 1002/84/1109 996/79/1104
f 1001/86/1110 997/80/1107 995/82/1111
f 996/79/1104 1008/87/87 999/91/1105
f 993/83/1108 1005/89/89 989/75/1101
f 999/91/1105 1006/90/90 993/83/1108
f 1109/73/1099 1004/92/92 985/99/1112
f 1009/94/94 996/79/1104 1002/84/1109
f 982/95/1113 1010/96/96 929/61/1087
f 987/63/1088 977/68/1093 981/60/1084
f 985/99/1112 1011/98/98 978/64/1090
f 942/101/1114 1859/100/1115 1073/102/1116
f 937/104/1043 1857/103/103 928/7/7
f 1015/105/1117 979/59/1085 929/61/1087
f 933/3/1059 927/1/1036 1013/106/1118
f 1020/107/107 929/61/1087 1010/96/96
f 1054/108/1119 1036/109/1120 1058/146/1121
f 933/3/1059 1018/111/1122 946/26/1054
f 1019/112/1123 927/1/1036 979/59/1085
f 1020/107/107 1023/113/1124 1015/105/1117
f 1013/106/1118 1026/115/1125 1018/111/1122
f 1016/117/1126 1848/118/118 1014/1089/954
f 1027/120/1127 1013/106/1118 1019/112/1123
f 1023/113/1124 1019/112/1123 1015/105/1117
f 1033/122/1128 1055/121/1129 1057/123/1130
f 1075/124/1131 1847/119/1132 1016/117/1126
f 1053/126/1133 1037/110/1134 1054/108/1119
f 1034/129/1135 1056/128/1136 1055/121/1129
f 1050/130/1137 1031/20/1052 942/101/1114
f 934/19/1057 1030/131/1049 940/5/1039
f 1068/132/1138 1044/133/1139 1064/137/1140
f 1048/135/1141 1068/132/1138 1067/136/1142
f 1064/137/1140 1833/138/1143 1832/1082/1144
f 1046/139/1145 1067/136/1142 1066/140/1146
f 1056/128/1136 1039/141/1147 1059/143/1148
f 1059/143/1148 1038/144/1149 1060/145/1150
f 1060/145/1150 1040/127/1151 1053/126/1133
f 1058/146/1121 1033/122/1128 1057/123/1130
f 1041/147/1152 1049/149/1153 1834/148/1154
f 1042/150/1155 1049/149/1153 1043/151/1156
f 1047/152/1157 1049/149/1153 1046/139/1145
f 1043/151/1156 1049/149/1153 1047/152/1157
f 1070/153/1158 1047/152/1157 1069/154/1159
f 1069/154/1159 1046/139/1145 1066/140/1146
f 1042/150/1155 1070/153/1158 1071/155/1160
f 1065/156/1161 1834/148/1154 1835/167/1162
f 1046/139/1145 1049/149/1153 1048/135/1141
f 1044/133/1139 1049/149/1153 1833/138/1143
f 1048/135/1141 1049/149/1153 1045/134/1163
f 1045/134/1163 1049/149/1153 1044/133/1139
f 940/5/1039 1051/22/1164 1050/130/1137
f 1077/4/1040 1849/8/1042 939/15/1050
f 1030/131/1049 1052/21/1053 1051/22/1164
f 946/26/1054 1057/123/1130 1031/20/1052
f 1032/158/1165 1053/126/1133 1026/115/1125
f 1025/159/1166 1060/145/1150 1032/158/1165
f 1017/160/1167 1059/143/1148 1025/159/1166
f 1055/121/1129 1856/161/1168 942/101/1114
f 1026/115/1125 1054/108/1119 1018/111/1122
f 1031/20/1052 1055/121/1129 942/101/1114
f 1018/111/1122 1058/146/1121 946/26/1054
f 1052/21/1053 941/14/1048 1062/27/1058
f 1061/2/1037 933/3/1059 1062/27/1058
f 1061/2/1037 936/12/1046 1063/1007/1038
f 1792/162/1169 1070/153/1158 1791/164/1170
f 1796/163/1171 1066/140/1146 1790/166/1172
f 1791/164/1170 1069/154/1159 1796/163/1171
f 1066/140/1146 1794/165/1173 1790/166/1172
f 1835/167/1162 1792/162/1169 1837/1056/1174
f 1067/136/1142 1795/168/1175 1794/165/1173
f 1068/132/1138 1789/169/1176 1795/168/1175
f 1050/130/1137 1851/157/1177 1077/4/1040
f 1017/160/1167 1846/125/1178 1075/124/1131
f 1073/102/1116 1858/170/1179 937/104/1043
f 932/29/1061 1074/6/1041 938/23/1055
f 1074/6/1041 939/15/1050 938/23/1055
f 1072/18/1051 932/29/1061 945/25/1056
f 1088/171/1180 1081/172/1181 1089/174/1182
f 1089/174/1182 1079/175/175 1090/1083/951
f 1082/176/1183 1087/173/1184 1088/171/1180
f 1100/177/1185 1838/179/1186 1106/178/1187
f 1106/178/1187 1840/180/1188 1103/192/1189
f 1085/182/182 1104/181/1190 1105/183/183
f 1841/185/1191 1101/184/184 1099/186/1192
f 1098/187/1193 1086/188/1194 1100/177/1185
f 1104/181/1190 1084/190/1195 1102/195/1196
f 1840/180/1188 1099/186/1192 1103/192/1189
f 1097/193/1197 1083/189/1198 1098/187/1193
f 1102/195/1196 1078/194/1199 1097/193/1197
f 1021/116/1200 1093/196/1201 1026/115/1125
f 1853/198/1202 1024/197/1203 1076/199/1204
f 1093/196/1201 1032/158/1165 1026/115/1125
f 1852/201/1205 1022/200/200 1024/197/1203
f 1854/202/1206 1076/199/1204 1025/159/1166
f 1032/158/1165 1854/202/1206 1025/159/1166
f 1102/204/1196 1021/116/1200 1027/120/1127
f 1097/205/1197 1093/196/1201 1021/116/1200
f 1845/207/1207 1094/206/1208 1091/208/1209
f 1104/209/1190 1027/120/1127 1023/113/1124
f 1098/210/1193 1095/203/1210 1093/196/1201
f 1842/212/1211 1096/211/207 1094/206/1208
f 1028/114/114 1104/209/1190 1023/113/1124
f 1092/214/1212 1845/207/1207 1091/208/1209
f 1100/216/1185 1844/215/1213 1095/203/1210
f 989/75/1101 1110/93/93 1109/73/1099
f 1108/69/1095 985/99/1112 986/65/1089
f 984/67/1092 1108/69/1095 986/65/1089
f 983/62/1086 977/68/1093 980/66/1091
f 982/95/1113 980/66/1091 978/64/1090
f 991/72/1097 1107/71/1096 987/63/1088
f 1767/217/1214 988/70/1094 991/72/1097
f 987/63/1088 1107/71/1096 984/67/1092
f 1154/218/1215 1156/220/1216 1131/219/1217
f 1145/221/1218 1118/222/1219 1114/347/1220
f 1146/223/1221 1119/224/1222 1118/222/1219
f 1111/227/1223 1189/226/1224 1187/228/1225
f 1190/229/1226 1112/230/1227 1188/1171/1228
f 1194/233/1229 1141/232/1230 1203/234/1231
f 1167/236/1232 1115/235/1233 1165/237/1234
f 1191/239/1235 1117/238/1236 1189/240/1224
f 1192/241/1237 1116/231/1238 1190/229/1226
f 1196/243/1239 1137/242/1240 1201/244/1241
f 1122/246/1242 1147/245/1243 1116/231/1238
f 1169/248/1244 1144/247/1245 1178/249/1246
f 1202/250/1247 1124/251/1248 1143/288/1249
f 1186/253/1250 1133/254/1251 1179/327/1252
f 1184/256/1253 1134/257/1254 1155/322/1255
f 1171/260/1256 1140/259/1257 1177/261/1258
f 1200/262/1259 1128/263/1260 1139/318/1261
f 1159/266/1262 1213/265/1263 1216/267/1264
f 1197/269/1265 1181/268/1266 1206/270/1267
f 1198/271/1268 1180/258/1269 1205/272/1270
f 1130/274/1271 1161/273/1272 1137/242/1240
f 1152/276/1273 1182/275/1274 1127/277/1275
f 1173/255/1276 1136/278/1277 1133/254/1251
f 1197/269/1265 1135/279/1278 1132/319/1279
f 1200/262/1259 1823/281/1280 1831/282/1281
f 1829/283/1282 1140/259/1257 1825/337/1283
f 1137/242/1240 1827/284/1284 1824/285/1285
f 1201/244/1241 1824/285/1285 1830/286/1286
f 1211/287/1287 1178/249/1246 1144/247/1245
f 1143/288/1249 1212/289/1288 1202/250/1247
f 1215/292/1289 1162/291/1290 1217/293/1291
f 1203/234/1231 1215/292/1289 1220/294/1292
f 1826/295/1293 1138/296/1294 1822/335/1295
f 1183/298/1296 1131/219/1217 1182/275/1274
f 1158/297/1297 1127/277/1275 1138/296/1294
f 1126/299/1298 1162/291/1290 1141/232/1230
f 1159/266/1262 1123/300/1299 1142/332/1300
f 1160/302/1301 1116/231/1238 1147/245/1243
f 1163/303/1302 1146/223/1221 1145/221/1218
f 1164/304/1303 1148/225/1304 1146/223/1221
f 1176/306/1305 1147/245/1243 1165/237/1234
f 1168/307/1306 1159/266/1262 1175/308/1307
f 1174/309/1308 1152/276/1273 1158/297/1297
f 1185/311/1309 1154/218/1215 1183/298/1296
f 1199/313/1310 1157/314/1311 1204/1053/1312
f 1135/279/1278 1154/218/1215 1172/312/1313
f 1174/309/1308 1826/295/1293 1828/315/1314
f 1218/316/1315 1159/266/1262 1216/267/1264
f 1143/288/1249 1218/316/1315 1214/317/1316
f 1139/318/1261 1828/315/1314 1823/281/1280
f 1132/319/1279 1135/279/1278 1172/312/1313
f 1132/319/1279 1185/311/1309 1181/268/1266
f 1128/263/1260 1174/309/1308 1139/318/1261
f 1124/251/1248 1175/308/1307 1143/288/1249
f 1115/235/1233 1176/306/1305 1165/237/1234
f 1117/238/1236 1166/305/1317 1164/304/1303
f 1113/321/1318 1164/304/1303 1163/303/1302
f 1217/293/1291 1178/249/1246 1219/353/1319
f 1827/284/1284 1177/261/1258 1829/283/1282
f 1155/322/1255 1136/278/1277 1173/255/1276
f 1153/323/1320 1177/261/1258 1161/273/1272
f 1155/322/1255 1186/253/1250 1184/256/1253
f 1162/291/1290 1169/248/1244 1178/249/1246
f 1149/325/1321 1165/237/1234 1147/245/1243
f 1184/256/1253 1171/260/1256 1153/323/1320
f 1181/268/1266 1170/310/1322 1128/263/1260
f 1156/220/1216 1198/326/1268 1131/219/1217
f 1170/310/1322 1183/298/1296 1152/276/1273
f 1180/258/1269 1153/323/1320 1130/274/1271
f 1205/272/1270 1130/274/1271 1196/243/1239
f 1206/270/1267 1128/263/1260 1195/264/1323
f 1171/260/1256 1179/327/1252 1129/328/1324
f 1129/328/1324 1206/329/1267 1195/340/1323
f 1127/277/1275 1205/330/1270 1196/343/1239
f 1199/280/1310 1156/220/1216 1135/279/1278
f 1119/224/1222 1216/267/1264 1213/265/1263
f 1213/265/1263 1203/331/1231 1220/358/1292
f 1202/333/1247 1211/287/1287 1144/247/1245
f 1822/335/1295 1201/336/1241 1830/1080/1286
f 1825/337/1283 1200/338/1259 1831/1079/1281
f 1136/278/1277 1197/339/1265 1133/254/1251
f 1182/275/1274 1198/326/1268 1205/330/1270
f 1179/327/1252 1197/339/1265 1206/329/1267
f 1140/259/1257 1195/340/1323 1200/338/1259
f 1144/247/1245 1193/341/1325 1202/333/1247
f 1138/296/1294 1196/343/1239 1201/336/1241
f 1118/222/1219 1192/344/1237 1190/348/1226
f 1121/345/1326 1189/226/1224 1115/235/1233
f 1142/332/1300 1194/346/1229 1203/331/1231
f 1190/348/1226 1114/347/1220 1118/222/1219
f 1187/349/1225 1117/238/1236 1113/321/1318
f 1222/350/1327 1212/289/1288 1208/290/1328
f 1209/351/1329 1211/287/1287 1221/352/1330
f 1221/352/1330 1212/334/1288 1222/1172/1327
f 1219/353/1319 1209/351/1329 1167/236/1232
f 1167/236/1232 1210/354/1331 1121/345/1326
f 1214/317/1316 1208/290/1328 1143/288/1249
f 1210/354/1331 1191/355/1235 1121/345/1326
f 1207/356/1332 1120/320/1333 1191/239/1235
f 1120/320/1333 1208/290/1328 1214/317/1316
f 1178/249/1246 1209/351/1329 1219/353/1319
f 1221/352/1330 1207/357/1332 1210/354/1331
f 1209/351/1329 1221/352/1330 1210/354/1331
f 1207/356/1332 1222/350/1327 1208/290/1328
f 1119/224/1222 1220/358/1292 1192/344/1237
f 1217/293/1291 1167/236/1232 1149/325/1321
f 1120/320/1333 1218/316/1315 1166/305/1317
f 1166/305/1317 1216/267/1264 1148/225/1304
f 1122/246/1242 1217/293/1291 1149/325/1321
f 1220/294/1292 1122/246/1242 1192/241/1237
f 1266/359/1334 1223/360/1335 1267/365/1336
f 1268/362/1337 1230/363/1338 1269/378/1339
f 1267/365/1336 1227/364/1340 1268/362/1337
f 1270/366/1341 1226/367/1342 1271/374/1343
f 1245/370/1344 1279/369/1345 1278/371/1346
f 1272/372/1347 1228/361/1348 1266/359/1334
f 1271/374/1343 1224/375/348 1273/426/399
f 1229/376/349 1272/372/1347 1274/377/350
f 1269/378/1339 1231/368/1349 1270/366/1341
f 1234/380/1350 1252/379/1351 1251/381/1352
f 1253/382/1353 1233/383/356 1254/411/384
f 1238/385/358 1251/381/1352 1255/386/359
f 1237/388/1354 1257/387/1355 1252/379/1351
f 1236/390/1356 1256/389/1357 1258/391/1358
f 1257/387/1355 1236/390/1356 1258/391/1358
f 1250/393/1359 1235/384/1360 1253/382/1353
f 1247/396/1361 1276/395/1362 1275/397/1363
f 1241/399/1364 1277/398/1365 1276/395/1362
f 1279/369/1345 1244/400/1366 1280/407/1367
f 1288/402/1368 1278/371/1346 1279/369/1345
f 1243/404/1369 1275/397/1363 1281/405/1370
f 1244/400/1366 1282/406/379 1280/407/1367
f 1283/408/381 1243/404/1369 1281/405/1370
f 1231/368/1349 1253/382/1353 1226/367/1342
f 1223/360/1335 1258/391/1358 1227/364/1340
f 1227/364/1340 1256/389/1357 1230/363/1338
f 1228/361/1348 1257/387/1355 1223/360/1335
f 1256/389/1357 1240/394/1371 1250/393/1359
f 1229/376/349 1251/381/1352 1225/373/1372
f 1226/367/1342 1254/411/384 1224/375/348
f 1225/373/1372 1252/379/1351 1228/361/1348
f 1324/413/1373 1945/412/1374 1943/414/1375
f 1303/415/1376 1260/416/389 1304/459/422
f 1265/419/392 1301/418/1377 1305/420/393
f 1246/422/1378 1306/421/1379 1245/370/1344
f 1259/424/1380 1308/423/1381 1307/425/1382
f 1230/363/1338 1250/393/1359 1231/368/1349
f 1085/182/182 1272/372/1347 1080/191/1383
f 1081/172/1181 1273/426/399 1079/175/175
f 1080/191/1383 1266/359/1334 1084/190/1195
f 1087/173/1184 1271/374/1343 1081/172/1181
f 1078/194/1199 1268/362/1337 1083/189/1198
f 1083/189/1198 1269/378/1339 1086/188/1194
f 1084/190/1195 1267/365/1336 1078/194/1199
f 1289/403/1384 1240/394/1371 1239/410/1385
f 1283/408/381 1285/427/1386 1286/428/401
f 1280/407/1367 1291/429/402 1290/430/1387
f 1281/405/1370 1284/431/1388 1285/427/1386
f 1279/369/1345 1290/430/1387 1288/402/1368
f 1188/432/1228 1232/392/1389 1114/441/1220
f 1112/433/1227 1236/390/1356 1188/432/1228
f 1275/397/1363 1287/434/1390 1284/431/1388
f 1112/433/1227 1289/403/1384 1239/410/1385
f 1237/388/1354 1287/434/1390 1232/392/1389
f 1187/436/1225 1113/437/1318 1277/398/1365
f 1277/398/1365 1111/439/1223 1187/438/1225
f 1285/427/1386 1237/388/1354 1234/380/1350
f 1286/428/401 1234/380/1350 1238/385/358
f 1288/402/1368 1235/384/1360 1240/394/1371
f 1290/430/1387 1233/383/356 1235/384/1360
f 1176/440/1305 1289/403/1384 1160/435/1301
f 1114/441/1220 1287/434/1390 1145/442/1218
f 1134/257/1254 1157/314/1311 1155/322/1255
f 1145/442/1218 1276/395/1362 1163/443/1302
f 1113/437/1318 1276/395/1362 1277/398/1365
f 1278/371/1346 1111/439/1223 1277/398/1365
f 1245/370/1344 1277/398/1365 1246/422/1378
f 1293/444/407 1002/84/1109 1003/85/1391
f 1292/445/408 1003/85/1391 1001/86/1110
f 1941/446/1392 1319/447/1393 1343/491/1394
f 1344/449/1395 1325/450/1396 1345/472/1397
f 1297/452/1398 1260/416/389 1262/417/1399
f 1300/454/417 1261/453/1400 1265/419/392
f 1294/455/1401 1263/456/1402 1264/474/1403
f 1245/370/1344 1306/421/1379 1249/401/1404
f 1249/401/1404 1303/415/1376 1244/400/1366
f 1307/425/1382 1246/422/1378 1241/399/1364
f 1302/458/1405 1241/399/1364 1247/396/1361
f 1305/420/393 1243/404/1369 1248/409/382
f 1244/400/1366 1304/459/422 1242/1173/1406
f 1243/404/1369 1302/458/1405 1247/396/1361
f 1296/460/1407 1310/462/1408 1317/461/1409
f 1313/463/426 1296/460/1407 1300/454/417
f 1315/464/427 1297/452/1398 1311/465/1410
f 1314/467/430 1318/466/1411 1309/468/1412
f 1316/469/432 1309/468/1412 1312/470/1413
f 1310/462/1414 1316/469/432 1312/470/1413
f 1318/466/1415 1297/452/1398 1298/457/1416
f 1310/462/1408 1299/471/1417 1317/461/1409
f 1312/470/1418 1294/455/1401 1299/471/1417
f 1345/472/1397 1326/473/1419 1941/517/1392
f 1298/457/1416 1262/417/1399 1263/456/1402
f 1298/457/1416 1309/468/1420 1318/466/1415
f 1299/471/1417 1264/474/1403 1259/424/1380
f 1264/474/1403 1306/421/1379 1308/423/1381
f 1303/415/1376 1263/456/1402 1262/417/1399
f 1352/475/1421 1712/476/1422 1348/981/1423
f 1351/478/1424 1330/479/1425 1350/493/1426
f 1328/482/1427 1347/481/1428 1346/483/1429
f 1710/485/1430 1715/484/1431 1348/486/1423
f 1323/488/1432 1942/487/1433 1945/412/1374
f 1320/489/1434 1943/414/1375 1944/490/1435
f 1343/491/1394 1320/489/1434 1944/490/1435
f 1942/487/1433 1322/451/1436 1344/449/1395
f 1350/493/1426 1719/494/1437 1720/985/1438
f 1332/496/1439 1353/495/1440 1347/481/1428
f 1327/497/1441 1346/483/1429 1349/498/1442
f 1331/499/1443 1351/478/1424 1353/495/1440
f 1727/500/1444 1336/501/1445 1261/513/1400
f 1335/504/1446 1723/503/1447 1724/505/1448
f 1342/507/1449 1722/506/1450 1723/503/1447
f 1726/508/1451 1341/502/1452 1727/500/1444
f 1721/510/1453 1338/511/1454 1725/1174/1455
f 1261/513/1400 1337/512/1456 1721/510/1453
f 1725/514/1455 1335/504/1446 1724/505/1448
f 1340/516/1457 1726/508/1451 1722/506/1450
f 1341/502/1452 1344/449/1458 1336/501/1445
f 1343/491/1459 1342/507/1449 1335/504/1446
f 1944/490/1460 1340/516/1457 1342/507/1449
f 1945/412/1461 1341/502/1452 1339/509/1462
f 1337/512/1456 1941/517/1463 1338/511/1454
f 1336/501/1445 1345/472/1464 1337/512/1456
f 1338/515/1454 1343/491/1459 1335/504/1446
f 1943/414/1465 1339/509/1462 1340/516/1457
f 1353/495/1440 1321/518/1466 1323/519/1432
f 1349/498/1442 1320/520/1434 1319/521/1393
f 1347/481/1428 1323/519/1432 1324/522/1373
f 1326/523/1419 1715/484/1431 1319/521/1393
f 1346/483/1429 1324/522/1373 1320/520/1434
f 1321/518/1466 1350/493/1426 1322/984/1436
f 1352/475/1421 1326/524/1419 1325/525/1396
f 1730/526/1467 1567/527/1468 1729/530/1469
f 1533/529/1470 1729/530/1469 1355/848/1471
f 1571/531/1472 1359/532/1473 1536/715/1474
f 1567/527/1468 1357/534/1475 1568/535/1476
f 1568/535/1476 1652/536/1477 1651/537/1478
f 1659/538/1479 1507/539/1480 1658/722/1481
f 1418/541/1482 1649/543/1483 1364/542/1484
f 1534/545/1485 1597/544/1486 1598/546/1487
f 1561/548/1488 1362/547/1489 1557/549/1490
f 1560/550/1491 1360/551/1492 1537/729/1493
f 1584/554/1494 1728/553/1495 1445/555/1496
f 1668/556/1497 1368/557/1498 1543/581/1499
f 1361/559/1500 1365/560/1501 1364/959/1484
f 1369/562/1502 1426/561/1503 1367/563/1504
f 1676/564/1505 1396/565/1506 1397/960/1507
f 1539/567/1508 1366/568/1509 1541/741/1510
f 1545/570/1511 1372/571/1512 1547/743/1513
f 1546/573/1514 1428/574/1515 1371/580/1516
f 1384/577/1517 1422/576/1518 1420/578/1519
f 1427/579/1520 1371/580/1516 1428/574/1515
f 1543/581/1499 1370/572/1521 1545/570/1511
f 1548/582/1522 1374/583/1523 1549/751/1524
f 1363/569/1525 1373/584/1526 1360/551/1492
f 1599/585/1527 1576/586/1528 1577/589/1529
f 1599/585/1527 1572/588/1530 1600/597/1531
f 1575/590/1532 1385/591/1533 1384/577/1517
f 1383/593/1534 1387/594/1535 1389/626/1536
f 1379/596/1537 1600/597/1531 1601/629/1538
f 1572/588/1530 1382/599/1539 1573/600/1540
f 1594/602/1541 1694/601/1542 1609/603/1543
f 1573/600/1540 1687/604/1544 1689/605/1545
f 1577/589/1529 1383/593/1534 1572/588/1530
f 1386/606/1546 1655/608/1547 1394/607/1548
f 1391/609/1549 1423/611/1550 1393/610/1551
f 1577/589/1529 1380/612/1552 1381/595/1553
f 1385/591/1533 1390/613/1554 1384/577/1517
f 1392/614/1555 1412/615/1556 1414/652/1557
f 1382/599/1539 1688/616/1558 1687/604/1544
f 1381/595/1553 1386/606/1546 1387/594/1535
f 1655/617/1547 1422/576/1518 1394/618/1548
f 1383/593/1534 1388/619/1559 1382/599/1539
f 1387/594/1535 1394/607/1548 1395/620/1560
f 1430/622/1561 1677/621/1562 1675/623/1563
f 1677/621/1562 1402/624/1564 1680/625/1565
f 1389/626/1536 1395/620/1560 1397/960/1507
f 1393/610/1551 1398/627/1566 1392/614/1555
f 1696/628/1567 1601/629/1538 1690/730/1568
f 1401/630/1569 1404/631/1570 1405/648/1571
f 1676/564/1505 1400/632/1572 1401/630/1569
f 1426/634/1503 1667/558/1573 1669/635/1574
f 1429/636/1575 1679/633/1576 1678/637/1577
f 1403/638/1578 1432/639/1579 1407/641/1580
f 1407/641/1580 1410/640/1581 1406/642/1582
f 1429/636/1575 1404/631/1570 1400/632/1572
f 1431/644/1583 1408/643/1584 1404/631/1570
f 1433/646/1585 1409/645/1586 1408/643/1584
f 1405/648/1571 1430/647/1561 1401/630/1569
f 1403/638/1578 1406/642/1582 1402/624/1564
f 1405/648/1571 1408/643/1584 1409/645/1586
f 1585/649/1587 1598/546/1487 1571/531/1472
f 1432/650/1579 1409/645/1586 1434/1175/1588
f 1427/651/1520 1372/571/1512 1370/572/1521
f 1413/653/1589 1414/652/1557 1412/615/1556
f 1391/609/1549 1412/615/1556 1390/613/1554
f 1393/610/1551 1414/652/1557 1415/1176/1590
f 1393/610/1551 1413/653/1589 1391/609/1549
f 1432/639/1579 1411/654/1591 1407/641/1580
f 1688/616/1558 1388/619/1559 1396/565/1506
f 1650/655/1592 1418/541/1482 1562/656/1593
f 1418/541/1482 1366/568/1509 1363/569/1525
f 1558/658/1594 1649/657/1483 1650/659/1592
f 1431/660/1583 1410/640/1581 1433/818/1585
f 1402/624/1564 1431/660/1583 1429/661/1575
f 1422/576/1518 1390/613/1554 1392/614/1555
f 1680/625/1565 1394/618/1548 1398/627/1566
f 1385/591/1533 1423/611/1550 1391/609/1549
f 1423/664/1550 1688/616/1558 1396/565/1506
f 1656/665/1595 1420/578/1519 1654/668/1596
f 1580/667/1597 1385/591/1533 1574/592/1598
f 1654/668/1596 1422/576/1518 1655/617/1547
f 1589/669/1599 1614/670/1600 1615/841/1601
f 1440/672/1602 1332/496/1439 1328/482/1427
f 1424/673/1603 1420/578/1519 1425/680/1604
f 1581/674/1605 1416/676/1606 1578/675/1607
f 1603/677/1608 1375/679/1609 1613/678/1610
f 1416/676/1606 1581/674/1605 1579/666/1611
f 1359/532/1473 1425/680/1604 1417/879/1612
f 1439/681/1613 1436/682/1614 1437/850/1615
f 1575/590/1532 1603/677/1608 1613/678/1610
f 1354/685/1616 1603/677/1608 1597/544/1486
f 1653/686/1617 1578/675/1607 1416/676/1606
f 1669/687/1574 1365/560/1501 1670/688/1618
f 1596/690/1619 1605/689/1620 1585/649/1587
f 1457/691/1621 1516/692/1622 1515/800/1623
f 1435/694/1624 1438/683/1625 1441/695/1626
f 1435/694/1624 1551/696/1627 1436/682/1614
f 1553/697/1628 1555/698/1629 1437/968/1615
f 1608/700/1630 1693/701/1631 1587/765/1632
f 1354/685/1616 1438/683/1625 1375/679/1609
f 1442/703/1633 1378/598/1634 1440/704/1602
f 1527/706/1635 1466/705/1636 1508/707/1637
f 1354/685/1616 1534/545/1485 1441/695/1626
f 1696/628/1567 1419/709/1638 1439/708/1613
f 1706/711/1639 1531/710/1640 1530/712/1641
f 1444/713/1642 1730/526/1467 1533/529/1470
f 1571/531/1472 1448/714/1643 1585/649/1587
f 1446/717/1644 1583/716/1645 1584/554/1494
f 1660/718/1646 1584/554/1494 1661/719/1647
f 1451/720/1648 1561/548/1488 1563/721/1649
f 1507/539/1480 1453/723/1650 1658/722/1481
f 1598/546/1487 1443/724/1651 1534/545/1485
f 1658/726/1481 1564/725/1652 1659/727/1479
f 1560/550/1491 1449/728/1653 1565/880/1654
f 1573/600/1540 1690/730/1568 1601/629/1538
f 1668/556/1497 1457/691/1621 1671/801/1655
f 1450/731/1656 1454/732/1657 1451/720/1648
f 1515/735/1623 1458/734/1658 1456/736/1659
f 1681/737/1660 1485/738/1661 1682/964/1662
f 1539/567/1508 1455/740/1663 1452/752/1664
f 1545/570/1511 1461/742/1665 1459/693/1666
f 1546/573/1514 1517/744/1667 1550/575/1668
f 1511/747/1669 1473/746/1670 1509/748/1671
f 1516/749/1622 1460/745/1672 1458/734/1658
f 1543/581/1499 1459/693/1666 1457/691/1621
f 1548/582/1522 1463/750/1673 1462/753/1674
f 1462/753/1674 1452/752/1664 1449/728/1653
f 1606/755/1675 1590/754/1676 1611/756/1677
f 1607/758/1678 1591/757/1679 1606/755/1675
f 1473/746/1670 1588/671/1680 1589/669/1599
f 1472/759/1681 1476/760/1682 1470/770/1683
f 1468/762/1684 1607/758/1678 1467/857/1685
f 1471/764/1686 1586/763/1687 1587/765/1632
f 1666/767/1688 1593/766/1689 1505/768/1690
f 1692/769/1691 1587/765/1632 1693/701/1631
f 1586/763/1687 1470/770/1683 1591/757/1679
f 1820/772/1692 1663/771/1693 1483/773/1694
f 1591/757/1679 1469/774/1695 1590/754/1676
f 1479/776/1696 1474/775/1697 1473/746/1670
f 1481/777/1698 1501/778/1699 1479/776/1696
f 1691/780/1700 1471/764/1686 1692/769/1691
f 1470/770/1683 1475/781/1701 1469/774/1695
f 1480/782/1702 1482/784/1703 1512/783/1704
f 1475/781/1701 1483/786/1694 1663/785/1693
f 1477/787/1705 1472/759/1681 1471/764/1686
f 1476/760/1682 1483/786/1694 1475/781/1701
f 1683/789/1706 1519/788/1707 1682/790/1662
f 1491/791/1708 1683/789/1706 1686/792/1709
f 1478/761/1710 1484/793/1711 1476/760/1682
f 1487/794/1712 1482/784/1703 1481/777/1698
f 1697/795/1713 1608/700/1630 1468/762/1684
f 1490/796/1714 1493/797/1715 1489/799/1716
f 1681/737/1660 1489/799/1716 1684/804/1717
f 1671/801/1655 1515/800/1623 1673/802/1718
f 1684/804/1717 1518/803/1719 1685/805/1720
f 1492/806/1721 1521/807/1722 1519/788/1707
f 1495/809/1723 1500/810/1724 1496/808/1725
f 1493/797/1715 1518/803/1719 1489/799/1716
f 1497/813/1726 1520/812/1727 1493/797/1715
f 1498/815/1728 1522/814/1729 1497/813/1726
f 1519/816/1707 1494/798/1730 1490/796/1714
f 1495/809/1723 1492/806/1721 1491/791/1708
f 1494/798/1730 1497/813/1726 1493/797/1715
f 1410/640/1581 1434/817/1588 1433/818/1585
f 1521/819/1722 1498/815/1728 1494/798/1730
f 1461/742/1665 1516/692/1622 1459/693/1666
f 1503/779/1731 1502/821/1732 1501/778/1699
f 1501/778/1699 1480/782/1702 1479/776/1696
f 1482/784/1703 1503/779/1731 1481/777/1698
f 1502/821/1732 1482/784/1703 1480/782/1702
f 1500/810/1724 1521/807/1722 1496/808/1725
f 1485/738/1661 1477/787/1705 1691/780/1700
f 1563/721/1649 1535/823/1733 1447/895/1734
f 1452/752/1664 1453/723/1650 1507/539/1480
f 1360/551/1492 1418/541/1482 1363/569/1525
f 1520/824/1727 1499/811/1735 1495/809/1723
f 1520/824/1727 1491/791/1708 1518/826/1719
f 1820/772/1692 1479/776/1696 1511/747/1669
f 1487/794/1712 1685/827/1720 1686/792/1709
f 1474/775/1697 1512/783/1704 1510/966/1736
f 1512/783/1704 1485/829/1661 1691/828/1700
f 1665/830/1737 1509/748/1671 1593/766/1689
f 1474/775/1697 1594/602/1541 1588/671/1680
f 1511/747/1669 1664/831/1738 1821/832/1739
f 1574/592/1598 1602/833/1740 1580/667/1597
f 1532/834/1741 1329/480/1742 1556/875/1743
f 1513/835/1744 1509/748/1671 1473/746/1670
f 1595/837/1745 1592/838/1746 1505/768/1690
f 1610/839/1747 1615/841/1601 1464/840/1748
f 1505/768/1690 1593/766/1689 1595/837/1745
f 1448/714/1643 1514/836/1749 1513/835/1744
f 1527/706/1635 1524/843/1750 1526/854/1751
f 1589/669/1599 1610/839/1747 1596/690/1619
f 1610/839/1747 1443/724/1651 1605/689/1620
f 1662/845/1752 1584/554/1494 1445/555/1496
f 1454/732/1657 1673/846/1718 1672/847/1753
f 1356/849/1754 1355/848/1471 1729/530/1469
f 1551/696/1627 1437/850/1615 1436/682/1614
f 1525/851/1755 1529/852/1756 1556/863/1743
f 1526/854/1751 1435/694/1624 1441/695/1626
f 1524/843/1750 1551/696/1627 1435/694/1624
f 1443/724/1651 1526/854/1751 1441/695/1626
f 1438/683/1625 1377/855/1757 1375/679/1609
f 1528/856/1758 1468/762/1684 1467/857/1685
f 1441/695/1626 1534/545/1485 1443/724/1651
f 1554/858/1759 1712/476/1422 1714/982/1760
f 1637/861/1761 1617/860/1762 1638/862/1763
f 1556/863/1743 1528/856/1758 1532/864/1741
f 1704/865/1764 1378/598/1634 1442/703/1633
f 1547/743/1513 1428/866/1515 1550/867/1668
f 1525/844/1755 1551/696/1627 1524/843/1750
f 1570/528/1765 1358/869/1766 1567/527/1468
f 1362/547/1489 1540/870/1767 1365/560/1501
f 1367/563/1504 1544/872/1768 1369/562/1502
f 1670/688/1618 1542/873/1769 1367/563/1504
f 1544/872/1768 1371/580/1516 1369/562/1502
f 1539/567/1508 1374/583/1523 1363/569/1525
f 1537/729/1493 1373/584/1526 1548/582/1522
f 1556/875/1743 1331/499/1443 1552/949/1770
f 1517/876/1667 1547/743/1513 1550/867/1668
f 1660/877/1646 1566/540/1771 1659/538/1479
f 1523/878/1772 1499/811/1735 1522/825/1729
f 1559/552/1773 1417/879/1612 1562/656/1593
f 1608/700/1630 1586/763/1687 1607/758/1678
f 1540/870/1767 1451/720/1648 1454/732/1657
f 1566/540/1771 1565/880/1654 1449/728/1653
f 1544/872/1768 1456/736/1659 1458/734/1658
f 1674/874/1774 1454/732/1657 1672/847/1753
f 1460/745/1672 1544/872/1768 1458/734/1658
f 1463/750/1673 1539/567/1508 1452/752/1664
f 1537/729/1493 1462/753/1674 1449/728/1653
f 1616/882/1775 1622/881/1776 1618/883/1777
f 1705/885/1778 1714/884/1760 1531/710/1640
f 1528/856/1758 1556/863/1743 1529/852/1756
f 1554/886/1759 1711/887/1779 1709/975/1780
f 1378/598/1634 1379/596/1537 1440/704/1602
f 1700/890/1781 1465/889/1782 1444/713/1642
f 1639/892/1783 1619/891/1784 1637/893/1761
f 1506/842/1785 1565/880/1654 1566/540/1771
f 1562/656/1593 1652/894/1477 1650/655/1592
f 1536/715/1474 1565/880/1654 1448/714/1643
f 1564/725/1652 1447/895/1734 1446/717/1644
f 1535/823/1733 1557/549/1490 1358/869/1766
f 1536/715/1474 1559/552/1773 1560/550/1491
f 1358/869/1766 1558/658/1594 1357/534/1475
f 1614/670/1600 1508/707/1637 1466/705/1636
f 1447/895/1734 1570/528/1765 1583/716/1645
f 1600/597/1531 1573/600/1540 1601/629/1538
f 1609/603/1543 1588/671/1680 1594/602/1541
f 1665/896/1737 1611/756/1677 1590/754/1676
f 1656/898/1595 1604/587/1786 1657/1177/1787
f 1473/746/1670 1596/690/1619 1513/835/1744
f 1514/836/1749 1593/766/1689 1509/748/1671
f 1514/836/1749 1592/838/1746 1595/837/1745
f 1513/835/1744 1585/649/1587 1448/714/1643
f 1569/533/1788 1598/546/1487 1597/544/1486
f 1728/553/1495 1570/528/1765 1730/526/1467
f 1612/899/1789 1575/590/1532 1613/678/1610
f 1690/730/1568 1580/900/1597 1602/901/1740
f 1666/767/1688 1505/768/1690 1662/902/1752
f 1384/577/1517 1582/684/1790 1575/590/1532
f 1579/666/1611 1425/680/1604 1420/578/1519
f 1425/680/1604 1578/675/1607 1417/879/1612
f 1424/673/1603 1569/533/1788 1582/684/1790
f 1582/684/1790 1597/544/1486 1603/677/1608
f 1568/535/1476 1653/903/1617 1356/849/1754
f 1615/841/1601 1466/705/1636 1464/840/1748
f 1653/686/1617 1416/676/1606 1657/904/1787
f 1612/899/1789 1419/905/1638 1602/833/1740
f 1606/755/1675 1467/857/1685 1607/758/1678
f 1613/678/1610 1377/855/1757 1612/899/1789
f 1445/555/1496 1465/889/1782 1611/756/1677
f 1419/905/1638 1438/683/1625 1439/681/1613
f 1697/906/1713 1527/706/1635 1508/707/1637
f 1378/598/1634 1599/585/1527 1600/597/1531
f 1464/840/1748 1466/705/1636 1526/854/1751
f 1356/849/1754 1604/587/1786 1376/908/1791
f 1640/909/1792 1618/883/1777 1639/892/1783
f 1638/862/1763 1616/910/1775 1640/911/1792
f 1617/860/1762 1623/912/1793 1621/918/1794
f 1623/914/1793 1626/915/1795 1627/947/1796
f 1619/891/1784 1622/881/1776 1623/914/1793
f 1617/860/1762 1620/916/1797 1616/910/1775
f 1621/918/1794 1624/917/1798 1620/916/1797
f 1645/920/1799 1629/919/1800 1646/921/1801
f 1621/918/1794 1627/922/1796 1625/1178/1802
f 1630/924/1803 1635/923/1804 1631/925/1805
f 1620/926/1797 1626/915/1795 1622/881/1776
f 1648/927/1806 1628/928/1807 1630/924/1803
f 1645/930/1799 1630/924/1803 1631/925/1805
f 1631/932/1805 1633/931/1808 1629/919/1800
f 1647/933/1809 1629/919/1800 1628/936/1807
f 1635/923/1804 1634/935/1810 1636/934/1811
f 1628/936/1807 1633/931/1808 1632/941/1812
f 1637/861/1761 1641/937/1813 1642/1179/1814
f 1630/924/1803 1632/938/1812 1634/935/1810
f 1633/931/1808 1635/940/1804 1636/939/1811
f 1632/941/1812 1633/931/1808 1636/939/1811
f 1634/935/1810 1632/938/1812 1636/934/1811
f 1639/892/1783 1642/942/1814 1643/1180/1815
f 1638/862/1763 1644/943/1816 1641/937/1813
f 1530/712/1641 1643/944/1815 1642/1181/1814
f 1530/712/1641 1641/945/1813 1467/857/1685
f 1532/864/1741 1644/946/1816 1643/944/1815
f 1467/857/1685 1644/946/1816 1528/856/1758
f 1646/921/1801 1627/922/1796 1645/920/1799
f 1648/927/1806 1627/947/1796 1626/915/1795
f 1646/921/1801 1624/917/1798 1625/1178/1802
f 1368/557/1498 1427/651/1520 1370/572/1521
f 1647/929/1809 1626/915/1795 1624/1182/1798
f 1639/892/1783 1644/948/1816 1640/909/1792
f 1579/666/1611 1657/904/1787 1416/676/1606
f 1332/496/1439 1552/949/1770 1331/499/1443
f 1442/950/1633 1328/482/1427 1327/497/1441
f 1531/951/1640 1719/494/1437 1530/1183/1641
f 1702/952/1817 1355/848/1471 1376/908/1791
f 1554/953/1759 1710/485/1430 1334/954/1818
f 1653/903/1617 1604/587/1786 1356/849/1754
f 1592/838/1746 1662/902/1752 1505/768/1690
f 1650/659/1592 1357/534/1475 1558/658/1594
f 1380/612/1552 1655/608/1547 1386/606/1546
f 1576/586/1528 1654/955/1596 1380/612/1552
f 1563/721/1649 1450/731/1656 1451/720/1648
f 1651/956/1478 1417/879/1612 1578/675/1607
f 1611/756/1677 1662/845/1752 1445/555/1496
f 1446/717/1644 1659/727/1479 1564/725/1652
f 1469/774/1695 1663/785/1693 1664/957/1738
f 1590/754/1676 1664/957/1738 1665/896/1737
f 1477/787/1705 1486/739/1819 1478/761/1710
f 1506/842/1785 1661/958/1647 1592/838/1746
f 1649/657/1483 1361/559/1500 1364/959/1484
f 1453/733/1650 1450/731/1656 1658/726/1481
f 1456/736/1659 1674/874/1774 1672/847/1753
f 1540/870/1767 1670/688/1618 1365/560/1501
f 1672/847/1753 1515/735/1623 1456/736/1659
f 1455/740/1663 1673/802/1718 1453/723/1650
f 1541/741/1510 1671/801/1655 1455/740/1663
f 1426/561/1503 1670/688/1618 1367/563/1504
f 1669/635/1574 1366/568/1509 1364/542/1484
f 1541/741/1510 1667/558/1573 1668/556/1497
f 1429/661/1575 1680/625/1565 1402/624/1564
f 1394/607/1548 1679/633/1576 1395/620/1560
f 1397/960/1507 1679/633/1576 1676/564/1505
f 1398/627/1566 1677/621/1562 1680/625/1565
f 1396/962/1506 1677/621/1562 1399/961/1820
f 1401/630/1569 1675/566/1563 1676/564/1505
f 1686/792/1709 1518/826/1719 1491/791/1708
f 1483/786/1694 1684/804/1717 1685/805/1720
f 1486/739/1819 1684/804/1717 1484/793/1711
f 1487/794/1712 1683/789/1706 1488/963/1821
f 1485/829/1661 1683/789/1706 1682/790/1662
f 1490/796/1714 1682/964/1662 1519/816/1707
f 1468/762/1684 1695/853/1822 1697/795/1713
f 1525/844/1755 1527/706/1635 1695/907/1822
f 1508/707/1637 1694/601/1542 1697/906/1713
f 1512/783/1704 1692/965/1691 1510/966/1736
f 1510/966/1736 1693/967/1631 1594/602/1541
f 1379/596/1537 1439/708/1613 1440/704/1602
f 1440/704/1602 1437/968/1615 1555/698/1629
f 1556/863/1743 1553/697/1628 1525/851/1755
f 1696/628/1567 1602/901/1740 1419/709/1638
f 1687/604/1544 1423/664/1550 1421/969/1823
f 1689/605/1545 1421/969/1823 1580/900/1597
f 1700/890/1781 1705/885/1778 1703/971/1824
f 1703/971/1824 1706/711/1639 1707/972/1825
f 1701/973/1826 1711/887/1779 1699/888/1827
f 1717/976/1828 1709/975/1780 1711/887/1779
f 1710/485/1430 1348/486/1423 1334/954/1818
f 1465/889/1782 1707/972/1825 1467/857/1685
f 1698/974/1829 1533/529/1470 1355/848/1471
f 1467/857/1685 1706/711/1639 1530/712/1641
f 1701/973/1826 1444/713/1642 1533/529/1470
f 1708/977/1830 1376/908/1791 1378/598/1634
f 1698/974/1829 1717/976/1828 1711/887/1779
f 1709/978/1780 1718/979/1831 1710/485/1430
f 1699/888/1827 1714/884/1760 1713/970/1832
f 1712/476/1422 1334/859/1818 1348/981/1423
f 1333/477/1833 1714/982/1760 1712/476/1422
f 1713/970/1832 1701/973/1826 1699/888/1827
f 1715/484/1431 1349/498/1442 1319/521/1393
f 1702/952/1817 1704/865/1764 1717/976/1828
f 1716/980/1834 1327/497/1441 1718/979/1831
f 1718/979/1831 1349/498/1442 1715/484/1431
f 1704/865/1764 1716/983/1834 1717/976/1828
f 1322/984/1436 1720/985/1438 1325/525/1396
f 1719/494/1437 1532/834/1741 1530/1183/1641
f 1333/477/1833 1720/985/1438 1719/494/1437
f 1325/525/1396 1720/985/1438 1352/475/1421
f 1299/471/1417 1726/986/1451 1317/461/1409
f 1302/458/1405 1724/988/1448 1307/425/1382
f 1261/453/1400 1721/990/1453 1301/418/1377
f 1301/418/1377 1725/989/1455 1302/458/1405
f 1317/461/1409 1727/991/1444 1296/460/1407
f 1259/424/1380 1722/987/1450 1299/471/1417
f 1724/988/1448 1259/424/1380 1307/425/1382
f 1296/460/1407 1727/991/1444 1261/453/1400
f 955/46/1073 1753/993/1835 975/1012/1836
f 951/995/1837 1750/996/1838 965/1014/1839
f 1001/86/1110 1773/998/861 1292/445/408
f 1735/1000/863 955/46/1073 959/47/1077
f 1746/1001/1840 991/72/1097 927/1/1036
f 1770/1002/1841 995/82/1111 1000/81/1106
f 961/1003/1842 1751/1004/1843 969/1016/1844
f 959/47/1077 960/1006/869 1735/1000/863
f 1063/1007/1845 1746/1001/1840 927/1/1036
f 947/1009/1846 1747/1010/1847 930/10/1848
f 975/1012/1836 1754/1005/1849 961/1003/1842
f 1771/1013/1850 1001/86/1110 995/82/1111
f 965/1014/1839 1749/1011/1851 947/1009/1846
f 1769/1015/1852 992/77/1102 988/70/1094
f 969/1016/1844 1752/997/1853 951/995/1837
f 930/10/1848 1748/1017/1854 936/12/1855
f 1745/1008/1856 1737/1018/1857 1746/1001/1840
f 1754/1005/1849 1736/1020/1858 1751/1004/1843
f 1752/997/1853 1738/1022/1859 1750/996/1838
f 1734/1024/888 1757/1025/1860 1755/994/1861
f 1733/1027/1862 1754/1005/1849 1753/993/1835
f 1751/1004/1843 1742/1023/1863 1752/997/1853
f 1750/996/1838 1732/1028/1864 1749/1011/1851
f 1732/1028/1864 1747/1010/1847 1749/1011/1851
f 1748/1017/1854 1731/1019/1865 1745/1008/1856
f 936/12/1855 1745/1008/1856 1063/1007/1845
f 1734/1029/888 1755/994/1861 955/46/1073
f 1766/1026/890 1733/1027/1862 1757/1025/1860
f 1762/1030/894 1742/1023/1863 1736/1020/1858
f 1738/1022/1859 1760/1031/895 1732/1028/1864
f 1764/1033/897 1756/1021/1866 1733/1027/1862
f 1732/1028/1864 1758/1034/898 1731/1019/1865
f 1758/1034/898 1737/1018/1857 1731/1019/1865
f 1756/1021/1866 1762/1030/894 1736/1020/1858
f 1763/1036/900 1738/1022/1859 1742/1023/1863
f 1757/1025/1860 1753/993/1835 1755/994/1861
f 1747/1010/1847 1731/1019/1865 1748/1017/1854
f 1770/1002/1841 1743/1037/1867 1771/1013/1850
f 1768/1039/1868 1744/1038/1869 1770/1002/1841
f 1740/1041/1870 1768/1039/1868 1769/1015/1852
f 1737/1018/1857 1767/217/1214 1746/1001/1840
f 1774/1042/1871 1773/998/861 1772/999/1872
f 1776/1043/907 1799/1044/1873 1741/1046/1874
f 992/77/1102 1770/1002/1841 1000/81/1106
f 1769/1015/1852 1741/1046/1874 1740/1041/1870
f 1737/1018/1857 1776/1043/907 1741/1046/1874
f 978/64/1090 1012/97/97 982/95/1113
f 1777/1048/912 1744/1038/1869 1739/1040/1875
f 1797/1049/1876 1777/1048/912 1739/1040/1875
f 1743/1037/1867 1775/1050/914 1774/1042/1871
f 1744/1038/1869 1780/1051/915 1743/1037/1867
f 1771/1013/1850 1774/1042/1871 1772/999/1872
f 1784/58/1083 975/1012/1877 961/1003/1878
f 1783/32/1066 969/1016/1879 951/995/1880
f 947/1009/1881 1785/34/1067 965/1014/1882
f 1786/53/1082 961/1003/1878 969/1016/1879
f 975/1012/1877 1787/39/1071 955/46/1073
f 1785/34/1067 951/995/1880 965/1014/1882
f 930/10/1045 1782/55/1064 947/1009/1881
f 934/19/1057 1781/30/1062 1029/13/1047
f 1157/314/1311 1198/271/1268 1204/1053/1312
f 1082/176/1183 1270/366/1341 1087/173/1184
f 1269/378/1339 1082/176/1183 1086/188/1194
f 1361/559/1500 1557/549/1490 1362/547/1489
f 1388/619/1559 1397/960/1507 1396/565/1506
f 1729/530/1469 1568/535/1476 1356/849/1754
f 1788/1054/924 1311/465/1883 1318/466/1411
f 1795/168/1175 1036/109/1120 1037/110/1134
f 1794/165/1173 1037/110/1134 1040/127/1151
f 1036/109/1120 1836/1055/1884 1033/122/1128
f 1790/166/1172 1040/127/1151 1038/144/1149
f 1791/164/1170 1039/141/1147 1035/142/1885
f 1796/163/1171 1038/144/1149 1039/141/1147
f 1792/162/1169 1035/142/1885 1034/129/1135
f 1837/1056/1174 1034/129/1135 1033/122/1128
f 1604/587/1786 1599/585/1527 1376/908/1791
f 1465/889/1782 1606/755/1675 1611/756/1677
f 1808/1058/1886 1800/1057/929 1797/1049/1876
f 1804/1059/1887 1803/1061/1888 1815/1060/1889
f 1798/1062/1890 1739/1040/1875 1740/1041/1870
f 1799/1044/1873 1740/1041/1870 1741/1046/1874
f 1807/1064/935 1803/1063/1888 1804/1059/1887
f 1806/1066/937 1778/1065/1891 1803/1063/1888
f 1803/1061/1888 1816/1067/1892 1815/1060/1889
f 1817/1068/1893 1812/1069/1894 1808/1058/1886
f 1817/1068/1893 1797/1049/1876 1816/1067/1892
f 1809/1071/942 1778/1065/1891 1805/1072/943
f 1819/1070/1895 1813/1073/944 1818/1184/1896
f 1809/1071/942 1814/1074/1897 1810/1185/1898
f 1812/1069/1894 1801/1075/946 1808/1058/1886
f 1819/1070/1895 1811/1076/947 1812/1069/1894
f 1778/1077/1891 1817/1068/1893 1816/1067/1892
f 1810/1078/1898 1819/1070/1895 1817/1068/1893
f 1798/1062/1890 1816/1067/1892 1797/1049/1876
f 1807/1064/935 1799/1044/1873 1802/1045/909
f 1804/1059/1887 1798/1062/1890 1799/1044/1873
f 1396/962/1506 1393/610/1551 1423/611/1550
f 1392/614/1555 1394/618/1548 1422/576/1518
f 1562/656/1593 1360/551/1492 1559/552/1773
f 1449/728/1653 1507/539/1480 1566/540/1771
f 1482/784/1703 1485/829/1661 1512/783/1704
f 1820/772/1692 1511/747/1669 1821/832/1739
f 1483/773/1694 1481/777/1698 1820/772/1692
f 935/11/1044 1029/13/1047 1781/30/1062
f 1125/342/1899 1831/1079/1281 1193/341/1325
f 1123/300/1299 1830/1080/1286 1194/346/1229
f 1827/284/1284 1169/248/1244 1151/324/1900
f 1823/281/1280 1168/307/1306 1124/251/1248
f 1168/307/1306 1826/295/1293 1150/301/1901
f 1150/301/1901 1822/335/1295 1123/300/1299
f 1830/286/1286 1126/299/1298 1194/233/1229
f 1824/285/1285 1151/324/1900 1126/299/1298
f 1829/283/1282 1125/342/1899 1169/248/1244
f 1831/282/1281 1124/251/1248 1193/252/1325
f 1836/1055/1884 1793/1081/1902 1033/122/1128
f 1041/147/1152 1832/1082/1144 1833/138/1143
f 1789/169/1176 1832/1082/1144 1836/1055/1884
f 1042/150/1155 1835/167/1162 1834/148/1154
f 1836/1055/1884 1065/156/1161 1793/1081/1902
f 1837/1056/1174 1033/122/1128 1793/1081/1902
f 1837/1056/1174 1065/156/1161 1835/167/1162
f 1049/149/1153 1041/147/1152 1833/138/1143
f 1049/149/1153 1042/150/1155 1834/148/1154
f 1840/180/1188 1089/174/1182 1841/185/1191
f 1841/185/1191 1090/1083/951 1839/1186/1903
f 1838/179/1186 1086/188/1194 1082/176/1183
f 1838/179/1186 1088/171/1180 1840/180/1188
f 1106/1084/1187 1845/207/1207 1844/215/1213
f 1844/215/1213 1092/214/1212 1095/203/1210
f 1099/1086/1192 1843/1085/952 1842/212/1211
f 1103/1087/1189 1842/212/1211 1845/207/1207
f 1025/159/1166 1076/199/1204 1846/125/1178
f 1847/119/1132 1022/200/200 1848/118/118
f 1846/125/1178 1024/197/1203 1847/119/1132
f 1851/157/1177 937/104/1043 1849/8/1042
f 1850/9/9 939/15/1050 1849/8/1042
f 942/101/1114 1073/102/1116 1851/157/1177
f 1095/203/1210 1092/214/1212 1854/202/1206
f 1094/206/1208 1855/1088/953 1852/201/1205
f 1092/214/1212 1853/198/1202 1854/202/1206
f 1091/208/1209 1852/201/1205 1853/198/1202
f 1056/128/1136 1017/160/1167 1856/161/1168
f 1856/161/1168 1075/124/1131 1859/100/1115
f 1859/100/1115 1016/117/1126 1858/170/1179
f 1858/170/1179 1014/1089/954 1857/103/103
f 1445/555/1496 1444/713/1642 1465/889/1782
f 1867/1091/1904 1863/1090/1905 1868/1092/1906
f 1868/1092/1906 1864/1093/1907 1869/1094/1908
f 1937/1095/1909 1862/1096/1910 1861/1103/1911
f 1866/1098/1912 1860/1099/1913 1861/1103/1911
f 1910/1101/1914 1860/1099/1913 1865/1100/1915
f 1866/1098/1912 1862/1096/1910 1867/1091/1904
f 1861/1103/1911 1936/1102/1916 1937/1095/1909
f 1871/1104/1917 1867/1091/1904 1872/1105/1918
f 1910/1101/1914 1865/1100/1915 1870/1106/1919
f 1876/1107/1920 1870/1106/1919 1871/1104/1917
f 1878/1110/1921 1874/1109/1922 1879/1111/1923
f 1877/1112/1924 1871/1104/1917 1872/1105/1918
f 1884/1113/1925 1878/1110/1921 1879/1111/1923
f 1881/1115/1926 1877/1112/1924 1882/1116/1927
f 1882/1116/1927 1878/1110/1921 1883/1114/1928
f 1880/1117/1929 1876/1107/1920 1881/1115/1926
f 1910/1101/1914 1870/1106/1919 1875/1108/1930
f 1889/1118/1931 1883/1114/1928 1884/1113/1925
f 1886/1120/1932 1882/1116/1927 1887/1121/1933
f 1887/1121/1933 1883/1114/1928 1888/1119/1934
f 1885/1122/1935 1881/1115/1926 1886/1120/1932
f 1910/1101/1914 1875/1108/1930 1880/1117/1929
f 1894/1123/1936 1888/1119/1934 1889/1118/1931
f 1891/1125/1937 1885/1122/1935 1886/1120/1932
f 1892/1127/1938 1888/1119/1934 1893/1124/1939
f 1910/1101/1914 1880/1117/1929 1885/1122/1935
f 1898/1128/1940 1894/1123/1936 1899/1129/1941
f 1891/1125/1937 1887/1121/1933 1892/1127/1938
f 1895/1130/1942 1891/1125/1937 1896/1131/1943
f 1897/1132/1944 1893/1124/1939 1898/1128/1940
f 1910/1101/1914 1885/1122/1935 1890/1126/1945
f 1896/1131/1943 1892/1127/1938 1897/1132/1944
f 1904/1133/1946 1898/1128/1940 1899/1129/1941
f 1910/1101/1914 1890/1126/1945 1895/1130/1942
f 1902/1135/1947 1898/1128/1940 1903/1134/1948
f 1900/1136/1949 1896/1131/1943 1901/1137/1950
f 1902/1135/1947 1896/1131/1943 1897/1132/1944
f 1909/1138/1951 1903/1134/1948 1904/1133/1946
f 1908/1139/1952 1902/1135/1947 1903/1134/1948
f 1910/1101/1914 1895/1130/1942 1900/1136/1949
f 1906/1141/1953 1900/1136/1949 1901/1137/1950
f 1907/1140/1954 1901/1137/1950 1902/1135/1947
f 1914/1143/1955 1909/1138/1951 1915/1144/1956
f 1914/1143/1955 1907/1140/1954 1908/1139/1952
f 1910/1101/1914 1900/1136/1949 1905/1142/1957
f 1912/1146/1958 1905/1142/1957 1906/1141/1953
f 1913/1145/1959 1906/1141/1953 1907/1140/1954
f 1919/1148/1960 1915/1144/1956 1920/1149/1961
f 1919/1148/1960 1913/1145/1959 1914/1143/1955
f 1910/1101/1914 1905/1142/1957 1911/1147/1962
f 1916/1151/1963 1912/1146/1958 1917/1152/1964
f 1918/1150/1965 1912/1146/1958 1913/1145/1959
f 1924/1153/1966 1920/1149/1961 1925/1154/1967
f 1910/1101/1914 1911/1147/1962 1916/1151/1963
f 1921/1155/1968 1917/1152/1964 1922/1156/1969
f 1924/1153/1966 1918/1150/1965 1919/1148/1960
f 1923/1157/1970 1917/1152/1964 1918/1150/1965
f 1929/1158/1971 1925/1154/1967 1930/1159/1972
f 1910/1101/1914 1916/1151/1963 1921/1155/1968
f 1926/1160/1973 1922/1156/1969 1927/1161/1974
f 1929/1158/1971 1923/1157/1970 1924/1153/1966
f 1928/1162/1975 1922/1156/1969 1923/1157/1970
f 1934/1163/1976 1930/1159/1972 1935/1164/1977
f 1931/1165/1978 1927/1161/1974 1932/1166/1979
f 1934/1163/1976 1928/1162/1975 1929/1158/1971
f 1910/1101/1914 1921/1155/1968 1926/1160/1973
f 1933/1167/1980 1927/1161/1974 1928/1162/1975
f 1939/1168/1981 1935/1164/1977 1940/1169/1982
f 1937/1095/1909 1931/1165/1978 1932/1166/1979
f 1939/1168/1981 1933/1167/1980 1934/1163/1976
f 1910/1101/1914 1926/1160/1973 1931/1165/1978
f 1938/1097/1983 1932/1166/1979 1933/1167/1980
f 1910/1101/1914 1931/1165/1978 1936/1102/1916
f 1910/1101/1914 1936/1102/1916 1860/1099/1913
f 1939/1168/1981 1862/1096/1910 1938/1097/1983
f 1940/1169/1982 1863/1090/1905 1939/1168/1981
f 1878/1110/1921 1872/1105/1918 1873/1170/1984
f 1872/1105/1918 1868/1092/1906 1873/1170/1984
f 1871/1104/1917 1865/1100/1915 1866/1098/1912
f 1873/1170/1984 1869/1094/1908 1874/1109/1922
f 1/1/1 112/1007/1985 110/2/2
f 126/4/4 99/130/130 12/5/5
f 928/7/7 9/104/104 834/8/8
f 3/10/10 780/30/30 7/11/11
f 78/13/13 79/131/131 13/14/14
f 11/15/15 10/23/23 943/16/16
f 13/14/14 111/27/27 110/2/2
f 121/18/18 123/6/6 12/5/5
f 80/20/20 16/26/26 101/21/21
f 10/23/23 4/29/29 944/24/24
f 16/26/26 5/3/3 111/27/27
f 18/28/28 949/54/54 944/24/24
f 780/30/30 781/55/55 19/31/31
f 19/31/31 18/28/28 4/29/29
f 782/32/32 22/38/38 31/33/33
f 21/35/35 953/56/56 968/36/36
f 22/38/38 21/35/35 32/37/37
f 786/39/39 23/46/46 25/40/40
f 38/42/42 24/45/45 957/43/43
f 36/41/41 25/40/40 24/45/45
f 26/47/47 960/1006/869 957/43/43
f 28/48/48 29/57/57 34/49/49
f 34/49/49 29/57/57 964/51/51
f 785/53/53 783/58/58 28/48/48
f 31/33/33 32/37/37 18/28/28
f 32/37/37 968/36/36 949/54/54
f 781/55/55 784/34/34 31/33/33
f 785/53/53 35/50/50 22/38/38
f 34/49/49 972/52/52 953/56/56
f 35/50/50 34/49/49 21/35/35
f 28/48/48 36/41/41 38/42/42
f 29/57/57 38/42/42 974/44/44
f 783/58/58 786/39/39 36/41/41
f 41/59/59 45/62/62 43/60/60
f 2/61/61 44/95/95 45/62/62
f 40/64/64 47/99/99 48/65/65
f 42/66/66 48/65/65 46/67/67
f 151/69/69 52/74/74 50/70/70
f 152/73/73 51/75/75 52/74/74
f 51/75/75 55/83/83 56/76/76
f 52/74/74 56/76/76 54/77/77
f 60/78/78 61/91/91 58/79/79
f 62/81/81 60/78/78 59/80/80
f 56/76/76 60/78/78 62/81/81
f 55/83/83 61/91/91 60/78/78
f 59/80/80 58/79/79 64/84/84
f 59/80/80 65/85/85 63/86/86
f 58/79/79 61/91/91 1008/87/87
f 55/83/83 51/75/75 1005/89/89
f 61/91/91 55/83/83 1006/90/90
f 152/73/73 47/99/99 1004/92/92
f 58/79/79 1007/88/88 1009/94/94
f 44/95/95 2/61/61 1010/96/96
f 39/68/68 46/67/67 49/63/63
f 1011/98/98 1004/92/92 47/99/99
f 841/100/100 839/161/161 14/101/101
f 1857/103/103 840/170/170 9/104/104
f 41/59/59 71/112/112 67/105/105
f 2/61/61 67/105/105 1020/107/107
f 103/108/108 107/146/146 85/109/109
f 70/111/111 66/106/106 5/3/3
f 1/1/1 66/106/106 71/112/112
f 1020/107/107 67/105/105 73/113/113
f 66/106/106 70/111/111 76/115/115
f 68/117/117 1014/1089/954 1848/118/118
f 66/106/106 72/116/116 77/120/120
f 71/112/112 77/120/120 73/113/113
f 104/121/121 83/129/129 82/122/122
f 124/124/124 68/117/117 833/119/119
f 102/126/126 103/108/108 86/110/110
f 105/128/128 84/142/142 83/129/129
f 80/20/20 100/22/22 99/130/130
f 6/19/19 12/5/5 79/131/131
f 117/132/132 113/137/137 93/133/133
f 117/132/132 94/134/134 97/135/135
f 113/137/137 820/1082/950 821/138/138
f 116/136/136 97/135/135 95/139/139
f 105/128/128 108/143/143 88/141/141
f 108/143/143 109/145/145 87/144/144
f 109/145/145 102/126/126 89/127/127
f 107/146/146 106/123/123 82/122/122
f 119/153/153 118/154/154 96/152/152
f 118/154/154 115/140/140 95/139/139
f 119/153/153 92/151/151 91/150/150
f 114/156/156 823/167/167 822/148/148
f 100/22/22 79/131/131 12/5/5
f 126/4/4 11/15/15 834/8/8
f 101/21/21 13/14/14 79/131/131
f 16/26/26 80/20/20 106/123/123
f 81/158/158 76/115/115 102/126/126
f 75/159/159 81/158/158 109/145/145
f 69/160/160 75/159/159 108/143/143
f 839/161/161 105/128/128 104/121/121
f 76/115/115 70/111/111 103/108/108
f 80/20/20 14/101/101 104/121/121
f 70/111/111 16/26/26 107/146/146
f 110/2/2 112/1007/1985 8/12/12
f 790/162/162 789/164/164 119/153/153
f 794/163/163 788/166/166 115/140/140
f 789/164/164 794/163/163 118/154/154
f 792/165/165 116/136/136 115/140/140
f 823/167/167 825/1056/928 790/162/162
f 793/168/168 117/132/132 116/136/136
f 787/169/169 113/137/137 117/132/132
f 99/130/130 126/4/4 835/157/157
f 69/160/160 124/124/124 832/125/125
f 840/170/170 841/100/100 122/102/102
f 4/29/29 10/23/23 123/6/6
f 11/15/15 126/4/4 123/6/6
f 135/171/171 136/174/174 129/172/172
f 136/174/174 1090/1083/951 1079/175/175
f 149/178/178 147/192/192 827/180/180
f 148/181/181 128/191/191 1085/182/182
f 1101/184/184 1839/1186/1903 828/185/185
f 143/187/187 145/177/177 133/188/188
f 148/181/181 146/195/195 132/190/190
f 144/186/186 828/185/185 827/180/180
f 142/193/193 143/187/187 131/189/189
f 146/195/195 142/193/193 127/194/194
f 74/197/197 836/201/201 837/198/198
f 81/158/158 141/203/203 139/196/196
f 1022/200/200 1855/1088/953 836/201/201
f 125/199/199 837/198/198 838/202/202
f 81/158/158 75/159/159 838/202/202
f 72/116/116 142/205/193 146/204/195
f 139/196/196 143/210/187 142/205/193
f 140/206/204 829/212/208 831/207/205
f 77/120/120 146/204/195 148/209/181
f 141/203/203 145/216/177 143/210/187
f 1096/211/207 1843/1085/952 829/212/208
f 1028/114/114 73/113/113 148/209/181
f 138/214/209 137/208/206 831/207/205
f 830/215/210 149/1084/178 145/216/177
f 51/75/75 152/73/73 1110/93/93
f 47/99/99 152/73/73 151/69/69
f 46/67/67 48/65/65 151/69/69
f 45/62/62 42/66/66 39/68/68
f 44/95/95 40/64/64 42/66/66
f 150/71/71 50/70/70 53/72/72
f 50/70/70 774/1015/878 772/217/211
f 187/221/215 156/347/325 160/222/216
f 188/223/217 160/222/216 161/224/218
f 231/226/220 157/235/229 153/227/221
f 232/229/223 230/1171/405 154/230/224
f 183/232/226 168/299/292 236/233/227
f 157/235/229 163/345/324 209/236/230
f 159/238/232 162/320/312 233/239/233
f 158/231/225 164/246/239 234/241/234
f 179/242/235 172/274/267 238/243/236
f 189/245/238 191/325/317 164/246/239
f 186/247/240 167/342/323 211/248/241
f 244/250/243 185/288/281 166/251/244
f 228/253/246 221/327/318 175/254/247
f 226/256/249 197/322/314 176/257/250
f 182/259/252 171/328/319 213/260/253
f 242/262/255 181/318/310 170/263/256
f 255/265/258 184/332/320 201/266/259
f 223/268/261 174/319/311 239/269/262
f 222/258/251 176/257/250 240/271/264
f 203/273/266 195/323/315 172/274/267
f 224/275/268 225/298/291 194/276/269
f 239/269/262 174/319/311 177/279/272
f 811/281/274 181/318/310 242/262/255
f 817/283/276 813/337/322 182/259/252
f 815/284/277 203/273/266 179/242/235
f 812/285/278 179/242/235 243/244/237
f 220/249/242 251/351/327 253/287/280
f 185/288/281 244/250/243 254/289/282
f 204/291/284 183/232/226 257/292/285
f 257/292/285 183/232/226 245/234/228
f 814/295/288 810/335/321 180/296/289
f 225/298/291 224/275/268 173/219/213
f 200/297/290 180/296/289 169/277/270
f 204/291/284 193/324/316 168/299/292
f 201/266/259 184/332/320 165/300/293
f 158/231/225 154/230/224 202/302/295
f 205/303/296 187/221/215 188/223/217
f 206/304/297 188/223/217 190/225/219
f 189/245/238 202/302/295 218/306/299
f 201/266/259 192/301/294 210/307/300
f 216/309/302 200/297/290 194/276/269
f 227/311/304 225/298/291 196/218/212
f 241/313/273 246/1053/923 199/314/306
f 196/218/212 198/220/214 177/279/272
f 814/295/288 200/297/290 216/309/302
f 260/316/308 258/267/260 201/266/259
f 260/316/308 217/308/301 185/288/281
f 816/315/307 216/309/302 181/318/310
f 227/311/304 214/312/305 174/319/311
f 216/309/302 212/310/303 170/263/256
f 217/308/301 210/307/300 166/251/244
f 157/235/229 207/237/231 218/306/299
f 159/238/232 206/304/297 208/305/298
f 155/321/313 205/303/296 206/304/297
f 259/293/286 261/353/329 220/249/242
f 815/284/277 817/283/276 219/261/254
f 197/322/314 215/255/248 178/278/271
f 219/261/254 213/260/253 195/323/315
f 228/253/246 215/255/248 197/322/314
f 204/291/284 220/249/242 211/248/241
f 207/237/231 209/236/230 191/325/317
f 213/260/253 228/253/246 226/256/249
f 212/310/303 227/311/304 223/268/261
f 240/326/264 246/1187/923 198/220/214
f 212/310/303 194/276/269 225/298/291
f 195/323/315 226/256/249 222/258/251
f 172/274/267 222/258/251 247/272/265
f 170/263/256 223/268/261 248/270/263
f 213/260/253 171/328/319 221/327/318
f 171/328/319 237/340/257 248/329/263
f 169/277/270 238/343/236 247/330/265
f 198/220/214 246/1187/923 241/280/273
f 161/224/218 255/265/258 258/267/260
f 255/265/258 262/358/287 245/331/228
f 244/333/243 186/247/240 253/287/280
f 810/335/321 818/1080/279 243/336/237
f 813/337/322 819/1079/275 242/338/255
f 239/339/262 241/313/273 178/278/271
f 224/275/268 247/330/265 240/326/264
f 221/327/318 248/329/263 239/339/262
f 182/259/252 242/338/255 237/340/257
f 186/247/240 244/333/243 235/341/245
f 180/296/289 243/336/237 238/343/236
f 160/222/216 232/348/223 234/344/234
f 231/226/220 233/355/233 163/345/324
f 184/332/320 245/331/228 236/346/227
f 156/347/325 230/1188/405 232/348/223
f 159/238/232 231/240/220 229/349/222
f 263/352/328 264/1172/326 254/334/282
f 209/236/230 163/345/324 252/354/330
f 233/355/233 249/357/331 252/354/330
f 162/320/312 250/290/283 249/356/331
f 249/357/331 264/1172/326 263/352/328
f 161/224/218 234/344/234 262/358/287
f 209/236/230 261/353/329 259/293/286
f 162/320/312 208/305/298 260/316/308
f 208/305/298 190/225/219 258/267/260
f 164/246/239 191/325/317 259/293/286
f 164/246/239 257/292/285 262/294/287
f 298/359/332 299/365/338 265/360/333
f 300/362/335 301/378/351 270/363/336
f 299/365/338 300/362/335 268/364/337
f 302/366/339 303/374/347 267/367/340
f 309/369/342 285/401/374 282/370/343
f 304/372/345 298/359/332 269/361/334
f 303/374/347 1273/426/399 1224/375/348
f 304/372/345 266/373/346 1229/376/349
f 301/378/351 302/366/339 271/368/341
f 288/379/352 276/388/361 273/380/353
f 289/382/355 1254/411/384 1233/383/356
f 287/381/354 273/380/353 1238/385/358
f 291/387/360 272/392/365 276/388/361
f 290/389/362 277/410/383 275/390/363
f 291/387/360 292/391/364 275/390/363
f 286/393/366 289/382/355 274/384/357
f 306/395/368 279/399/372 284/396/369
f 307/398/371 283/422/395 279/399/372
f 309/369/342 310/407/380 281/400/373
f 315/402/375 309/369/342 308/371/344
f 305/397/370 284/396/369 280/404/377
f 1282/406/379 1242/1173/1406 281/400/373
f 1283/408/381 311/405/378 280/404/377
f 271/368/341 267/367/340 289/382/355
f 265/360/333 268/364/337 292/391/364
f 268/364/337 270/363/336 290/389/362
f 269/361/334 265/360/333 291/387/360
f 290/389/362 286/393/366 278/394/367
f 1229/376/349 266/373/346 287/381/354
f 267/367/340 1224/375/348 1254/411/384
f 266/373/346 269/361/334 288/379/352
f 926/412/385 339/488/454 340/413/386
f 325/415/388 1304/459/422 1260/416/389
f 323/418/391 294/453/416 1265/419/392
f 326/421/394 328/423/396 283/422/395
f 328/423/396 297/474/440 293/424/397
f 270/363/336 271/368/341 286/393/366
f 1085/182/182 128/191/191 304/372/345
f 129/172/172 1079/175/175 1273/426/399
f 128/191/191 132/190/190 298/359/332
f 134/173/173 129/172/172 303/374/347
f 127/194/194 131/189/189 300/362/335
f 131/189/189 133/188/188 301/378/351
f 132/190/190 127/194/194 299/365/338
f 278/394/367 315/402/375 316/403/376
f 313/427/400 311/405/378 1283/408/381
f 1291/429/402 1282/406/379 310/407/380
f 312/431/404 305/397/370 311/405/378
f 317/430/403 310/407/380 309/369/342
f 230/432/405 156/441/325 272/392/365
f 154/433/224 230/432/405 275/390/363
f 314/434/406 306/395/368 305/397/370
f 154/433/224 277/410/383 316/403/376
f 276/388/361 272/392/365 314/434/406
f 276/388/361 312/431/404 313/427/400
f 273/380/353 313/427/400 1286/428/401
f 274/384/357 317/430/403 315/402/375
f 1233/383/356 1291/429/402 317/430/403
f 218/440/299 202/435/295 316/403/376
f 314/434/406 272/392/365 156/441/325
f 306/395/368 314/434/406 187/442/215
f 155/437/313 307/398/371 306/395/368
f 153/439/221 218/440/299 308/371/344
f 307/398/371 308/371/344 282/370/343
f 64/84/84 1009/94/94 1293/444/407
f 65/85/85 1293/444/407 1292/445/408
f 922/446/409 359/491/457 335/447/410
f 360/449/412 361/472/439 341/450/413
f 1260/416/389 1295/1189/1986 320/452/415
f 294/453/416 319/460/423 1300/454/417
f 318/455/418 297/474/440 296/456/419
f 285/401/374 281/400/373 325/415/388
f 283/422/395 328/423/396 327/425/398
f 279/399/372 327/425/398 324/458/421
f 280/404/377 323/418/391 1305/420/393
f 281/400/373 1242/1173/1406 1304/459/422
f 280/404/377 284/396/369 324/458/421
f 319/460/423 330/462/434 1313/463/426
f 320/452/415 1295/1189/1986 1315/464/427
f 334/466/429 1788/1054/924 1314/467/430
f 329/468/431 1314/467/430 1316/469/432
f 330/462/434 332/470/433 1316/469/432
f 320/452/415 331/465/428 334/466/435
f 330/462/425 333/461/424 322/471/436
f 332/470/437 322/471/436 318/455/418
f 361/472/439 922/517/409 342/473/411
f 295/417/390 320/452/415 321/457/420
f 329/468/438 318/455/418 321/457/420
f 322/471/436 293/424/397 297/474/440
f 326/421/394 296/456/419 297/474/440
f 296/456/419 326/421/394 325/415/388
f 368/475/441 364/981/452 728/476/442
f 367/478/444 366/493/459 346/479/445
f 363/481/447 348/496/462 344/482/448
f 731/484/450 734/979/853 726/485/451
f 923/487/453 337/492/458 339/488/454
f 924/414/387 340/413/386 336/489/455
f 359/491/457 925/490/456 336/489/455
f 923/487/453 360/449/412 338/451/414
f 366/493/459 736/985/855 735/494/460
f 369/495/461 347/499/465 348/496/462
f 362/483/449 344/482/448 343/497/463
f 367/478/444 345/480/446 347/499/465
f 743/500/466 294/513/416 352/501/467
f 739/503/469 358/507/473 351/504/470
f 738/506/472 356/516/480 358/507/473
f 742/508/474 743/500/466 357/502/468
f 737/510/476 741/1174/479 354/511/477
f 294/513/416 737/510/476 353/512/478
f 741/514/479 740/505/471 351/504/470
f 742/508/474 355/509/475 356/516/480
f 357/502/468 352/501/467 360/449/481
f 358/507/473 925/490/484 359/491/483
f 356/516/480 924/414/488 925/490/484
f 357/502/468 923/487/482 926/412/485
f 353/512/478 354/511/477 922/517/486
f 352/501/467 353/512/478 361/472/487
f 354/515/477 351/504/470 359/491/483
f 355/509/475 926/412/485 924/414/488
f 337/518/458 367/478/444 369/495/461
f 336/520/455 362/483/449 365/498/464
f 339/519/454 369/495/461 363/481/447
f 342/523/411 335/521/410 731/484/450
f 340/522/386 363/481/447 362/483/449
f 337/518/458 338/984/414 366/493/459
f 342/524/411 364/981/452 368/475/441
f 746/526/489 745/530/493 583/527/490
f 549/529/492 371/848/777 745/530/493
f 587/531/494 552/715/661 375/532/495
f 373/534/497 374/869/793 583/527/490
f 668/536/499 373/534/497 584/535/498
f 675/538/501 674/722/668 523/539/502
f 613/544/507 370/685/635 550/545/508
f 378/547/510 554/871/795 577/548/511
f 576/550/513 553/729/673 376/551/514
f 744/553/516 599/716/662 600/554/517
f 684/556/519 559/581/544 384/557/520
f 377/559/522 380/959/505 381/560/523
f 442/561/524 443/579/542 385/562/525
f 692/564/527 413/960/841 412/565/528
f 555/567/530 557/741/684 382/568/531
f 561/570/533 563/743/686 388/571/534
f 562/573/536 387/580/543 444/574/537
f 438/576/539 406/613/576 400/577/540
f 443/579/542 444/574/537 387/580/543
f 559/581/544 561/570/533 386/572/535
f 564/582/545 565/751/693 390/583/546
f 389/584/547 390/583/546 379/569/532
f 615/585/548 593/589/552 592/586/549
f 615/585/548 616/597/560 588/588/551
f 591/590/553 400/577/540 401/591/554
f 399/593/556 405/626/586 403/594/557
f 395/596/559 617/629/589 616/597/560
f 398/599/562 399/593/556 588/588/551
f 710/601/564 709/967/650 610/602/565
f 703/604/567 398/599/562 589/600/563
f 399/593/556 397/595/558 593/589/552
f 593/589/552 397/595/558 396/612/575
f 406/613/576 407/609/572 401/591/554
f 408/614/577 430/652/608 428/615/578
f 704/616/579 404/619/580 398/599/562
f 397/595/558 403/594/557 402/606/569
f 404/619/580 405/626/586 399/593/556
f 410/607/570 402/606/569 403/594/557
f 693/621/582 419/638/597 446/622/583
f 418/624/584 419/638/597 693/621/582
f 405/626/586 413/960/841 411/620/581
f 414/627/587 415/961/842 409/610/573
f 712/628/588 706/730/674 617/629/589
f 417/630/590 421/648/606 420/631/591
f 692/564/527 417/630/590 416/632/592
f 683/558/521 384/557/520 442/634/524
f 695/633/593 416/632/592 445/636/595
f 419/638/597 423/641/600 448/639/598
f 426/640/599 427/654/610 423/641/600
f 420/631/591 447/644/603 445/636/595
f 424/643/602 449/646/605 447/644/603
f 425/645/604 450/1175/755 449/646/605
f 446/647/583 448/650/598 421/648/606
f 422/642/601 423/641/600 419/638/597
f 421/648/606 425/645/604 424/643/602
f 614/546/509 621/689/638 601/649/607
f 448/650/598 450/1175/755 425/645/604
f 388/571/534 444/866/537 443/651/542
f 430/652/608 431/1176/1987 429/653/609
f 428/615/578 429/653/609 407/609/572
f 409/610/573 431/1176/1987 430/652/608
f 429/653/609 431/1176/1987 409/610/573
f 427/654/610 450/817/755 448/639/598
f 434/541/504 665/543/506 666/655/611
f 382/568/531 380/542/505 434/541/504
f 665/657/506 377/559/522 574/658/613
f 447/660/603 449/818/605 426/640/599
f 447/660/603 422/642/601 418/624/584
f 696/625/585 414/627/587 410/618/570
f 401/591/554 407/609/572 439/611/574
f 672/665/615 670/668/618 436/578/541
f 401/591/554 437/663/614 596/667/617
f 670/668/618 671/617/571 438/576/539
f 605/669/619 631/841/771 630/670/620
f 348/496/462 571/1190/647 456/672/622
f 440/673/623 441/680/630 436/578/541
f 375/532/495 433/879/799 441/680/630
f 455/681/631 453/850/779 452/682/632
f 591/590/553 629/678/628 619/677/627
f 619/677/627 391/679/629 370/685/635
f 594/675/625 667/956/500 669/686/636
f 381/560/523 380/959/505 685/687/594
f 621/689/638 626/839/769 612/690/639
f 473/691/640 531/800/678 532/692/641
f 454/683/633 452/682/632 451/694/643
f 569/697/646 453/968/779 571/698/647
f 624/700/649 603/765/707 709/701/650
f 370/685/635 391/679/629 454/683/633
f 482/705/652 542/854/782 543/706/653
f 547/710/656 721/885/805 722/711/657
f 746/526/489 744/553/516 460/713/659
f 587/531/494 601/649/607 464/714/660
f 599/716/662 463/895/812 462/717/663
f 600/554/517 462/717/663 676/718/664
f 577/548/511 554/871/795 467/720/666
f 614/546/509 550/545/508 459/724/670
f 580/725/671 466/731/675 674/726/668
f 576/550/513 581/880/800 465/728/672
f 589/600/563 617/629/589 706/730/674
f 684/556/519 687/801/740 473/691/640
f 466/731/675 467/720/666 470/732/676
f 474/734/677 532/749/641 531/735/678
f 697/737/680 698/964/730 501/738/681
f 555/567/530 468/752/694 471/740/683
f 561/570/533 475/693/642 477/742/685
f 562/573/536 566/575/538 533/744/687
f 489/746/689 495/776/718 527/747/690
f 532/749/641 474/734/677 476/745/688
f 559/581/544 473/691/640 475/693/642
f 564/582/545 478/753/695 479/750/692
f 468/752/694 479/750/692 478/753/695
f 606/754/696 607/757/699 622/755/697
f 607/757/699 602/763/705 623/758/700
f 604/671/621 490/775/717 489/746/689
f 488/759/701 486/770/712 492/760/702
f 484/762/704 483/857/785 623/758/700
f 602/763/705 488/759/701 487/764/706
f 609/766/708 681/830/760 682/767/709
f 603/765/707 487/764/706 708/769/711
f 602/763/705 607/757/699 486/770/712
f 679/771/713 809/832/762 808/772/714
f 607/757/699 606/754/696 485/774/716
f 490/775/717 496/782/724 495/776/718
f 497/777/719 495/776/718 517/778/720
f 487/764/706 493/787/727 707/780/722
f 486/770/712 485/774/716 491/781/723
f 488/759/701 494/761/703 493/787/727
f 499/786/715 500/793/733 492/760/702
f 535/788/728 508/806/745 699/789/729
f 699/789/729 508/806/745 507/791/731
f 494/761/703 492/760/702 500/793/733
f 498/784/726 504/963/843 503/794/734
f 713/795/735 484/762/704 624/700/649
f 506/796/736 505/799/739 509/797/737
f 697/737/680 700/804/743 505/799/739
f 531/800/678 473/691/640 687/801/740
f 534/803/742 505/799/739 700/804/743
f 508/806/745 535/788/728 537/807/746
f 511/809/748 512/808/747 516/810/749
f 534/803/742 536/812/751 509/797/737
f 536/812/751 538/814/753 513/813/752
f 538/814/753 539/820/756 514/815/754
f 510/798/738 537/819/746 535/816/728
f 508/806/745 512/808/747 511/809/748
f 510/798/738 509/797/737 513/813/752
f 450/817/755 427/654/610 426/640/599
f 537/819/746 510/798/738 514/815/754
f 532/692/641 533/876/687 477/742/685
f 518/821/757 520/822/758 519/779/721
f 496/782/724 518/821/757 517/778/720
f 498/784/726 497/777/719 519/779/721
f 498/784/726 520/822/758 518/821/757
f 537/807/746 539/878/756 516/810/749
f 579/721/667 463/895/812 551/823/759
f 468/752/694 523/539/502 469/723/669
f 376/551/514 379/569/532 434/541/504
f 536/824/751 511/809/748 515/811/750
f 507/791/731 511/809/748 536/824/751
f 495/776/718 497/777/719 808/772/714
f 701/827/744 499/773/715 503/794/734
f 490/775/717 526/966/844 528/783/725
f 681/830/760 609/766/708 525/748/691
f 610/602/565 526/966/844 490/775/717
f 679/771/713 680/831/761 809/832/762
f 680/831/761 525/748/691 527/747/690
f 618/833/763 628/899/813 590/592/555
f 548/834/764 572/875/791 345/480/446
f 529/835/765 489/746/689 525/748/691
f 464/714/660 529/835/765 530/836/766
f 543/706/653 542/854/782 540/843/773
f 626/839/769 631/841/771 605/669/619
f 459/724/670 480/840/770 626/839/769
f 600/554/517 677/719/665 678/845/775
f 689/846/741 469/733/669 470/732/676
f 371/848/777 392/908/815 372/849/778
f 453/850/779 569/868/646 567/696/645
f 541/851/774 572/863/791 545/852/780
f 451/694/643 540/843/773 542/854/782
f 459/724/670 457/695/644 542/854/782
f 484/762/704 545/852/780 544/856/784
f 570/858/786 730/982/804 728/476/442
f 633/860/788 635/913/810 653/861/789
f 394/598/561 724/977/852 720/865/792
f 444/866/537 388/571/534 563/743/686
f 541/844/774 540/843/773 567/696/645
f 374/869/793 551/823/759 586/528/491
f 378/547/510 381/560/523 556/870/794
f 383/563/526 385/562/525 560/872/796
f 686/688/637 383/563/526 558/873/797
f 387/580/543 562/573/536 560/872/796
f 390/583/546 565/751/693 555/567/530
f 553/729/673 564/582/545 389/584/547
f 572/875/791 568/949/648 347/499/465
f 563/743/686 477/742/685 533/876/687
f 676/877/664 675/538/501 582/540/503
f 515/811/750 516/810/749 539/878/756
f 433/879/799 375/532/495 575/552/515
f 602/763/705 603/765/707 624/700/649
f 467/720/666 554/871/795 556/870/794
f 472/736/679 558/873/797 560/872/796
f 470/732/676 556/870/794 690/874/798
f 476/745/688 474/734/677 560/872/796
f 479/750/692 468/752/694 555/567/530
f 553/729/673 465/728/672 478/753/695
f 638/881/801 636/926/819 632/882/802
f 730/884/804 729/970/845 721/885/805
f 570/886/786 725/975/850 727/887/806
f 481/889/808 719/971/846 716/890/809
f 635/891/810 634/883/803 655/892/811
f 522/842/772 582/540/503 581/880/800
f 668/894/499 433/879/799 578/656/612
f 552/715/661 464/714/660 581/880/800
f 463/895/812 579/721/667 580/725/671
f 573/549/512 577/548/511 551/823/759
f 552/715/661 576/550/513 575/552/515
f 574/658/613 573/549/512 374/869/793
f 524/707/654 625/603/566 630/670/620
f 463/895/812 599/716/662 586/528/491
f 589/600/563 588/588/551 616/597/560
f 625/603/566 610/602/565 604/671/621
f 681/896/760 606/754/696 627/756/698
f 672/898/615 673/1177/814 620/587/550
f 489/746/689 529/835/765 612/690/639
f 609/766/708 611/837/767 530/836/766
f 530/836/766 611/837/767 608/838/768
f 529/835/765 464/714/660 601/649/607
f 585/533/496 613/544/507 614/546/509
f 744/553/516 746/526/489 586/528/491
f 628/899/813 629/678/628 591/590/553
f 596/900/617 705/605/568 706/730/674
f 400/577/540 591/590/553 598/684/634
f 441/680/630 597/674/624 595/666/616
f 441/680/630 433/879/799 594/675/625
f 440/673/623 598/684/634 585/533/496
f 598/684/634 619/677/627 613/544/507
f 584/535/498 372/849/778 669/903/636
f 482/705/652 630/670/620 631/841/771
f 435/905/655 393/855/783 628/899/813
f 483/857/785 481/889/808 622/755/697
f 393/855/783 391/679/629 629/678/628
f 435/905/655 455/681/631 454/683/633
f 713/906/735 524/707/654 543/706/653
f 394/598/561 616/597/560 615/585/548
f 634/883/803 632/882/802 656/909/816
f 632/910/802 633/860/788 654/862/790
f 633/860/788 637/918/821 639/912/817
f 639/914/817 643/947/825 642/915/818
f 635/891/810 639/914/817 638/881/801
f 636/916/819 637/918/821 633/860/788
f 640/917/820 641/1178/1988 637/918/821
f 645/919/822 647/932/828 661/920/823
f 637/918/821 641/1178/1988 643/922/825
f 651/923/826 650/935/834 646/924/827
f 642/915/818 640/1182/820 636/926/819
f 664/927/829 646/924/827 644/928/830
f 661/930/823 647/925/828 646/924/827
f 649/931/832 651/940/826 647/932/828
f 663/933/831 644/936/830 645/919/822
f 644/936/830 648/941/836 649/931/832
f 653/861/789 658/1179/837 657/937/835
f 646/924/827 650/935/834 648/938/836
f 655/892/811 659/1180/839 658/942/837
f 654/862/790 657/937/835 660/943/838
f 546/712/658 658/1181/837 659/944/839
f 657/945/835 658/1181/837 546/712/658
f 548/864/764 659/944/839 660/946/838
f 660/946/838 657/945/835 483/857/785
f 643/922/825 641/1178/1988 662/921/824
f 664/927/829 642/915/818 643/947/825
f 662/921/824 641/1178/1988 640/917/820
f 384/557/520 386/572/535 443/651/542
f 663/929/831 640/1182/820 642/915/818
f 660/948/838 659/1180/839 655/892/811
f 673/904/814 672/665/615 595/666/616
f 568/949/648 571/1190/647 348/496/462
f 458/950/651 343/497/463 344/482/448
f 547/951/656 546/1183/658 735/494/460
f 371/848/777 714/974/849 718/952/840
f 726/485/451 725/978/850 570/953/786
f 620/587/550 673/1177/814 669/903/636
f 678/902/775 677/958/665 608/838/768
f 373/534/497 668/536/499 666/659/611
f 396/612/575 402/606/569 671/608/571
f 592/586/549 396/612/575 670/955/618
f 579/721/667 467/720/666 466/731/675
f 433/879/799 668/894/499 667/956/500
f 627/756/698 461/555/518 678/845/775
f 462/717/663 580/725/671 675/727/501
f 485/774/716 680/957/761 679/785/713
f 606/754/696 681/896/760 680/957/761
f 502/739/682 501/738/681 493/787/727
f 677/958/665 676/877/664 522/842/772
f 472/736/679 688/847/776 690/874/798
f 686/688/637 690/874/798 556/870/794
f 531/735/678 689/846/741 688/847/776
f 689/802/741 687/801/740 471/740/683
f 557/741/684 471/740/683 687/801/740
f 686/688/637 685/687/594 442/561/524
f 382/568/531 683/558/521 685/635/594
f 557/741/684 684/556/519 683/558/521
f 696/625/585 694/662/596 445/661/595
f 410/607/570 411/620/581 695/633/593
f 413/960/841 692/564/527 695/633/593
f 414/627/587 696/625/585 693/621/582
f 412/962/528 415/961/842 693/621/582
f 417/630/590 692/564/527 691/566/529
f 534/826/742 701/827/744 702/792/732
f 499/786/715 701/805/744 700/804/743
f 502/739/682 500/793/733 700/804/743
f 503/794/734 504/963/843 699/789/729
f 501/829/681 698/790/730 699/789/729
f 506/796/736 535/816/728 698/964/730
f 484/762/704 713/795/735 711/853/781
f 524/707/654 713/906/735 710/601/564
f 708/965/711 707/828/722 528/783/725
f 709/967/650 708/965/711 526/966/844
f 395/596/559 456/704/622 455/708/631
f 453/968/779 455/708/631 456/704/622
f 572/863/791 541/851/774 569/697/646
f 618/901/763 706/730/674 712/628/588
f 439/664/574 704/616/579 703/604/567
f 437/969/614 703/604/567 705/605/568
f 716/890/809 719/971/846 721/885/805
f 722/711/657 721/885/805 719/971/846
f 717/973/848 715/888/807 727/887/806
f 725/975/850 732/983/854 733/976/851
f 481/889/808 483/857/785 723/972/847
f 549/529/492 717/973/848 714/974/849
f 483/857/785 546/712/658 722/711/657
f 460/713/659 716/890/809 717/973/848
f 392/908/815 718/952/840 724/977/852
f 714/974/849 727/887/806 733/976/851
f 725/978/850 726/485/451 734/979/853
f 730/884/804 570/886/786 715/888/807
f 730/982/804 547/951/656 349/477/443
f 729/970/845 715/888/807 717/973/848
f 718/952/840 733/976/851 720/865/792
f 732/980/854 734/979/853 343/497/463
f 734/979/853 731/484/450 365/498/464
f 732/983/854 458/703/651 720/865/792
f 338/984/414 341/525/413 736/985/855
f 735/494/460 546/1183/658 548/834/764
f 736/985/855 368/475/441 349/477/443
f 322/471/436 333/461/424 742/986/474
f 324/458/421 327/425/398 740/988/471
f 323/418/391 324/458/421 741/989/479
f 333/461/424 319/460/423 743/991/466
f 293/424/397 322/471/436 738/987/472
f 293/424/397 739/992/469 740/988/471
f 23/46/46 37/1012/875 767/993/856
f 20/995/858 30/1014/877 764/996/859
f 63/86/86 1292/445/408 1773/998/861
f 23/46/46 1734/1029/888 1735/1000/863
f 53/72/72 772/217/211 760/1001/864
f 57/82/82 776/1013/876 775/1002/865
f 27/1003/866 33/1016/879 765/1004/867
f 112/1007/870 1/1/1 760/1001/864
f 17/1009/872 3/10/880 761/1010/873
f 37/1012/875 27/1003/866 768/1005/868
f 63/86/86 777/999/862 776/1013/876
f 30/1014/877 17/1009/872 763/1011/874
f 54/77/77 773/1039/903 774/1015/878
f 33/1016/879 20/995/858 766/997/860
f 3/10/880 8/12/893 762/1017/881
f 759/1008/871 760/1001/864 751/1018/882
f 768/1005/868 765/1004/867 750/1020/884
f 766/997/860 764/996/859 752/1022/886
f 1734/1024/888 769/994/857 771/1025/889
f 768/1005/868 770/1021/885 749/1027/891
f 765/1004/867 766/997/860 756/1023/887
f 764/996/859 763/1011/874 748/1028/892
f 761/1010/873 747/1019/883 748/1028/892
f 8/12/893 112/1007/870 759/1008/871
f 749/1027/891 1764/1033/897 1766/1026/890
f 756/1023/887 1763/1036/900 1762/1030/894
f 752/1022/886 748/1028/892 1760/1031/895
f 770/1021/885 1765/1035/899 1764/1033/897
f 748/1028/892 747/1019/883 1758/1034/898
f 751/1018/882 1759/1047/911 1758/1034/898
f 770/1021/885 750/1020/884 1762/1030/894
f 752/1022/886 1761/1032/896 1763/1036/900
f 767/993/856 749/1027/891 771/1025/889
f 775/1002/865 776/1013/876 757/1037/901
f 773/1039/903 775/1002/865 758/1038/902
f 773/1039/903 753/1040/904 754/1041/905
f 772/217/211 755/1046/910 751/1018/882
f 1773/998/861 1775/1050/914 778/1042/906
f 1776/1043/907 755/1046/910 797/1044/908
f 54/77/77 62/81/81 775/1002/865
f 774/1015/878 754/1041/905 755/1046/910
f 751/1018/882 755/1046/910 1776/1043/907
f 40/64/64 44/95/95 1012/97/97
f 758/1038/902 1779/1052/916 1777/1048/912
f 1777/1048/912 1800/1057/929 795/1049/913
f 757/1037/901 778/1042/906 1775/1050/914
f 758/1038/902 757/1037/901 1780/1051/915
f 776/1013/876 777/999/862 778/1042/906
f 37/1012/917 786/39/39 783/58/58
f 33/1016/919 785/53/53 782/32/32
f 17/1009/921 30/1014/922 784/34/34
f 27/1003/918 783/58/58 785/53/53
f 20/995/920 782/32/32 784/34/34
f 3/10/10 17/1009/921 781/55/55
f 780/30/30 15/25/25 6/19/19
f 240/271/264 176/257/250 199/314/306
f 130/176/176 134/173/173 302/366/339
f 377/559/522 378/547/510 573/549/512
f 404/619/580 412/565/528 413/960/841
f 584/535/498 583/527/490 745/530/493
f 1788/1054/924 334/466/429 331/465/925
f 85/109/109 787/169/169 793/168/168
f 86/110/110 793/168/168 792/165/165
f 85/109/109 82/122/122 824/1055/927
f 89/127/127 792/165/165 788/166/166
f 88/141/141 794/163/163 789/164/164
f 87/144/144 788/166/166 794/163/163
f 84/142/142 789/164/164 790/162/162
f 83/129/129 790/162/162 825/1056/928
f 1800/1057/929 1801/1075/946 800/1058/930
f 753/1040/904 795/1049/913 796/1062/934
f 754/1041/905 796/1062/934 797/1044/908
f 798/1063/933 1806/1066/937 1807/1064/935
f 779/1065/936 1805/1072/943 1806/1066/937
f 805/1067/938 779/1077/936 798/1061/933
f 806/1068/939 800/1058/930 802/1069/940
f 795/1049/913 800/1058/930 806/1068/939
f 779/1065/936 801/1185/948 1809/1071/942
f 807/1070/941 1818/1184/1896 1813/1073/944
f 1809/1071/942 801/1185/948 803/1074/945
f 1801/1075/946 1811/1076/947 802/1069/940
f 1811/1076/947 1818/1184/1896 807/1070/941
f 779/1077/936 805/1067/938 806/1068/939
f 801/1078/948 806/1068/939 807/1070/941
f 796/1062/934 795/1049/913 805/1067/938
f 797/1044/908 799/1059/931 1807/1064/935
f 796/1062/934 804/1060/932 799/1059/931
f 409/610/573 415/961/842 412/962/528
f 408/614/577 438/576/539 410/618/570
f 465/728/672 582/540/503 523/539/502
f 498/784/726 528/783/725 501/829/681
f 497/777/719 503/794/734 499/773/715
f 167/342/323 235/341/245 819/1079/275
f 165/300/293 236/346/227 818/1080/279
f 211/248/241 817/283/276 815/284/277
f 210/307/300 816/315/307 811/281/274
f 210/307/300 192/301/294 814/295/288
f 192/301/294 165/300/293 810/335/321
f 168/299/292 812/285/278 818/286/279
f 193/324/316 815/284/277 812/285/278
f 167/342/323 813/337/322 817/283/276
f 166/251/244 811/281/274 819/282/275
f 820/1082/950 114/156/156 90/147/147
f 820/1082/950 113/137/137 787/169/169
f 823/167/167 120/155/155 91/150/150
f 114/156/156 820/1082/950 824/1055/927
f 825/1056/928 823/167/167 114/156/156
f 827/180/180 828/185/185 136/174/174
f 828/185/185 1839/1186/1903 1090/1083/951
f 826/179/179 130/176/176 133/188/188
f 826/179/179 827/180/180 135/171/171
f 831/207/205 147/1087/192 149/1084/178
f 1843/1085/952 1101/1191/184 144/1086/186
f 829/212/208 144/1086/186 147/1087/192
f 833/119/119 1848/118/118 1022/200/200
f 832/125/125 833/119/119 74/197/197
f 835/157/157 834/8/8 9/104/104
f 1850/9/9 834/8/8 11/15/15
f 1855/1088/953 1096/211/207 140/206/204
f 837/198/198 137/208/206 138/214/209
f 836/201/201 140/206/204 137/208/206
f 839/161/161 841/100/100 124/124/124
f 841/100/100 840/170/170 68/117/117
f 840/170/170 1857/103/103 1014/1089/954
f 461/555/518 481/889/808 460/713/659
f 845/1090/955 844/1096/961 849/1091/956
f 846/1093/958 845/1090/955 850/1092/957
f 918/1095/960 843/1103/968 844/1096/961
f 848/1098/963 843/1103/968 842/1099/964
f 844/1096/961 843/1103/968 848/1098/963
f 917/1102/967 842/1099/964 843/1103/968
f 849/1091/956 848/1098/963 853/1104/969
f 858/1107/972 853/1104/969 852/1106/971
f 856/1109/974 855/1170/1035 860/1110/975
f 859/1112/977 854/1105/970 853/1104/969
f 865/1113/978 1879/1111/976 860/1110/975
f 859/1112/977 858/1107/972 862/1115/980
f 860/1110/975 859/1112/977 863/1116/981
f 858/1107/972 857/1108/973 861/1117/982
f 870/1118/983 865/1113/978 864/1114/979
f 863/1116/981 862/1115/980 867/1120/985
f 864/1114/979 863/1116/981 868/1121/986
f 862/1115/980 861/1117/982 866/1122/987
f 875/1123/988 870/1118/983 869/1119/984
f 872/1125/990 867/1120/985 866/1122/987
f 869/1119/984 868/1121/986 873/1127/992
f 875/1123/988 874/1124/989 879/1128/993
f 868/1121/986 867/1120/985 872/1125/990
f 872/1125/990 871/1126/991 876/1130/995
f 874/1124/989 873/1127/992 878/1132/997
f 873/1127/992 872/1125/990 877/1131/996
f 885/1133/998 880/1129/994 879/1128/993
f 879/1128/993 878/1132/997 883/1135/1000
f 877/1131/996 876/1130/995 881/1136/1001
f 883/1135/1000 878/1132/997 877/1131/996
f 890/1138/1003 885/1133/998 884/1134/999
f 889/1139/1004 884/1134/999 883/1135/1000
f 887/1141/1006 882/1137/1002 881/1136/1001
f 888/1140/1005 883/1135/1000 882/1137/1002
f 890/1138/1003 889/1139/1004 895/1143/1008
f 895/1143/1008 889/1139/1004 888/1140/1005
f 893/1146/1011 887/1141/1006 886/1142/1007
f 894/1145/1010 888/1140/1005 887/1141/1006
f 896/1144/1009 895/1143/1008 900/1148/1013
f 900/1148/1013 895/1143/1008 894/1145/1010
f 893/1146/1011 892/1147/1012 897/1151/1016
f 899/1150/1015 894/1145/1010 893/1146/1011
f 901/1149/1014 900/1148/1013 905/1153/1018
f 898/1152/1017 897/1151/1016 902/1155/1020
f 905/1153/1018 900/1148/1013 899/1150/1015
f 904/1157/1022 899/1150/1015 898/1152/1017
f 906/1154/1019 905/1153/1018 910/1158/1023
f 903/1156/1021 902/1155/1020 907/1160/1025
f 910/1158/1023 905/1153/1018 904/1157/1022
f 909/1162/1027 904/1157/1022 903/1156/1021
f 911/1159/1024 910/1158/1023 915/1163/1028
f 908/1161/1026 907/1160/1025 912/1165/1030
f 915/1163/1028 910/1158/1023 909/1162/1027
f 914/1167/1032 909/1162/1027 908/1161/1026
f 916/1164/1029 915/1163/1028 920/1168/1033
f 918/1095/960 913/1166/1031 912/1165/1030
f 920/1168/1033 915/1163/1028 914/1167/1032
f 919/1097/962 914/1167/1032 913/1166/1031
f 844/1096/961 845/1090/955 920/1168/1033
f 845/1090/955 846/1093/958 921/1169/1034
f 860/1110/975 855/1170/1035 854/1105/970
f 850/1092/957 849/1091/956 854/1105/970
f 853/1104/969 848/1098/963 847/1100/965
f 851/1094/959 850/1092/957 855/1170/1035
f 927/1/1036 933/3/1059 1061/2/1037
f 940/5/1039 1050/130/1137 1077/4/1040
f 928/7/7 1850/9/9 1849/8/1042
f 935/11/1044 1781/30/1062 930/10/1045
f 1029/13/1047 935/11/1044 941/14/1048
f 943/16/16 938/23/1055 939/15/1050
f 1061/2/1037 1062/27/1058 941/14/1048
f 1072/18/1051 934/19/1057 940/5/1039
f 1031/20/1052 1051/22/1164 1052/21/1053
f 944/24/24 932/29/1061 938/23/1055
f 946/26/1054 1052/21/1053 1062/27/1058
f 944/24/24 949/54/54 948/28/1060
f 1781/30/1062 945/25/1056 950/31/1063
f 932/29/1061 948/28/1060 950/31/1063
f 966/33/1065 954/38/1070 1783/32/1066
f 968/36/36 953/56/56 952/35/1068
f 967/37/1069 952/35/1068 954/38/1070
f 1787/39/1071 973/41/1076 958/40/1072
f 976/42/1074 974/44/44 957/43/43
f 973/41/1076 976/42/1074 956/45/1075
f 957/43/43 960/1006/869 959/47/1077
f 970/49/1078 963/57/1081 962/48/1079
f 970/49/1078 972/52/52 964/51/51
f 1786/53/1082 971/50/1080 962/48/1079
f 948/28/1060 967/37/1069 966/33/1065
f 949/54/54 968/36/36 967/37/1069
f 1782/55/1064 950/31/1063 966/33/1065
f 954/38/1070 971/50/1080 1786/53/1082
f 953/56/56 972/52/52 970/49/1078
f 952/35/1068 970/49/1078 971/50/1080
f 962/48/1079 963/57/1081 976/42/1074
f 963/57/1081 964/51/51 974/44/44
f 1784/58/1083 962/48/1079 973/41/1076
f 981/60/1084 983/62/1086 979/59/1085
f 983/62/1086 982/95/1113 929/61/1087
f 986/65/1089 985/99/1112 978/64/1090
f 984/67/1092 986/65/1089 980/66/1091
f 988/70/1094 990/74/1098 1108/69/1095
f 990/74/1098 989/75/1101 1109/73/1099
f 994/76/1100 993/83/1108 989/75/1101
f 992/77/1102 994/76/1100 990/74/1098
f 998/78/1103 997/80/1107 996/79/1104
f 1000/81/1106 995/82/1111 997/80/1107
f 1000/81/1106 998/78/1103 994/76/1100
f 998/78/1103 999/91/1105 993/83/1108
f 997/80/1107 1003/85/1391 1002/84/1109
f 1001/86/1110 1003/85/1391 997/80/1107
f 996/79/1104 1007/88/88 1008/87/87
f 993/83/1108 1006/90/90 1005/89/89
f 999/91/1105 1008/87/87 1006/90/90
f 1109/73/1099 1110/93/93 1004/92/92
f 1009/94/94 1007/88/88 996/79/1104
f 982/95/1113 1012/97/97 1010/96/96
f 987/63/1088 984/67/1092 977/68/1093
f 985/99/1112 1004/92/92 1011/98/98
f 942/101/1114 1856/161/1168 1859/100/1115
f 937/104/1043 1858/170/1179 1857/103/103
f 1015/105/1117 1019/112/1123 979/59/1085
f 1020/107/107 1015/105/1117 929/61/1087
f 1054/108/1119 1037/110/1134 1036/109/1120
f 933/3/1059 1013/106/1118 1018/111/1122
f 1019/112/1123 1013/106/1118 927/1/1036
f 1020/107/107 1028/114/114 1023/113/1124
f 1013/106/1118 1021/116/1200 1026/115/1125
f 1016/117/1126 1847/119/1132 1848/118/118
f 1027/120/1127 1021/116/1200 1013/106/1118
f 1023/113/1124 1027/120/1127 1019/112/1123
f 1033/122/1128 1034/129/1135 1055/121/1129
f 1075/124/1131 1846/125/1178 1847/119/1132
f 1053/126/1133 1040/127/1151 1037/110/1134
f 1034/129/1135 1035/142/1885 1056/128/1136
f 1050/130/1137 1051/22/1164 1031/20/1052
f 934/19/1057 1029/13/1047 1030/131/1049
f 1068/132/1138 1045/134/1163 1044/133/1139
f 1048/135/1141 1045/134/1163 1068/132/1138
f 1064/137/1140 1044/133/1139 1833/138/1143
f 1046/139/1145 1048/135/1141 1067/136/1142
f 1056/128/1136 1035/142/1885 1039/141/1147
f 1059/143/1148 1039/141/1147 1038/144/1149
f 1060/145/1150 1038/144/1149 1040/127/1151
f 1058/146/1121 1036/109/1120 1033/122/1128
f 1070/153/1158 1043/151/1156 1047/152/1157
f 1069/154/1159 1047/152/1157 1046/139/1145
f 1042/150/1155 1043/151/1156 1070/153/1158
f 1065/156/1161 1041/147/1152 1834/148/1154
f 940/5/1039 1030/131/1049 1051/22/1164
f 1077/4/1040 1851/157/1177 1849/8/1042
f 1030/131/1049 941/14/1048 1052/21/1053
f 946/26/1054 1058/146/1121 1057/123/1130
f 1032/158/1165 1060/145/1150 1053/126/1133
f 1025/159/1166 1059/143/1148 1060/145/1150
f 1017/160/1167 1056/128/1136 1059/143/1148
f 1055/121/1129 1056/128/1136 1856/161/1168
f 1026/115/1125 1053/126/1133 1054/108/1119
f 1031/20/1052 1057/123/1130 1055/121/1129
f 1018/111/1122 1054/108/1119 1058/146/1121
f 1061/2/1037 935/11/1044 936/12/1046
f 1792/162/1169 1071/155/1160 1070/153/1158
f 1796/163/1171 1069/154/1159 1066/140/1146
f 1791/164/1170 1070/153/1158 1069/154/1159
f 1066/140/1146 1067/136/1142 1794/165/1173
f 1835/167/1162 1071/155/1160 1792/162/1169
f 1067/136/1142 1068/132/1138 1795/168/1175
f 1068/132/1138 1064/137/1140 1789/169/1176
f 1050/130/1137 942/101/1114 1851/157/1177
f 1017/160/1167 1025/159/1166 1846/125/1178
f 1073/102/1116 1859/100/1115 1858/170/1179
f 932/29/1061 1072/18/1051 1074/6/1041
f 1074/6/1041 1077/4/1040 939/15/1050
f 1088/171/1180 1087/173/1184 1081/172/1181
f 1089/174/1182 1081/172/1181 1079/175/175
f 1106/178/1187 1838/179/1186 1840/180/1188
f 1085/182/182 1080/191/1383 1104/181/1190
f 1841/185/1191 1839/1186/1903 1101/184/184
f 1098/187/1193 1083/189/1198 1086/188/1194
f 1104/181/1190 1080/191/1383 1084/190/1195
f 1840/180/1188 1841/185/1191 1099/186/1192
f 1097/193/1197 1078/194/1199 1083/189/1198
f 1102/195/1196 1084/190/1195 1078/194/1199
f 1853/198/1202 1852/201/1205 1024/197/1203
f 1093/196/1201 1095/203/1210 1032/158/1165
f 1852/201/1205 1855/1088/953 1022/200/200
f 1854/202/1206 1853/198/1202 1076/199/1204
f 1032/158/1165 1095/203/1210 1854/202/1206
f 1102/204/1196 1097/205/1197 1021/116/1200
f 1097/205/1197 1098/210/1193 1093/196/1201
f 1845/207/1207 1842/212/1211 1094/206/1208
f 1104/209/1190 1102/204/1196 1027/120/1127
f 1098/210/1193 1100/216/1185 1095/203/1210
f 1842/212/1211 1843/1085/952 1096/211/207
f 1028/114/114 1105/213/183 1104/209/1190
f 1092/214/1212 1844/215/1213 1845/207/1207
f 1100/216/1185 1106/1084/1187 1844/215/1213
f 989/75/1101 1005/89/89 1110/93/93
f 1108/69/1095 1109/73/1099 985/99/1112
f 984/67/1092 1107/71/1096 1108/69/1095
f 983/62/1086 981/60/1084 977/68/1093
f 982/95/1113 983/62/1086 980/66/1091
f 991/72/1097 988/70/1094 1107/71/1096
f 1767/217/1214 1769/1015/1852 988/70/1094
f 1145/221/1218 1146/223/1221 1118/222/1219
f 1146/223/1221 1148/225/1304 1119/224/1222
f 1111/227/1223 1115/235/1233 1189/226/1224
f 1190/229/1226 1116/231/1238 1112/230/1227
f 1194/233/1229 1126/299/1298 1141/232/1230
f 1167/236/1232 1121/345/1326 1115/235/1233
f 1191/239/1235 1120/320/1333 1117/238/1236
f 1192/241/1237 1122/246/1242 1116/231/1238
f 1196/243/1239 1130/274/1271 1137/242/1240
f 1122/246/1242 1149/325/1321 1147/245/1243
f 1169/248/1244 1125/342/1899 1144/247/1245
f 1202/250/1247 1193/252/1325 1124/251/1248
f 1186/253/1250 1173/255/1276 1133/254/1251
f 1184/256/1253 1180/258/1269 1134/257/1254
f 1171/260/1256 1129/328/1324 1140/259/1257
f 1200/262/1259 1195/264/1323 1128/263/1260
f 1159/266/1262 1142/332/1300 1213/265/1263
f 1197/269/1265 1132/319/1279 1181/268/1266
f 1198/271/1268 1134/257/1254 1180/258/1269
f 1130/274/1271 1153/323/1320 1161/273/1272
f 1152/276/1273 1183/298/1296 1182/275/1274
f 1197/269/1265 1199/280/1310 1135/279/1278
f 1200/262/1259 1139/318/1261 1823/281/1280
f 1829/283/1282 1177/261/1258 1140/259/1257
f 1137/242/1240 1161/273/1272 1827/284/1284
f 1201/244/1241 1137/242/1240 1824/285/1285
f 1211/287/1287 1209/351/1329 1178/249/1246
f 1143/288/1249 1208/290/1328 1212/289/1288
f 1215/292/1289 1141/232/1230 1162/291/1290
f 1203/234/1231 1141/232/1230 1215/292/1289
f 1826/295/1293 1158/297/1297 1138/296/1294
f 1183/298/1296 1154/218/1215 1131/219/1217
f 1158/297/1297 1152/276/1273 1127/277/1275
f 1126/299/1298 1151/324/1900 1162/291/1290
f 1159/266/1262 1150/301/1901 1123/300/1299
f 1160/302/1301 1112/230/1227 1116/231/1238
f 1163/303/1302 1164/304/1303 1146/223/1221
f 1164/304/1303 1166/305/1317 1148/225/1304
f 1176/306/1305 1160/302/1301 1147/245/1243
f 1168/307/1306 1150/301/1901 1159/266/1262
f 1174/309/1308 1170/310/1322 1152/276/1273
f 1185/311/1309 1172/312/1313 1154/218/1215
f 1199/313/1310 1136/278/1277 1157/314/1311
f 1135/279/1278 1156/220/1216 1154/218/1215
f 1174/309/1308 1158/297/1297 1826/295/1293
f 1218/316/1315 1175/308/1307 1159/266/1262
f 1143/288/1249 1175/308/1307 1218/316/1315
f 1139/318/1261 1174/309/1308 1828/315/1314
f 1132/319/1279 1172/312/1313 1185/311/1309
f 1128/263/1260 1170/310/1322 1174/309/1308
f 1124/251/1248 1168/307/1306 1175/308/1307
f 1115/235/1233 1111/227/1223 1176/306/1305
f 1117/238/1236 1120/320/1333 1166/305/1317
f 1113/321/1318 1117/238/1236 1164/304/1303
f 1217/293/1291 1162/291/1290 1178/249/1246
f 1827/284/1284 1161/273/1272 1177/261/1258
f 1155/322/1255 1157/314/1311 1136/278/1277
f 1153/323/1320 1171/260/1256 1177/261/1258
f 1155/322/1255 1173/255/1276 1186/253/1250
f 1162/291/1290 1151/324/1900 1169/248/1244
f 1149/325/1321 1167/236/1232 1165/237/1234
f 1184/256/1253 1186/253/1250 1171/260/1256
f 1181/268/1266 1185/311/1309 1170/310/1322
f 1156/220/1216 1204/1187/1312 1198/326/1268
f 1170/310/1322 1185/311/1309 1183/298/1296
f 1180/258/1269 1184/256/1253 1153/323/1320
f 1205/272/1270 1180/258/1269 1130/274/1271
f 1206/270/1267 1181/268/1266 1128/263/1260
f 1171/260/1256 1186/253/1250 1179/327/1252
f 1129/328/1324 1179/327/1252 1206/329/1267
f 1127/277/1275 1182/275/1274 1205/330/1270
f 1199/280/1310 1204/1187/1312 1156/220/1216
f 1119/224/1222 1148/225/1304 1216/267/1264
f 1213/265/1263 1142/332/1300 1203/331/1231
f 1202/333/1247 1212/334/1288 1211/287/1287
f 1822/335/1295 1138/296/1294 1201/336/1241
f 1825/337/1283 1140/259/1257 1200/338/1259
f 1136/278/1277 1199/313/1310 1197/339/1265
f 1182/275/1274 1131/219/1217 1198/326/1268
f 1179/327/1252 1133/254/1251 1197/339/1265
f 1140/259/1257 1129/328/1324 1195/340/1323
f 1144/247/1245 1125/342/1899 1193/341/1325
f 1138/296/1294 1127/277/1275 1196/343/1239
f 1118/222/1219 1119/224/1222 1192/344/1237
f 1121/345/1326 1191/355/1235 1189/226/1224
f 1142/332/1300 1123/300/1299 1194/346/1229
f 1190/348/1226 1188/1188/1228 1114/347/1220
f 1187/349/1225 1189/240/1224 1117/238/1236
f 1221/352/1330 1211/287/1287 1212/334/1288
f 1167/236/1232 1209/351/1329 1210/354/1331
f 1210/354/1331 1207/357/1332 1191/355/1235
f 1207/356/1332 1208/290/1328 1120/320/1333
f 1221/352/1330 1222/1172/1327 1207/357/1332
f 1119/224/1222 1213/265/1263 1220/358/1292
f 1217/293/1291 1219/353/1319 1167/236/1232
f 1120/320/1333 1214/317/1316 1218/316/1315
f 1166/305/1317 1218/316/1315 1216/267/1264
f 1122/246/1242 1215/292/1289 1217/293/1291
f 1220/294/1292 1215/292/1289 1122/246/1242
f 1266/359/1334 1228/361/1348 1223/360/1335
f 1268/362/1337 1227/364/1340 1230/363/1338
f 1267/365/1336 1223/360/1335 1227/364/1340
f 1270/366/1341 1231/368/1349 1226/367/1342
f 1245/370/1344 1249/401/1404 1279/369/1345
f 1272/372/1347 1225/373/1372 1228/361/1348
f 1271/374/1343 1226/367/1342 1224/375/348
f 1229/376/349 1225/373/1372 1272/372/1347
f 1269/378/1339 1230/363/1338 1231/368/1349
f 1234/380/1350 1237/388/1354 1252/379/1351
f 1253/382/1353 1235/384/1360 1233/383/356
f 1238/385/358 1234/380/1350 1251/381/1352
f 1237/388/1354 1232/392/1389 1257/387/1355
f 1236/390/1356 1239/410/1385 1256/389/1357
f 1257/387/1355 1232/392/1389 1236/390/1356
f 1250/393/1359 1240/394/1371 1235/384/1360
f 1247/396/1361 1241/399/1364 1276/395/1362
f 1241/399/1364 1246/422/1378 1277/398/1365
f 1279/369/1345 1249/401/1404 1244/400/1366
f 1288/402/1368 1289/403/1384 1278/371/1346
f 1243/404/1369 1247/396/1361 1275/397/1363
f 1244/400/1366 1242/1173/1406 1282/406/379
f 1283/408/381 1248/409/382 1243/404/1369
f 1231/368/1349 1250/393/1359 1253/382/1353
f 1223/360/1335 1257/387/1355 1258/391/1358
f 1227/364/1340 1258/391/1358 1256/389/1357
f 1228/361/1348 1252/379/1351 1257/387/1355
f 1256/389/1357 1239/410/1385 1240/394/1371
f 1229/376/349 1255/386/359 1251/381/1352
f 1226/367/1342 1253/382/1353 1254/411/384
f 1225/373/1372 1251/381/1352 1252/379/1351
f 1324/413/1373 1323/488/1432 1945/412/1374
f 1303/415/1376 1262/417/1399 1260/416/389
f 1265/419/392 1261/453/1400 1301/418/1377
f 1246/422/1378 1308/423/1381 1306/421/1379
f 1259/424/1380 1264/474/1403 1308/423/1381
f 1230/363/1338 1256/389/1357 1250/393/1359
f 1085/182/182 1274/377/350 1272/372/1347
f 1081/172/1181 1271/374/1343 1273/426/399
f 1080/191/1383 1272/372/1347 1266/359/1334
f 1087/173/1184 1270/366/1341 1271/374/1343
f 1078/194/1199 1267/365/1336 1268/362/1337
f 1083/189/1198 1268/362/1337 1269/378/1339
f 1084/190/1195 1266/359/1334 1267/365/1336
f 1289/403/1384 1288/402/1368 1240/394/1371
f 1283/408/381 1281/405/1370 1285/427/1386
f 1280/407/1367 1282/406/379 1291/429/402
f 1281/405/1370 1275/397/1363 1284/431/1388
f 1279/369/1345 1280/407/1367 1290/430/1387
f 1188/432/1228 1236/390/1356 1232/392/1389
f 1112/433/1227 1239/410/1385 1236/390/1356
f 1275/397/1363 1276/395/1362 1287/434/1390
f 1112/433/1227 1160/435/1301 1289/403/1384
f 1237/388/1354 1284/431/1388 1287/434/1390
f 1285/427/1386 1284/431/1388 1237/388/1354
f 1286/428/401 1285/427/1386 1234/380/1350
f 1288/402/1368 1290/430/1387 1235/384/1360
f 1290/430/1387 1291/429/402 1233/383/356
f 1176/440/1305 1278/371/1346 1289/403/1384
f 1114/441/1220 1232/392/1389 1287/434/1390
f 1145/442/1218 1287/434/1390 1276/395/1362
f 1113/437/1318 1163/443/1302 1276/395/1362
f 1278/371/1346 1176/440/1305 1111/439/1223
f 1245/370/1344 1278/371/1346 1277/398/1365
f 1293/444/407 1009/94/94 1002/84/1109
f 1292/445/408 1293/444/407 1003/85/1391
f 1941/446/1392 1326/448/1419 1319/447/1393
f 1344/449/1395 1322/451/1436 1325/450/1396
f 1297/452/1398 1295/1189/1986 1260/416/389
f 1300/454/417 1296/460/1407 1261/453/1400
f 1294/455/1401 1298/457/1416 1263/456/1402
f 1249/401/1404 1306/421/1379 1303/415/1376
f 1307/425/1382 1308/423/1381 1246/422/1378
f 1302/458/1405 1307/425/1382 1241/399/1364
f 1305/420/393 1301/418/1377 1243/404/1369
f 1244/400/1366 1303/415/1376 1304/459/422
f 1243/404/1369 1301/418/1377 1302/458/1405
f 1313/463/426 1310/462/1414 1296/460/1407
f 1315/464/427 1295/1189/1986 1297/452/1398
f 1314/467/430 1788/1054/924 1318/466/1411
f 1316/469/432 1314/467/430 1309/468/1412
f 1310/462/1414 1313/463/426 1316/469/432
f 1318/466/1415 1311/465/1410 1297/452/1398
f 1310/462/1408 1312/470/1418 1299/471/1417
f 1312/470/1418 1309/468/1420 1294/455/1401
f 1345/472/1397 1325/450/1396 1326/473/1419
f 1298/457/1416 1297/452/1398 1262/417/1399
f 1298/457/1416 1294/455/1401 1309/468/1420
f 1299/471/1417 1294/455/1401 1264/474/1403
f 1264/474/1403 1263/456/1402 1306/421/1379
f 1303/415/1376 1306/421/1379 1263/456/1402
f 1352/475/1421 1333/477/1833 1712/476/1422
f 1351/478/1424 1329/480/1742 1330/479/1425
f 1328/482/1427 1332/496/1439 1347/481/1428
f 1710/485/1430 1718/979/1831 1715/484/1431
f 1323/488/1432 1321/492/1466 1942/487/1433
f 1320/489/1434 1324/413/1373 1943/414/1375
f 1343/491/1394 1319/447/1393 1320/489/1434
f 1942/487/1433 1321/492/1466 1322/451/1436
f 1350/493/1426 1330/479/1425 1719/494/1437
f 1332/496/1439 1331/499/1443 1353/495/1440
f 1327/497/1441 1328/482/1427 1346/483/1429
f 1331/499/1443 1329/480/1742 1351/478/1424
f 1727/500/1444 1341/502/1452 1336/501/1445
f 1335/504/1446 1342/507/1449 1723/503/1447
f 1342/507/1449 1340/516/1457 1722/506/1450
f 1726/508/1451 1339/509/1462 1341/502/1452
f 1721/510/1453 1337/512/1456 1338/511/1454
f 1261/513/1400 1336/501/1445 1337/512/1456
f 1725/514/1455 1338/515/1454 1335/504/1446
f 1340/516/1457 1339/509/1462 1726/508/1451
f 1341/502/1452 1942/487/1989 1344/449/1458
f 1343/491/1459 1944/490/1460 1342/507/1449
f 1944/490/1460 1943/414/1465 1340/516/1457
f 1945/412/1461 1942/487/1989 1341/502/1452
f 1337/512/1456 1345/472/1464 1941/517/1463
f 1336/501/1445 1344/449/1458 1345/472/1464
f 1338/515/1454 1941/446/1463 1343/491/1459
f 1943/414/1465 1945/412/1461 1339/509/1462
f 1353/495/1440 1351/478/1424 1321/518/1466
f 1349/498/1442 1346/483/1429 1320/520/1434
f 1347/481/1428 1353/495/1440 1323/519/1432
f 1326/523/1419 1348/486/1423 1715/484/1431
f 1346/483/1429 1347/481/1428 1324/522/1373
f 1321/518/1466 1351/478/1424 1350/493/1426
f 1352/475/1421 1348/981/1423 1326/524/1419
f 1730/526/1467 1570/528/1765 1567/527/1468
f 1533/529/1470 1730/526/1467 1729/530/1469
f 1571/531/1472 1569/533/1788 1359/532/1473
f 1567/527/1468 1358/869/1766 1357/534/1475
f 1568/535/1476 1357/534/1475 1652/536/1477
f 1659/538/1479 1566/540/1771 1507/539/1480
f 1534/545/1485 1354/685/1616 1597/544/1486
f 1561/548/1488 1538/871/1990 1362/547/1489
f 1560/550/1491 1559/552/1773 1360/551/1492
f 1584/554/1494 1583/716/1645 1728/553/1495
f 1668/556/1497 1667/558/1573 1368/557/1498
f 1361/559/1500 1362/547/1489 1365/560/1501
f 1369/562/1502 1427/579/1520 1426/561/1503
f 1676/564/1505 1675/566/1563 1396/565/1506
f 1539/567/1508 1363/569/1525 1366/568/1509
f 1545/570/1511 1370/572/1521 1372/571/1512
f 1546/573/1514 1550/575/1668 1428/574/1515
f 1384/577/1517 1390/613/1554 1422/576/1518
f 1427/579/1520 1369/562/1502 1371/580/1516
f 1543/581/1499 1368/557/1498 1370/572/1521
f 1548/582/1522 1373/584/1526 1374/583/1523
f 1363/569/1525 1374/583/1523 1373/584/1526
f 1599/585/1527 1604/587/1786 1576/586/1528
f 1599/585/1527 1577/589/1529 1572/588/1530
f 1575/590/1532 1574/592/1598 1385/591/1533
f 1383/593/1534 1381/595/1553 1387/594/1535
f 1379/596/1537 1378/598/1634 1600/597/1531
f 1572/588/1530 1383/593/1534 1382/599/1539
f 1594/602/1541 1693/967/1631 1694/601/1542
f 1573/600/1540 1382/599/1539 1687/604/1544
f 1577/589/1529 1381/595/1553 1383/593/1534
f 1577/589/1529 1576/586/1528 1380/612/1552
f 1385/591/1533 1391/609/1549 1390/613/1554
f 1392/614/1555 1390/613/1554 1412/615/1556
f 1382/599/1539 1388/619/1559 1688/616/1558
f 1381/595/1553 1380/612/1552 1386/606/1546
f 1383/593/1534 1389/626/1536 1388/619/1559
f 1387/594/1535 1386/606/1546 1394/607/1548
f 1430/622/1561 1403/638/1578 1677/621/1562
f 1677/621/1562 1403/638/1578 1402/624/1564
f 1389/626/1536 1387/594/1535 1395/620/1560
f 1393/610/1551 1399/961/1820 1398/627/1566
f 1696/628/1567 1379/596/1537 1601/629/1538
f 1401/630/1569 1400/632/1572 1404/631/1570
f 1676/564/1505 1679/633/1576 1400/632/1572
f 1426/634/1503 1368/557/1498 1667/558/1573
f 1429/636/1575 1400/632/1572 1679/633/1576
f 1403/638/1578 1430/622/1561 1432/639/1579
f 1407/641/1580 1411/654/1591 1410/640/1581
f 1429/636/1575 1431/644/1583 1404/631/1570
f 1431/644/1583 1433/646/1585 1408/643/1584
f 1433/646/1585 1434/1175/1588 1409/645/1586
f 1405/648/1571 1432/650/1579 1430/647/1561
f 1403/638/1578 1407/641/1580 1406/642/1582
f 1405/648/1571 1404/631/1570 1408/643/1584
f 1585/649/1587 1605/689/1620 1598/546/1487
f 1432/650/1579 1405/648/1571 1409/645/1586
f 1427/651/1520 1428/866/1515 1372/571/1512
f 1413/653/1589 1415/1176/1590 1414/652/1557
f 1391/609/1549 1413/653/1589 1412/615/1556
f 1393/610/1551 1392/614/1555 1414/652/1557
f 1393/610/1551 1415/1176/1590 1413/653/1589
f 1432/639/1579 1434/817/1588 1411/654/1591
f 1650/655/1592 1649/543/1483 1418/541/1482
f 1418/541/1482 1364/542/1484 1366/568/1509
f 1558/658/1594 1361/559/1500 1649/657/1483
f 1431/660/1583 1406/642/1582 1410/640/1581
f 1402/624/1564 1406/642/1582 1431/660/1583
f 1680/625/1565 1678/662/1577 1394/618/1548
f 1385/591/1533 1421/663/1823 1423/611/1550
f 1656/665/1595 1579/666/1611 1420/578/1519
f 1580/667/1597 1421/663/1823 1385/591/1533
f 1654/668/1596 1420/578/1519 1422/576/1518
f 1589/669/1599 1588/671/1680 1614/670/1600
f 1440/672/1602 1555/1190/1629 1332/496/1439
f 1424/673/1603 1384/577/1517 1420/578/1519
f 1359/532/1473 1424/673/1603 1425/680/1604
f 1439/681/1613 1438/683/1625 1436/682/1614
f 1575/590/1532 1582/684/1790 1603/677/1608
f 1354/685/1616 1375/679/1609 1603/677/1608
f 1653/686/1617 1651/956/1478 1578/675/1607
f 1669/687/1574 1364/959/1484 1365/560/1501
f 1596/690/1619 1610/839/1747 1605/689/1620
f 1457/691/1621 1459/693/1666 1516/692/1622
f 1435/694/1624 1436/682/1614 1438/683/1625
f 1553/697/1628 1552/699/1770 1555/698/1629
f 1608/700/1630 1694/702/1542 1693/701/1631
f 1354/685/1616 1441/695/1626 1438/683/1625
f 1527/706/1635 1526/854/1751 1466/705/1636
f 1706/711/1639 1705/885/1778 1531/710/1640
f 1444/713/1642 1728/553/1495 1730/526/1467
f 1571/531/1472 1536/715/1474 1448/714/1643
f 1446/717/1644 1447/895/1734 1583/716/1645
f 1660/718/1646 1446/717/1644 1584/554/1494
f 1451/720/1648 1538/871/1990 1561/548/1488
f 1598/546/1487 1605/689/1620 1443/724/1651
f 1658/726/1481 1450/731/1656 1564/725/1652
f 1560/550/1491 1537/729/1493 1449/728/1653
f 1573/600/1540 1689/605/1545 1690/730/1568
f 1668/556/1497 1543/581/1499 1457/691/1621
f 1450/731/1656 1453/733/1650 1454/732/1657
f 1515/735/1623 1516/749/1622 1458/734/1658
f 1681/737/1660 1486/739/1819 1485/738/1661
f 1539/567/1508 1541/741/1510 1455/740/1663
f 1545/570/1511 1547/743/1513 1461/742/1665
f 1546/573/1514 1460/745/1672 1517/744/1667
f 1511/747/1669 1479/776/1696 1473/746/1670
f 1516/749/1622 1517/744/1667 1460/745/1672
f 1543/581/1499 1545/570/1511 1459/693/1666
f 1548/582/1522 1549/751/1524 1463/750/1673
f 1462/753/1674 1463/750/1673 1452/752/1664
f 1606/755/1675 1591/757/1679 1590/754/1676
f 1607/758/1678 1586/763/1687 1591/757/1679
f 1473/746/1670 1474/775/1697 1588/671/1680
f 1472/759/1681 1478/761/1710 1476/760/1682
f 1468/762/1684 1608/700/1630 1607/758/1678
f 1471/764/1686 1472/759/1681 1586/763/1687
f 1666/767/1688 1665/830/1737 1593/766/1689
f 1692/769/1691 1471/764/1686 1587/765/1632
f 1586/763/1687 1472/759/1681 1470/770/1683
f 1820/772/1692 1821/832/1739 1663/771/1693
f 1591/757/1679 1470/770/1683 1469/774/1695
f 1479/776/1696 1480/782/1702 1474/775/1697
f 1481/777/1698 1503/779/1731 1501/778/1699
f 1691/780/1700 1477/787/1705 1471/764/1686
f 1470/770/1683 1476/760/1682 1475/781/1701
f 1477/787/1705 1478/761/1710 1472/759/1681
f 1476/760/1682 1484/793/1711 1483/786/1694
f 1683/789/1706 1492/806/1721 1519/788/1707
f 1491/791/1708 1492/806/1721 1683/789/1706
f 1478/761/1710 1486/739/1819 1484/793/1711
f 1487/794/1712 1488/963/1821 1482/784/1703
f 1697/795/1713 1694/702/1542 1608/700/1630
f 1490/796/1714 1494/798/1730 1493/797/1715
f 1681/737/1660 1490/796/1714 1489/799/1716
f 1671/801/1655 1457/691/1621 1515/800/1623
f 1684/804/1717 1489/799/1716 1518/803/1719
f 1492/806/1721 1496/808/1725 1521/807/1722
f 1495/809/1723 1499/811/1735 1500/810/1724
f 1493/797/1715 1520/812/1727 1518/803/1719
f 1497/813/1726 1522/814/1729 1520/812/1727
f 1498/815/1728 1523/820/1772 1522/814/1729
f 1519/816/1707 1521/819/1722 1494/798/1730
f 1495/809/1723 1496/808/1725 1492/806/1721
f 1494/798/1730 1498/815/1728 1497/813/1726
f 1410/640/1581 1411/654/1591 1434/817/1588
f 1521/819/1722 1523/820/1772 1498/815/1728
f 1461/742/1665 1517/876/1667 1516/692/1622
f 1503/779/1731 1504/822/1991 1502/821/1732
f 1501/778/1699 1502/821/1732 1480/782/1702
f 1482/784/1703 1504/822/1991 1503/779/1731
f 1502/821/1732 1504/822/1991 1482/784/1703
f 1500/810/1724 1523/878/1772 1521/807/1722
f 1563/721/1649 1561/548/1488 1535/823/1733
f 1452/752/1664 1455/740/1663 1453/723/1650
f 1360/551/1492 1562/656/1593 1418/541/1482
f 1520/824/1727 1522/825/1729 1499/811/1735
f 1520/824/1727 1495/809/1723 1491/791/1708
f 1820/772/1692 1481/777/1698 1479/776/1696
f 1487/794/1712 1483/773/1694 1685/827/1720
f 1474/775/1697 1480/782/1702 1512/783/1704
f 1665/830/1737 1664/831/1738 1509/748/1671
f 1474/775/1697 1510/966/1736 1594/602/1541
f 1509/748/1671 1664/831/1738 1511/747/1669
f 1664/831/1738 1663/771/1693 1821/832/1739
f 1574/592/1598 1612/899/1789 1602/833/1740
f 1532/834/1741 1330/479/1425 1329/480/1742
f 1513/835/1744 1514/836/1749 1509/748/1671
f 1448/714/1643 1506/842/1785 1514/836/1749
f 1527/706/1635 1525/844/1755 1524/843/1750
f 1589/669/1599 1615/841/1601 1610/839/1747
f 1610/839/1747 1464/840/1748 1443/724/1651
f 1662/845/1752 1661/719/1647 1584/554/1494
f 1454/732/1657 1453/733/1650 1673/846/1718
f 1356/849/1754 1376/908/1791 1355/848/1471
f 1551/696/1627 1553/868/1628 1437/850/1615
f 1525/851/1755 1695/853/1822 1529/852/1756
f 1526/854/1751 1524/843/1750 1435/694/1624
f 1443/724/1651 1464/840/1748 1526/854/1751
f 1528/856/1758 1529/852/1756 1468/762/1684
f 1554/858/1759 1334/859/1818 1712/476/1422
f 1637/861/1761 1619/913/1784 1617/860/1762
f 1704/865/1764 1708/977/1830 1378/598/1634
f 1547/743/1513 1372/571/1512 1428/866/1515
f 1525/844/1755 1553/868/1628 1551/696/1627
f 1570/528/1765 1535/823/1733 1358/869/1766
f 1362/547/1489 1538/871/1990 1540/870/1767
f 1367/563/1504 1542/873/1769 1544/872/1768
f 1670/688/1618 1674/874/1774 1542/873/1769
f 1544/872/1768 1546/573/1514 1371/580/1516
f 1539/567/1508 1549/751/1524 1374/583/1523
f 1537/729/1493 1360/551/1492 1373/584/1526
f 1556/875/1743 1329/480/1742 1331/499/1443
f 1517/876/1667 1461/742/1665 1547/743/1513
f 1660/877/1646 1506/842/1785 1566/540/1771
f 1523/878/1772 1500/810/1724 1499/811/1735
f 1559/552/1773 1359/532/1473 1417/879/1612
f 1608/700/1630 1587/765/1632 1586/763/1687
f 1540/870/1767 1538/871/1990 1451/720/1648
f 1544/872/1768 1542/873/1769 1456/736/1659
f 1674/874/1774 1540/870/1767 1454/732/1657
f 1460/745/1672 1546/573/1514 1544/872/1768
f 1463/750/1673 1549/751/1524 1539/567/1508
f 1537/729/1493 1548/582/1522 1462/753/1674
f 1616/882/1775 1620/926/1797 1622/881/1776
f 1705/885/1778 1713/970/1832 1714/884/1760
f 1554/886/1759 1699/888/1827 1711/887/1779
f 1700/890/1781 1703/971/1824 1465/889/1782
f 1639/892/1783 1618/883/1777 1619/891/1784
f 1506/842/1785 1448/714/1643 1565/880/1654
f 1562/656/1593 1417/879/1612 1652/894/1477
f 1536/715/1474 1560/550/1491 1565/880/1654
f 1564/725/1652 1563/721/1649 1447/895/1734
f 1535/823/1733 1561/548/1488 1557/549/1490
f 1536/715/1474 1359/532/1473 1559/552/1773
f 1358/869/1766 1557/549/1490 1558/658/1594
f 1614/670/1600 1609/603/1543 1508/707/1637
f 1447/895/1734 1535/823/1733 1570/528/1765
f 1600/597/1531 1572/588/1530 1573/600/1540
f 1609/603/1543 1614/670/1600 1588/671/1680
f 1665/896/1737 1666/897/1688 1611/756/1677
f 1656/898/1595 1576/586/1528 1604/587/1786
f 1473/746/1670 1589/669/1599 1596/690/1619
f 1514/836/1749 1595/837/1745 1593/766/1689
f 1514/836/1749 1506/842/1785 1592/838/1746
f 1513/835/1744 1596/690/1619 1585/649/1587
f 1569/533/1788 1571/531/1472 1598/546/1487
f 1728/553/1495 1583/716/1645 1570/528/1765
f 1612/899/1789 1574/592/1598 1575/590/1532
f 1690/730/1568 1689/605/1545 1580/900/1597
f 1384/577/1517 1424/673/1603 1582/684/1790
f 1579/666/1611 1581/674/1605 1425/680/1604
f 1425/680/1604 1581/674/1605 1578/675/1607
f 1424/673/1603 1359/532/1473 1569/533/1788
f 1582/684/1790 1569/533/1788 1597/544/1486
f 1568/535/1476 1651/537/1478 1653/903/1617
f 1615/841/1601 1614/670/1600 1466/705/1636
f 1612/899/1789 1377/855/1757 1419/905/1638
f 1606/755/1675 1465/889/1782 1467/857/1685
f 1613/678/1610 1375/679/1609 1377/855/1757
f 1419/905/1638 1377/855/1757 1438/683/1625
f 1697/906/1713 1695/907/1822 1527/706/1635
f 1378/598/1634 1376/908/1791 1599/585/1527
f 1640/909/1792 1616/882/1775 1618/883/1777
f 1638/862/1763 1617/860/1762 1616/910/1775
f 1617/860/1762 1619/913/1784 1623/912/1793
f 1623/914/1793 1622/881/1776 1626/915/1795
f 1619/891/1784 1618/883/1777 1622/881/1776
f 1617/860/1762 1621/918/1794 1620/916/1797
f 1621/918/1794 1625/1178/1802 1624/917/1798
f 1645/920/1799 1631/932/1805 1629/919/1800
f 1621/918/1794 1623/912/1793 1627/922/1796
f 1630/924/1803 1634/935/1810 1635/923/1804
f 1620/926/1797 1624/1182/1798 1626/915/1795
f 1648/927/1806 1647/929/1809 1628/928/1807
f 1645/930/1799 1648/927/1806 1630/924/1803
f 1631/932/1805 1635/940/1804 1633/931/1808
f 1647/933/1809 1646/921/1801 1629/919/1800
f 1628/936/1807 1629/919/1800 1633/931/1808
f 1637/861/1761 1638/862/1763 1641/937/1813
f 1630/924/1803 1628/928/1807 1632/938/1812
f 1639/892/1783 1637/893/1761 1642/942/1814
f 1638/862/1763 1640/911/1792 1644/943/1816
f 1530/712/1641 1532/864/1741 1643/944/1815
f 1530/712/1641 1642/1181/1814 1641/945/1813
f 1532/864/1741 1528/856/1758 1644/946/1816
f 1467/857/1685 1641/945/1813 1644/946/1816
f 1646/921/1801 1625/1178/1802 1627/922/1796
f 1648/927/1806 1645/930/1799 1627/947/1796
f 1646/921/1801 1647/933/1809 1624/917/1798
f 1368/557/1498 1426/634/1503 1427/651/1520
f 1647/929/1809 1648/927/1806 1626/915/1795
f 1639/892/1783 1643/1180/1815 1644/948/1816
f 1579/666/1611 1656/665/1595 1657/904/1787
f 1332/496/1439 1555/1190/1629 1552/949/1770
f 1442/950/1633 1440/672/1602 1328/482/1427
f 1531/951/1640 1333/477/1833 1719/494/1437
f 1702/952/1817 1698/974/1829 1355/848/1471
f 1554/953/1759 1709/978/1780 1710/485/1430
f 1653/903/1617 1657/1177/1787 1604/587/1786
f 1592/838/1746 1661/958/1647 1662/902/1752
f 1650/659/1592 1652/536/1477 1357/534/1475
f 1380/612/1552 1654/955/1596 1655/608/1547
f 1576/586/1528 1656/898/1595 1654/955/1596
f 1563/721/1649 1564/725/1652 1450/731/1656
f 1651/956/1478 1652/894/1477 1417/879/1612
f 1611/756/1677 1666/897/1688 1662/845/1752
f 1446/717/1644 1660/718/1646 1659/727/1479
f 1469/774/1695 1475/781/1701 1663/785/1693
f 1590/754/1676 1469/774/1695 1664/957/1738
f 1477/787/1705 1485/738/1661 1486/739/1819
f 1506/842/1785 1660/877/1646 1661/958/1647
f 1456/736/1659 1542/873/1769 1674/874/1774
f 1540/870/1767 1674/874/1774 1670/688/1618
f 1672/847/1753 1673/846/1718 1515/735/1623
f 1455/740/1663 1671/801/1655 1673/802/1718
f 1541/741/1510 1668/556/1497 1671/801/1655
f 1426/561/1503 1669/687/1574 1670/688/1618
f 1669/635/1574 1667/558/1573 1366/568/1509
f 1541/741/1510 1366/568/1509 1667/558/1573
f 1429/661/1575 1678/662/1577 1680/625/1565
f 1394/607/1548 1678/637/1577 1679/633/1576
f 1397/960/1507 1395/620/1560 1679/633/1576
f 1398/627/1566 1399/961/1820 1677/621/1562
f 1396/962/1506 1675/623/1563 1677/621/1562
f 1401/630/1569 1430/647/1561 1675/566/1563
f 1686/792/1709 1685/827/1720 1518/826/1719
f 1483/786/1694 1484/793/1711 1684/804/1717
f 1486/739/1819 1681/737/1660 1684/804/1717
f 1487/794/1712 1686/792/1709 1683/789/1706
f 1485/829/1661 1488/963/1821 1683/789/1706
f 1490/796/1714 1681/737/1660 1682/964/1662
f 1468/762/1684 1529/852/1756 1695/853/1822
f 1508/707/1637 1609/603/1543 1694/601/1542
f 1512/783/1704 1691/828/1700 1692/965/1691
f 1510/966/1736 1692/965/1691 1693/967/1631
f 1379/596/1537 1696/628/1567 1439/708/1613
f 1440/704/1602 1439/708/1613 1437/968/1615
f 1556/863/1743 1552/699/1770 1553/697/1628
f 1696/628/1567 1690/730/1568 1602/901/1740
f 1687/604/1544 1688/616/1558 1423/664/1550
f 1689/605/1545 1687/604/1544 1421/969/1823
f 1700/890/1781 1713/970/1832 1705/885/1778
f 1703/971/1824 1705/885/1778 1706/711/1639
f 1701/973/1826 1698/974/1829 1711/887/1779
f 1717/976/1828 1716/983/1834 1709/975/1780
f 1465/889/1782 1703/971/1824 1707/972/1825
f 1698/974/1829 1701/973/1826 1533/529/1470
f 1467/857/1685 1707/972/1825 1706/711/1639
f 1701/973/1826 1700/890/1781 1444/713/1642
f 1708/977/1830 1702/952/1817 1376/908/1791
f 1698/974/1829 1702/952/1817 1717/976/1828
f 1709/978/1780 1716/980/1834 1718/979/1831
f 1699/888/1827 1554/886/1759 1714/884/1760
f 1333/477/1833 1531/951/1640 1714/982/1760
f 1713/970/1832 1700/890/1781 1701/973/1826
f 1702/952/1817 1708/977/1830 1704/865/1764
f 1716/980/1834 1442/950/1633 1327/497/1441
f 1718/979/1831 1327/497/1441 1349/498/1442
f 1704/865/1764 1442/703/1633 1716/983/1834
f 1322/984/1436 1350/493/1426 1720/985/1438
f 1719/494/1437 1330/479/1425 1532/834/1741
f 1333/477/1833 1352/475/1421 1720/985/1438
f 1299/471/1417 1722/987/1450 1726/986/1451
f 1302/458/1405 1725/989/1455 1724/988/1448
f 1301/418/1377 1721/990/1453 1725/989/1455
f 1317/461/1409 1726/986/1451 1727/991/1444
f 1259/424/1380 1723/992/1447 1722/987/1450
f 1724/988/1448 1723/992/1447 1259/424/1380
f 955/46/1073 1755/994/1861 1753/993/1835
f 951/995/1837 1752/997/1853 1750/996/1838
f 1001/86/1110 1772/999/1872 1773/998/861
f 1735/1000/863 1734/1029/888 955/46/1073
f 1746/1001/1840 1767/217/1214 991/72/1097
f 1770/1002/1841 1771/1013/1850 995/82/1111
f 961/1003/1842 1754/1005/1849 1751/1004/1843
f 1063/1007/1845 1745/1008/1856 1746/1001/1840
f 947/1009/1846 1749/1011/1851 1747/1010/1847
f 975/1012/1836 1753/993/1835 1754/1005/1849
f 1771/1013/1850 1772/999/1872 1001/86/1110
f 965/1014/1839 1750/996/1838 1749/1011/1851
f 1769/1015/1852 1768/1039/1868 992/77/1102
f 969/1016/1844 1751/1004/1843 1752/997/1853
f 930/10/1848 1747/1010/1847 1748/1017/1854
f 1745/1008/1856 1731/1019/1865 1737/1018/1857
f 1754/1005/1849 1756/1021/1866 1736/1020/1858
f 1752/997/1853 1742/1023/1863 1738/1022/1859
f 1734/1024/888 1766/1026/890 1757/1025/1860
f 1733/1027/1862 1756/1021/1866 1754/1005/1849
f 1751/1004/1843 1736/1020/1858 1742/1023/1863
f 1750/996/1838 1738/1022/1859 1732/1028/1864
f 1732/1028/1864 1731/1019/1865 1747/1010/1847
f 936/12/1855 1748/1017/1854 1745/1008/1856
f 1766/1026/890 1764/1033/897 1733/1027/1862
f 1762/1030/894 1763/1036/900 1742/1023/1863
f 1738/1022/1859 1761/1032/896 1760/1031/895
f 1764/1033/897 1765/1035/899 1756/1021/1866
f 1732/1028/1864 1760/1031/895 1758/1034/898
f 1758/1034/898 1759/1047/911 1737/1018/1857
f 1756/1021/1866 1765/1035/899 1762/1030/894
f 1763/1036/900 1761/1032/896 1738/1022/1859
f 1757/1025/1860 1733/1027/1862 1753/993/1835
f 1770/1002/1841 1744/1038/1869 1743/1037/1867
f 1768/1039/1868 1739/1040/1875 1744/1038/1869
f 1740/1041/1870 1739/1040/1875 1768/1039/1868
f 1737/1018/1857 1741/1046/1874 1767/217/1214
f 1774/1042/1871 1775/1050/914 1773/998/861
f 1776/1043/907 1802/1045/909 1799/1044/1873
f 992/77/1102 1768/1039/1868 1770/1002/1841
f 1769/1015/1852 1767/217/1214 1741/1046/1874
f 1737/1018/1857 1759/1047/911 1776/1043/907
f 978/64/1090 1011/98/98 1012/97/97
f 1777/1048/912 1779/1052/916 1744/1038/1869
f 1797/1049/1876 1800/1057/929 1777/1048/912
f 1743/1037/1867 1780/1051/915 1775/1050/914
f 1744/1038/1869 1779/1052/916 1780/1051/915
f 1771/1013/1850 1743/1037/1867 1774/1042/1871
f 1784/58/1083 1787/39/1071 975/1012/1877
f 1783/32/1066 1786/53/1082 969/1016/1879
f 947/1009/1881 1782/55/1064 1785/34/1067
f 1786/53/1082 1784/58/1083 961/1003/1878
f 1785/34/1067 1783/32/1066 951/995/1880
f 930/10/1045 1781/30/1062 1782/55/1064
f 934/19/1057 945/25/1056 1781/30/1062
f 1157/314/1311 1134/257/1254 1198/271/1268
f 1082/176/1183 1269/378/1339 1270/366/1341
f 1361/559/1500 1558/658/1594 1557/549/1490
f 1388/619/1559 1389/626/1536 1397/960/1507
f 1729/530/1469 1567/527/1468 1568/535/1476
f 1788/1054/924 1315/464/926 1311/465/1883
f 1795/168/1175 1789/169/1176 1036/109/1120
f 1794/165/1173 1795/168/1175 1037/110/1134
f 1036/109/1120 1789/169/1176 1836/1055/1884
f 1790/166/1172 1794/165/1173 1040/127/1151
f 1791/164/1170 1796/163/1171 1039/141/1147
f 1796/163/1171 1790/166/1172 1038/144/1149
f 1792/162/1169 1791/164/1170 1035/142/1885
f 1837/1056/1174 1792/162/1169 1034/129/1135
f 1808/1058/1886 1801/1075/946 1800/1057/929
f 1798/1062/1890 1797/1049/1876 1739/1040/1875
f 1799/1044/1873 1798/1062/1890 1740/1041/1870
f 1807/1064/935 1806/1066/937 1803/1063/1888
f 1806/1066/937 1805/1072/943 1778/1065/1891
f 1803/1061/1888 1778/1077/1891 1816/1067/1892
f 1817/1068/1893 1819/1070/1895 1812/1069/1894
f 1817/1068/1893 1808/1058/1886 1797/1049/1876
f 1809/1071/942 1810/1185/1898 1778/1065/1891
f 1819/1070/1895 1814/1074/1897 1813/1073/944
f 1809/1071/942 1813/1073/944 1814/1074/1897
f 1812/1069/1894 1811/1076/947 1801/1075/946
f 1819/1070/1895 1818/1184/1896 1811/1076/947
f 1778/1077/1891 1810/1078/1898 1817/1068/1893
f 1810/1078/1898 1814/1074/1897 1819/1070/1895
f 1798/1062/1890 1815/1060/1889 1816/1067/1892
f 1807/1064/935 1804/1059/1887 1799/1044/1873
f 1804/1059/1887 1815/1060/1889 1798/1062/1890
f 1396/962/1506 1399/961/1820 1393/610/1551
f 1392/614/1555 1398/627/1566 1394/618/1548
f 1449/728/1653 1452/752/1664 1507/539/1480
f 1482/784/1703 1488/963/1821 1485/829/1661
f 1483/773/1694 1487/794/1712 1481/777/1698
f 1125/342/1899 1825/337/1283 1831/1079/1281
f 1123/300/1299 1822/335/1295 1830/1080/1286
f 1827/284/1284 1829/283/1282 1169/248/1244
f 1823/281/1280 1828/315/1314 1168/307/1306
f 1168/307/1306 1828/315/1314 1826/295/1293
f 1150/301/1901 1826/295/1293 1822/335/1295
f 1830/286/1286 1824/285/1285 1126/299/1298
f 1824/285/1285 1827/284/1284 1151/324/1900
f 1829/283/1282 1825/337/1283 1125/342/1899
f 1831/282/1281 1823/281/1280 1124/251/1248
f 1041/147/1152 1065/156/1161 1832/1082/1144
f 1789/169/1176 1064/137/1140 1832/1082/1144
f 1042/150/1155 1071/155/1160 1835/167/1162
f 1836/1055/1884 1832/1082/1144 1065/156/1161
f 1837/1056/1174 1793/1081/1902 1065/156/1161
f 1840/180/1188 1088/171/1180 1089/174/1182
f 1841/185/1191 1089/174/1182 1090/1083/951
f 1838/179/1186 1100/177/1185 1086/188/1194
f 1838/179/1186 1082/176/1183 1088/171/1180
f 1106/1084/1187 1103/1087/1189 1845/207/1207
f 1099/1086/1192 1101/1191/184 1843/1085/952
f 1103/1087/1189 1099/1086/1192 1842/212/1211
f 1847/119/1132 1024/197/1203 1022/200/200
f 1846/125/1178 1076/199/1204 1024/197/1203
f 1851/157/1177 1073/102/1116 937/104/1043
f 1850/9/9 931/17/17 939/15/1050
f 1094/206/1208 1096/211/207 1855/1088/953
f 1092/214/1212 1091/208/1209 1853/198/1202
f 1091/208/1209 1094/206/1208 1852/201/1205
f 1856/161/1168 1017/160/1167 1075/124/1131
f 1859/100/1115 1075/124/1131 1016/117/1126
f 1858/170/1179 1016/117/1126 1014/1089/954
f 1445/555/1496 1728/553/1495 1444/713/1642
f 1867/1091/1904 1862/1096/1910 1863/1090/1905
f 1868/1092/1906 1863/1090/1905 1864/1093/1907
f 1937/1095/1909 1938/1097/1983 1862/1096/1910
f 1866/1098/1912 1865/1100/1915 1860/1099/1913
f 1866/1098/1912 1861/1103/1911 1862/1096/1910
f 1861/1103/1911 1860/1099/1913 1936/1102/1916
f 1871/1104/1917 1866/1098/1912 1867/1091/1904
f 1876/1107/1920 1875/1108/1930 1870/1106/1919
f 1878/1110/1921 1873/1170/1984 1874/1109/1922
f 1877/1112/1924 1876/1107/1920 1871/1104/1917
f 1884/1113/1925 1883/1114/1928 1878/1110/1921
f 1881/1115/1926 1876/1107/1920 1877/1112/1924
f 1882/1116/1927 1877/1112/1924 1878/1110/1921
f 1880/1117/1929 1875/1108/1930 1876/1107/1920
f 1889/1118/1931 1888/1119/1934 1883/1114/1928
f 1886/1120/1932 1881/1115/1926 1882/1116/1927
f 1887/1121/1933 1882/1116/1927 1883/1114/1928
f 1885/1122/1935 1880/1117/1929 1881/1115/1926
f 1894/1123/1936 1893/1124/1939 1888/1119/1934
f 1891/1125/1937 1890/1126/1945 1885/1122/1935
f 1892/1127/1938 1887/1121/1933 1888/1119/1934
f 1898/1128/1940 1893/1124/1939 1894/1123/1936
f 1891/1125/1937 1886/1120/1932 1887/1121/1933
f 1895/1130/1942 1890/1126/1945 1891/1125/1937
f 1897/1132/1944 1892/1127/1938 1893/1124/1939
f 1896/1131/1943 1891/1125/1937 1892/1127/1938
f 1904/1133/1946 1903/1134/1948 1898/1128/1940
f 1902/1135/1947 1897/1132/1944 1898/1128/1940
f 1900/1136/1949 1895/1130/1942 1896/1131/1943
f 1902/1135/1947 1901/1137/1950 1896/1131/1943
f 1909/1138/1951 1908/1139/1952 1903/1134/1948
f 1908/1139/1952 1907/1140/1954 1902/1135/1947
f 1906/1141/1953 1905/1142/1957 1900/1136/1949
f 1907/1140/1954 1906/1141/1953 1901/1137/1950
f 1914/1143/1955 1908/1139/1952 1909/1138/1951
f 1914/1143/1955 1913/1145/1959 1907/1140/1954
f 1912/1146/1958 1911/1147/1962 1905/1142/1957
f 1913/1145/1959 1912/1146/1958 1906/1141/1953
f 1919/1148/1960 1914/1143/1955 1915/1144/1956
f 1919/1148/1960 1918/1150/1965 1913/1145/1959
f 1916/1151/1963 1911/1147/1962 1912/1146/1958
f 1918/1150/1965 1917/1152/1964 1912/1146/1958
f 1924/1153/1966 1919/1148/1960 1920/1149/1961
f 1921/1155/1968 1916/1151/1963 1917/1152/1964
f 1924/1153/1966 1923/1157/1970 1918/1150/1965
f 1923/1157/1970 1922/1156/1969 1917/1152/1964
f 1929/1158/1971 1924/1153/1966 1925/1154/1967
f 1926/1160/1973 1921/1155/1968 1922/1156/1969
f 1929/1158/1971 1928/1162/1975 1923/1157/1970
f 1928/1162/1975 1927/1161/1974 1922/1156/1969
f 1934/1163/1976 1929/1158/1971 1930/1159/1972
f 1931/1165/1978 1926/1160/1973 1927/1161/1974
f 1934/1163/1976 1933/1167/1980 1928/1162/1975
f 1933/1167/1980 1932/1166/1979 1927/1161/1974
f 1939/1168/1981 1934/1163/1976 1935/1164/1977
f 1937/1095/1909 1936/1102/1916 1931/1165/1978
f 1939/1168/1981 1938/1097/1983 1933/1167/1980
f 1938/1097/1983 1937/1095/1909 1932/1166/1979
f 1939/1168/1981 1863/1090/1905 1862/1096/1910
f 1940/1169/1982 1864/1093/1907 1863/1090/1905
f 1878/1110/1921 1877/1112/1924 1872/1105/1918
f 1872/1105/1918 1867/1091/1904 1868/1092/1906
f 1871/1104/1917 1870/1106/1919 1865/1100/1915
f 1873/1170/1984 1868/1092/1906 1869/1094/1908
