# Blender 4.2.3 LTS
# www.blender.org
mtllib peng2.mtl
o Animal
v -0.043370 -0.440923 1.221940
v 0.027015 -0.558259 1.136468
v 0.014515 -0.478388 1.262052
v 0.060185 -0.431039 1.346799
v -0.049045 -0.417302 1.218565
v 0.029418 -0.420132 1.311466
v 0.005592 -0.452826 1.274937
v -0.002950 -0.462347 1.255921
v 0.019728 -0.353557 1.389358
v 0.058293 -0.432673 1.354339
v 0.044633 -0.409405 1.374773
v 0.023792 -0.417238 1.320011
v 0.002580 -0.448375 1.275135
v -0.039068 -0.365009 1.335074
v 0.044543 -0.435553 1.328829
v -0.042081 -0.410370 1.246742
v 0.047137 -0.522595 1.276807
v 0.082604 -0.475232 1.360204
v 0.066319 -0.476981 1.340954
v 0.098509 -0.644915 1.349117
v 0.126567 -0.590515 1.428191
v 0.107883 -0.604249 1.414524
v 0.166352 -0.770135 1.445679
v 0.174431 -0.770431 1.470999
v 0.170181 -0.771876 1.459413
v 0.182562 -0.793947 1.433851
v 0.130925 -0.731806 1.406636
v 0.143528 -0.699217 1.466362
v 0.153646 -0.691094 1.482172
v 0.082011 -0.594155 1.318543
v 0.094448 -0.554156 1.381147
v 0.111058 -0.546766 1.398155
v 0.115520 -0.692919 1.378076
v 0.138543 -0.641187 1.464233
v 0.125195 -0.652065 1.446328
v 0.158652 -0.744784 1.467743
v 0.153433 -0.766405 1.436657
v 0.167313 -0.738643 1.479193
v 0.017882 -0.519499 1.238355
v 0.078481 -0.626673 1.207120
v -0.028127 -0.515208 1.167874
v 0.035535 -0.576356 1.227449
v -0.014909 -0.478492 1.225279
v 0.049642 -0.579627 1.171045
v 0.003861 -0.537494 1.193410
v 0.027003 -0.519096 1.243111
v 0.081206 -0.625466 1.210133
v 0.045470 -0.574471 1.229159
v -0.007832 -0.471912 1.230280
v 0.048215 -0.537704 1.251169
v 0.091160 -0.634221 1.213214
v 0.056371 -0.598616 1.239320
v -0.007805 -0.468404 1.238715
v 0.089733 -0.627323 1.293291
v 0.118604 -0.672077 1.251568
v 0.095386 -0.658089 1.274919
v 0.156418 -0.793935 1.383035
v 0.168981 -0.804949 1.333082
v 0.159731 -0.803140 1.351929
v 0.125374 -0.756382 1.320319
v 0.144974 -0.757457 1.295577
v 0.126049 -0.738213 1.350212
v 0.169873 -0.806731 1.378649
v 0.175271 -0.812883 1.346737
v 0.170180 -0.815020 1.359175
v -0.091793 -0.431913 1.184824
v 0.013283 -0.553749 1.104188
v -0.026048 -0.248615 1.366098
v -0.095674 -0.307385 1.318637
v -0.090517 -0.401534 1.201792
v -0.058822 -0.507269 1.132427
v -0.161513 -0.392198 1.098736
v 0.000586 -0.560981 1.052958
v -0.071387 -0.169519 1.322026
v -0.139230 -0.266044 1.267941
v -0.160746 -0.361181 1.150216
v -0.100823 -0.501058 1.061671
v 0.016284 -0.426883 1.293961
v 0.013507 -0.421144 1.297994
v -0.031567 -0.392263 1.280407
v -0.167877 -0.296665 1.199686
v -0.037711 -0.387740 1.277535
v -0.058965 -0.354548 1.301102
v -0.092909 -0.322113 1.295041
v -0.062714 -0.394617 1.244356
v -0.105035 -0.378937 1.215953
v -0.145599 -0.311982 1.229685
v -0.127559 -0.303777 1.267728
v -0.135483 -0.344585 1.211599
v -0.053701 -0.375566 1.268017
v -0.064880 -0.357199 1.280925
v -0.087293 -0.334715 1.274619
v -0.069139 -0.376667 1.250590
v -0.094967 -0.368340 1.236480
v -0.123484 -0.325654 1.234474
v -0.109907 -0.322045 1.255350
v -0.116337 -0.346584 1.227847
v -0.024596 -0.327225 1.234769
v -0.010197 -0.406890 1.336164
v -0.011776 -0.414574 1.299229
v -0.017047 -0.430003 1.273719
v -0.147310 -0.354318 1.184841
v -0.103182 -0.387690 1.205426
v -0.048795 -0.360605 1.304268
v -0.096320 -0.317612 1.298862
v -0.034401 -0.390400 1.277697
v -0.056971 -0.399764 1.238344
v -0.134777 -0.294464 1.263489
v -0.154229 -0.311942 1.220072
v -0.010999 -0.445147 1.252700
v -0.016243 -0.447375 1.258898
v -0.009564 -0.455323 1.250040
v -0.069715 -0.382620 1.253761
v -0.053446 -0.379375 1.274792
v -0.128001 -0.328189 1.236828
v -0.119240 -0.346683 1.227940
v -0.098267 -0.374844 1.239348
v -0.116894 -0.325810 1.256994
v -0.094838 -0.339366 1.280255
v -0.068296 -0.361377 1.285962
v 0.040675 -0.426346 1.331000
v -0.020823 -0.360890 1.368724
v 0.038822 -0.426290 1.340306
v -0.072791 -0.276236 1.344671
v -0.122985 -0.214160 1.298746
v 0.006948 -0.412079 1.362091
v -0.186170 -0.338694 0.935045
v -0.031571 -0.552622 0.944096
v -0.143180 0.037946 0.963076
v -0.216376 -0.103515 0.965390
v -0.220747 -0.248317 0.946914
v -0.122241 -0.479101 0.936305
v -0.233140 -0.175038 0.958369
v -0.191255 -0.021795 0.960911
v -0.197580 -0.042903 1.028201
v -0.151653 0.030450 1.053103
v -0.150582 -0.130334 1.235849
v -0.180504 -0.184289 1.202672
v -0.195744 -0.321718 1.110485
v -0.103315 -0.078509 1.258826
v -0.195487 -0.234045 1.165141
v -0.207942 -0.358756 1.026144
v -0.219365 -0.286247 1.053338
v -0.130431 -0.007587 1.179992
v -0.225096 -0.201145 1.095914
v -0.124650 -0.494112 1.007583
v -0.189855 -0.076589 1.151662
v -0.014386 -0.557045 1.002240
v -0.222698 -0.134897 1.126545
v 0.025745 -0.519150 1.244387
v 0.042549 -0.576313 1.230910
v 0.082626 -0.629513 1.211273
v -0.345679 0.094100 0.179196
v -0.377140 -0.168535 0.410061
v -0.331936 0.036606 0.142717
v -0.379845 -0.263567 0.366736
v -0.380360 0.126896 0.181501
v -0.452261 -0.170395 0.302706
v -0.360163 0.096071 0.139684
v -0.428507 -0.206129 0.272253
v -0.503794 -0.152619 0.143594
v -0.425030 0.180865 0.054367
v -0.427875 0.194426 0.114267
v -0.535693 -0.131415 0.171424
v -0.749167 -0.168096 -0.150659
v -0.643544 0.162155 -0.231322
v -0.674434 0.174687 -0.213537
v -0.774580 -0.156989 -0.136210
v -0.892192 -0.077243 -0.548777
v -0.780986 0.175657 -0.531988
v -0.803617 0.187303 -0.525546
v -0.915885 -0.066926 -0.539060
v -0.929393 0.119070 -0.827672
v -0.843793 0.230445 -0.745909
v -0.854571 0.236628 -0.740092
v -0.940835 0.124809 -0.819802
v -0.859931 0.243387 -0.797613
v -0.867595 0.248109 -0.793465
v -0.867404 -0.124003 -0.334806
v -0.840288 -0.134915 -0.346961
v -0.731517 0.156710 -0.373456
v -0.757769 0.169742 -0.362469
v -0.680007 -0.156194 0.004676
v -0.653016 -0.168186 -0.013642
v -0.544076 0.197356 -0.104537
v -0.590967 0.213413 -0.109863
v -0.387913 -0.180377 0.210670
v -0.392121 -0.081955 0.182202
v -0.439572 -0.008953 0.253220
v -0.446132 -0.012982 0.102564
v -0.499874 0.022122 0.163996
v -0.687228 -0.001012 -0.202676
v -0.737171 0.022120 -0.172888
v -0.830431 0.044361 -0.543639
v -0.874008 0.063082 -0.526380
v -0.883240 0.168689 -0.788696
v -0.904982 0.177531 -0.771728
v -0.895288 0.210505 -0.844222
v -0.904036 0.214541 -0.837359
v -0.776439 0.008034 -0.364007
v -0.601658 0.004621 -0.078490
v -0.397451 -0.008318 0.315195
v -0.826627 0.030018 -0.343686
v -0.655876 0.030419 -0.042494
v -0.354286 -0.070844 0.134781
v -0.367012 0.031458 0.138108
v -0.406886 0.094865 0.211148
v -0.423621 0.109065 0.065382
v -0.471487 0.154966 0.116592
v -0.653161 0.110225 -0.223407
v -0.698337 0.130111 -0.197400
v -0.790113 0.134989 -0.539507
v -0.827485 0.151647 -0.525793
v -0.851593 0.214610 -0.764524
v -0.870308 0.223293 -0.751962
v -0.740426 0.109217 -0.372598
v -0.563500 0.129769 -0.111105
v -0.370555 0.085215 0.241703
v -0.782861 0.128444 -0.354547
v -0.601794 0.166501 -0.064776
v -0.835172 0.212183 -0.648215
v -0.939002 0.011446 -0.698032
v -0.817874 0.202904 -0.654729
v -0.920471 0.003273 -0.705930
v -0.865801 0.099193 -0.684651
v -0.900098 0.113835 -0.668211
v -0.827942 0.172145 -0.669222
v -0.857025 0.185232 -0.655642
v -0.332093 0.080926 0.152194
v -0.364767 -0.232130 0.420914
v -0.362004 0.123054 0.155813
v -0.439101 -0.213129 0.304407
v -0.407669 0.198977 0.092242
v -0.516487 -0.167162 0.169367
v -0.652013 0.178823 -0.226978
v -0.763537 -0.188132 -0.139944
v -0.785006 0.189928 -0.529233
v -0.909115 -0.091629 -0.547582
v -0.842503 0.237225 -0.739502
v -0.939182 0.113568 -0.831782
v -0.859871 0.252041 -0.802275
v -0.737276 0.173103 -0.370313
v -0.856502 -0.151804 -0.341117
v -0.567223 0.219611 -0.124372
v -0.669601 -0.189621 0.003125
v -0.897739 0.223639 -0.857884
v -0.935004 -0.008899 -0.707529
v -0.819385 0.214060 -0.650228
v -0.445170 0.256109 0.035244
v -0.476628 0.242163 -0.013932
v -0.511638 0.231417 0.023066
v -0.461896 0.254253 0.050287
v -0.525909 0.260024 -0.036573
v -0.508581 0.262317 -0.050689
v -0.583424 -0.161624 0.063457
v -0.481502 0.199423 -0.021608
v -0.612095 -0.146166 0.087841
v -0.527736 0.008751 0.023084
v -0.579681 0.035027 0.074178
v -0.495473 0.135589 -0.015763
v -0.542559 0.164115 0.036348
v -0.595525 -0.179202 0.086997
v -0.490535 0.270848 0.006188
v -0.474893 0.272669 -0.007446
v -0.201331 -0.356842 0.800578
v -0.053716 -0.587198 0.828320
v -0.115937 0.054915 0.785477
v -0.220382 -0.239557 0.797762
v -0.148269 -0.500031 0.812919
v -0.213901 -0.143897 0.791543
v -0.174433 -0.012991 0.790052
v -0.335935 -0.319266 0.459627
v -0.163120 -0.601658 0.395753
v -0.131558 0.140216 0.628585
v -0.308942 -0.225400 0.527091
v -0.292700 -0.482600 0.420909
v -0.304232 -0.117889 0.525061
v -0.228133 0.065624 0.597856
v -0.418660 -0.022397 -0.244641
v -0.205888 -0.355005 -0.385375
v -0.141755 0.536002 0.006009
v -0.360788 0.296304 -0.068456
v -0.392932 0.150334 -0.175414
v -0.378280 -0.209893 -0.337069
v -0.292364 0.418308 -0.046373
v -0.189865 0.011101 0.707979
v -0.110496 -0.615446 0.636525
v -0.209812 -0.508061 0.640761
v -0.115633 0.080455 0.718096
v -0.247372 -0.135344 0.680190
v -0.253339 -0.355371 0.658201
v -0.261749 -0.243157 0.678318
v -0.331614 0.360453 -0.861403
v -0.064164 0.056193 -1.066782
v -0.149723 0.823322 -0.645278
v -0.310387 0.668718 -0.715054
v -0.340344 0.479655 -0.802902
v -0.130605 -0.479158 0.879466
v -0.182453 -0.342713 0.873095
v -0.213030 -0.237076 0.875682
v -0.208212 -0.145403 0.886905
v -0.181100 -0.022754 0.874676
v -0.129004 0.046802 0.872249
v -0.037668 -0.558682 0.893604
v -0.382552 -0.362876 -0.030270
v -0.394869 -0.151189 0.056480
v -0.333213 0.067307 0.107922
v -0.335420 0.121309 0.216149
v -0.254226 0.290538 0.221848
v -0.139032 0.386167 0.262444
v -0.214595 -0.488760 -0.070317
v -0.375511 -0.432738 0.140825
v -0.206372 -0.547818 0.101468
v -0.395624 -0.270117 0.221619
v -0.246716 0.186498 0.414836
v -0.320313 0.016387 0.351502
v -0.142490 0.268030 0.451396
v -0.232182 0.682611 -1.088761
v -0.049814 0.275204 -1.188703
v -0.082246 0.945734 -0.987858
v -0.184929 0.837611 -1.032724
v -0.265804 0.465689 -1.095267
v -0.128397 -0.055684 -0.844411
v -0.322265 0.011364 -0.658730
v -0.162469 0.712572 -0.324324
v -0.346522 0.492769 -0.389456
v -0.393073 0.156882 -0.571738
v -0.383991 0.305787 -0.510805
v -0.239779 0.783574 -1.242334
v -0.160997 0.472518 -1.223485
v -0.105992 1.030925 -1.223652
v -0.255065 0.555478 -1.219399
v -0.167036 0.418604 -1.170681
v -0.182801 0.929036 -1.247169
v -0.280699 0.160715 -1.120107
v -0.307991 0.233812 -1.156528
v -0.128469 0.260047 -1.194548
v -0.113260 0.188271 -1.145293
v -0.190996 0.314828 -1.214359
v -0.265537 0.303823 -1.203305
v -0.154334 0.134653 -1.116161
v -0.221287 0.133226 -1.103366
v -0.298216 0.193434 -1.263108
v -0.282431 0.245558 -1.289899
v -0.105007 0.246721 -1.302414
v -0.108512 0.181326 -1.274073
v -0.150090 0.294920 -1.314256
v -0.219685 0.292213 -1.312141
v -0.152581 0.119109 -1.238374
v -0.226995 0.121726 -1.238930
v -0.354891 0.135732 -0.956190
v -0.075061 0.131184 -1.116568
v -0.154481 0.059571 -1.059054
v -0.263667 0.069862 -1.013546
v -0.200718 0.397044 -1.172413
v -0.305074 0.392156 -1.108444
v -0.086991 0.267656 -1.171814
v -0.363106 0.259608 -1.000206
v -0.350560 0.142574 -1.094368
v -0.071635 0.163809 -1.156094
v -0.141618 0.078624 -1.110890
v -0.298755 0.229905 -1.203423
v -0.247171 0.301476 -1.237230
v -0.221951 0.129735 -1.175745
v -0.295009 0.182726 -1.173366
v -0.113151 0.198200 -1.188967
v -0.119090 0.251957 -1.227135
v -0.161546 0.140610 -1.161191
v -0.178217 0.309043 -1.239481
v -0.261770 0.062542 -1.445429
v -0.263846 0.088099 -1.341781
v -0.292359 0.045659 -1.367644
v -0.332018 -0.146904 -1.367348
v -0.316902 -0.165912 -1.343243
v -0.319223 -0.117953 -1.433668
v -0.352637 -0.217173 -1.427426
v -0.339481 -0.234510 -1.372933
v -0.328991 -0.241170 -1.359425
v -0.338919 -0.243300 -1.411591
v -0.339958 -0.247005 -1.382935
v -0.329605 -0.254868 -1.368702
v -0.334823 -0.253893 -1.402173
v -0.334001 -0.283694 -1.384979
v -0.335298 -0.276561 -1.409418
v -0.339216 -0.311213 -1.410243
v -0.338301 -0.301344 -1.425523
v -0.341314 -0.324476 -1.429675
v -0.340122 -0.316588 -1.438042
v -0.336562 -0.246018 -1.430884
v -0.335751 -0.254019 -1.422078
v -0.308634 0.080745 -1.440214
v -0.296197 0.102641 -1.348140
v -0.343138 0.118101 -1.429558
v -0.325167 0.131532 -1.351104
v -0.350004 0.123667 -1.383681
v -0.390387 -0.072488 -1.377964
v -0.409617 -0.076381 -1.354620
v -0.449337 -0.046473 -1.369570
v -0.435647 -0.062906 -1.351521
v -0.379886 -0.054131 -1.430350
v -0.451004 -0.024739 -1.426980
v -0.418197 -0.100580 -1.375406
v -0.431935 -0.102259 -1.356277
v -0.461363 -0.077195 -1.367422
v -0.451762 -0.090682 -1.352869
v -0.424128 -0.096008 -1.424061
v -0.466714 -0.072225 -1.422271
v -0.447885 -0.111379 -1.409699
v -0.469205 -0.097184 -1.408916
v -0.449667 -0.120530 -1.383643
v -0.458458 -0.122081 -1.370173
v -0.474472 -0.100459 -1.381286
v -0.469789 -0.112706 -1.369076
v -0.458870 -0.117103 -1.402539
v -0.473971 -0.104497 -1.401654
v -0.480204 -0.136638 -1.388139
v -0.487012 -0.130629 -1.387816
v -0.477330 -0.128527 -1.407030
v -0.486347 -0.120422 -1.406596
v -0.500062 -0.150969 -1.410664
v -0.504553 -0.146775 -1.410625
v -0.495414 -0.141827 -1.422822
v -0.501449 -0.136127 -1.422724
v -0.509695 -0.157196 -1.427196
v -0.512407 -0.154624 -1.427211
v -0.505784 -0.150186 -1.434242
v -0.509421 -0.146712 -1.434247
v -0.448880 -0.109611 -1.427415
v -0.467679 -0.099059 -1.426990
v -0.456669 -0.113710 -1.419723
v -0.471124 -0.104186 -1.419369
v -0.312655 0.005845 -1.403008
v -0.331590 -0.117810 -1.401364
v -0.344442 -0.232905 -1.397251
v -0.354477 0.128328 -1.409250
v -0.368588 -0.061665 -1.412547
v -0.465617 -0.021568 -1.403766
v -0.407740 -0.096254 -1.404591
v -0.472331 -0.062071 -1.397814
v -0.335300 -0.066614 -1.432195
v -0.336222 -0.066124 -1.420194
v -0.338916 -0.277797 -1.395528
v -0.341039 -0.305737 -1.417511
v -0.341695 -0.322017 -1.435862
v -0.475484 -0.134516 -1.396081
v -0.489092 -0.122488 -1.395393
v -0.496341 -0.148075 -1.416386
v -0.504894 -0.140032 -1.416295
v -0.508305 -0.154922 -1.432136
v -0.512184 -0.151229 -1.432157
v -0.179229 0.194343 -1.444426
v -0.200648 0.240465 -1.443394
v -0.208833 0.261953 -1.411170
v -0.267997 0.169690 -1.434812
v -0.286913 0.201265 -1.406271
v -0.279833 0.220942 -1.383415
v -0.199434 0.136026 -1.442868
v -0.305471 0.154895 -1.319586
v -0.181401 0.037874 -1.444278
v -0.190654 0.064681 -1.341949
v -0.185216 -0.009247 -1.360387
v -0.245286 -0.175369 -1.367110
v -0.263496 -0.182863 -1.343229
v -0.233078 -0.145291 -1.433587
v -0.267809 -0.241925 -1.427404
v -0.279866 -0.253223 -1.373573
v -0.297918 -0.251034 -1.359507
v -0.291030 -0.258499 -1.411583
v -0.289017 -0.266644 -1.382846
v -0.305485 -0.262524 -1.368742
v -0.300620 -0.264748 -1.402176
v -0.318890 -0.288490 -1.384967
v -0.313593 -0.283449 -1.409396
v -0.330845 -0.313870 -1.410236
v -0.325745 -0.305329 -1.425511
v -0.336932 -0.325867 -1.429671
v -0.333237 -0.318772 -1.438039
v -0.294520 -0.259360 -1.430845
v -0.299912 -0.265393 -1.422046
v -0.135019 0.018717 -1.438980
v -0.153262 0.051712 -1.341450
v -0.096600 0.025355 -1.429016
v -0.114595 0.064811 -1.344757
v -0.089582 0.046454 -1.373296
v -0.144763 -0.150002 -1.377829
v -0.135311 -0.163572 -1.356218
v -0.083788 -0.163431 -1.370126
v -0.105178 -0.168027 -1.353182
v -0.148631 -0.129700 -1.430384
v -0.074215 -0.155606 -1.426521
v -0.138242 -0.188245 -1.373599
v -0.130351 -0.197162 -1.356134
v -0.089847 -0.194553 -1.369157
v -0.106546 -0.199448 -1.353924
v -0.139462 -0.186919 -1.423373
v -0.080415 -0.198831 -1.422896
v -0.128948 -0.212656 -1.408575
v -0.095503 -0.215124 -1.408779
v -0.127622 -0.221940 -1.381988
v -0.121144 -0.228421 -1.368398
v -0.093755 -0.220926 -1.381257
v -0.105171 -0.227722 -1.368105
v -0.117307 -0.224878 -1.401505
v -0.095846 -0.223875 -1.401452
v -0.112500 -0.252960 -1.386554
v -0.103229 -0.252054 -1.386473
v -0.109693 -0.244841 -1.405762
v -0.097213 -0.243546 -1.405635
v -0.105546 -0.276137 -1.410127
v -0.099399 -0.275319 -1.410105
v -0.103759 -0.266068 -1.422293
v -0.095408 -0.264929 -1.422226
v -0.101412 -0.286764 -1.426814
v -0.097690 -0.286234 -1.426823
v -0.100445 -0.278819 -1.433865
v -0.095434 -0.278089 -1.433859
v -0.120202 -0.213408 -1.426502
v -0.097979 -0.215840 -1.426549
v -0.116520 -0.221134 -1.418714
v -0.098612 -0.221870 -1.418827
v -0.169984 -0.044015 -1.396208
v -0.222081 -0.149674 -1.407027
v -0.268665 -0.256011 -1.394284
v -0.078733 0.026434 -1.411120
v -0.164229 -0.126969 -1.413403
v -0.059888 -0.161214 -1.402989
v -0.153871 -0.177488 -1.404117
v -0.069764 -0.194020 -1.399154
v -0.190907 -0.113065 -1.432052
v -0.189957 -0.113204 -1.419968
v -0.311401 -0.286529 -1.395504
v -0.326122 -0.310471 -1.417496
v -0.335163 -0.324090 -1.435857
v -0.114945 -0.248548 -1.394532
v -0.096313 -0.246747 -1.394349
v -0.106823 -0.271650 -1.415837
v -0.095029 -0.270060 -1.415786
v -0.101194 -0.284119 -1.431757
v -0.095862 -0.283349 -1.431766
v -0.141663 0.225409 -1.447989
v -0.121188 0.252826 -1.416666
v -0.135565 0.111258 -1.437477
v -0.106301 0.130846 -1.423014
v -0.111628 0.158340 -1.359979
v -0.104392 0.165328 -1.377461
v -0.120444 0.093509 -1.317229
v -0.149364 0.096826 -1.299600
v -0.102119 0.156170 -1.333853
v -0.224346 0.071388 -1.334367
v -0.218563 0.050819 -1.445781
v -0.291418 -0.178065 -1.335504
v -0.280795 -0.145908 -1.438278
v -0.307795 -0.228892 -1.435696
v -0.313803 -0.247159 -1.354353
v -0.316883 -0.256767 -1.411522
v -0.317923 -0.259847 -1.364113
v -0.318296 -0.261094 -1.405925
v -0.326938 -0.287597 -1.381478
v -0.324318 -0.279623 -1.412978
v -0.335637 -0.314401 -1.408252
v -0.331767 -0.302556 -1.427788
v -0.339755 -0.327116 -1.431250
v -0.337070 -0.318888 -1.440171
v -0.315972 -0.254018 -1.432979
v -0.318567 -0.261968 -1.422074
v -0.339624 -0.326740 -1.440864
v -0.167467 0.244811 -1.440532
v -0.164240 0.284145 -1.374665
v -0.161790 0.271020 -1.403920
v -0.222332 0.107138 -1.287271
v -0.212994 0.272042 -1.382192
v -0.126158 0.257304 -1.375575
v -0.325779 -0.201078 -1.345168
v -0.341236 -0.185674 -1.366920
v -0.343689 -0.171440 -1.432091
v -0.295289 -0.190460 -1.438122
v -0.302336 -0.211847 -1.338025
v -0.355021 -0.171197 -1.397252
v -0.276916 -0.216592 -1.345367
v -0.257764 -0.212813 -1.367616
v -0.248103 -0.199606 -1.432048
v -0.238576 -0.202881 -1.401265
v -0.299231 -0.107390 -1.354564
v -0.313724 -0.089181 -1.376489
v -0.298967 -0.067453 -1.432952
v -0.273242 -0.120259 -1.342778
v -0.263401 -0.092196 -1.434650
v -0.414075 -0.015359 -1.354482
v -0.430209 0.001948 -1.373013
v -0.429814 0.023189 -1.420276
v -0.369510 -0.008056 -1.427743
v -0.365406 -0.028888 -1.376272
v -0.384499 -0.031123 -1.355576
v -0.319697 -0.059491 -1.401481
v -0.344267 -0.024039 -1.402284
v -0.446614 0.026107 -1.398797
v -0.327424 -0.033992 -1.408274
v -0.326749 -0.032510 -1.430180
v -0.244285 -0.124783 -1.345473
v -0.228748 -0.117301 -1.366609
v -0.219901 -0.092545 -1.432846
v -0.099654 -0.117155 -1.351540
v -0.075636 -0.114333 -1.367918
v -0.074270 -0.104977 -1.422350
v -0.135629 -0.085378 -1.427092
v -0.142202 -0.100552 -1.371079
v -0.132584 -0.112292 -1.352529
v -0.206926 -0.096912 -1.401866
v -0.159577 -0.083323 -1.400711
v -0.060810 -0.110759 -1.399586
v -0.179833 -0.080729 -1.408163
v -0.179091 -0.078562 -1.430031
v -0.276941 0.008580 -1.443243
v -0.236635 -0.009283 -1.444522
v -0.336384 0.061226 -1.359266
v -0.369024 0.079473 -1.356572
v -0.382704 0.083892 -1.373775
v -0.398737 0.081814 -1.405223
v -0.314001 0.030338 -1.439469
v -0.321319 0.043251 -1.376005
v -0.194271 -0.019797 -1.442674
v -0.135871 -0.032003 -1.349595
v -0.101001 -0.037278 -1.347135
v -0.077262 -0.038684 -1.367143
v -0.064815 -0.039659 -1.402881
v -0.155335 -0.026679 -1.438587
v -0.156296 -0.038690 -1.368448
v -0.385974 0.074579 -1.427453
v -0.345722 0.048867 -1.436706
v -0.083548 -0.038123 -1.423629
v -0.125000 -0.033028 -1.433528
v -0.095447 0.089344 -1.344184
v -0.103604 0.078071 -1.341978
v -0.091130 0.092290 -1.336514
v -0.100120 0.082366 -1.333695
v -0.092601 0.085069 -1.346050
v -0.099079 0.075733 -1.345430
v -0.087737 0.086080 -1.339909
v -0.094712 0.077800 -1.338901
v -0.089808 0.081640 -1.347657
v -0.094014 0.074735 -1.348705
v -0.085226 0.081969 -1.343078
v -0.089723 0.075258 -1.343961
v -0.083969 0.079273 -1.350007
v -0.084777 0.075701 -1.352107
v -0.081326 0.078823 -1.347694
v -0.082210 0.075436 -1.349618
v -0.079553 0.079866 -1.351666
v -0.079508 0.077725 -1.353398
v -0.077798 0.079502 -1.350053
v -0.077802 0.077446 -1.351667
v -0.075495 0.079986 -1.352748
v -0.100578 0.080693 -1.332041
v -0.105534 0.076123 -1.343502
v -0.088939 0.093529 -1.333897
v -0.094563 0.090910 -1.345568
v -0.110076 0.073693 -1.339729
v -0.110636 0.087292 -1.322985
v -0.103186 0.112620 -1.328478
v -0.102834 0.107024 -1.344724
v -0.085664 0.074710 -1.347415
v -0.089197 0.074862 -1.350851
v -0.087020 0.080035 -1.348820
v -0.083345 0.079684 -1.345539
v -0.342030 -0.232923 -1.383427
v -0.339325 -0.178533 -1.386224
v -0.306192 -0.077956 -1.391681
v -0.322410 -0.133507 -1.389372
v -0.300318 0.014068 -1.388758
v -0.384675 -0.059640 -1.396491
v -0.418918 -0.091943 -1.389725
v -0.360209 -0.020260 -1.389899
v -0.320994 0.024838 -1.391109
v -0.275838 -0.255958 -1.382636
v -0.253689 -0.209028 -1.387939
v -0.240591 -0.162672 -1.389394
v -0.223198 -0.106276 -1.384066
v -0.178675 -0.031028 -1.379879
v -0.141799 -0.184703 -1.389564
v -0.146194 -0.139112 -1.397160
v -0.144994 -0.091025 -1.386028
v -0.159579 -0.038587 -1.384025
v -0.332452 -0.254791 -1.400657
v -0.317685 -0.261110 -1.404085
v -0.337054 -0.249027 -1.383390
v -0.327935 -0.256098 -1.370602
v -0.301960 -0.264468 -1.400662
v -0.306446 -0.262918 -1.370636
v -0.291963 -0.266284 -1.383317
v -0.317544 -0.260586 -1.366471
v -0.472762 -0.103884 -1.382443
v -0.469001 -0.113223 -1.373204
v -0.472190 -0.106715 -1.397752
v -0.453173 -0.119221 -1.384184
v -0.460046 -0.120395 -1.374008
v -0.460282 -0.116349 -1.398442
v -0.105983 -0.227954 -1.371589
v -0.096021 -0.222423 -1.382166
v -0.098528 -0.224682 -1.398219
v -0.118727 -0.228526 -1.371807
v -0.123853 -0.223334 -1.382657
v -0.115651 -0.225504 -1.398250
v -0.449127 -0.033383 -1.385806
v -0.460595 -0.068373 -1.381236
v -0.431054 0.013418 -1.383301
v -0.392978 0.073852 -1.386070
v -0.085599 -0.195619 -1.385641
v -0.080355 -0.163271 -1.388053
v -0.072950 -0.111862 -1.383343
v -0.072076 -0.040757 -1.384670
v -0.100260 0.157985 -1.395882
v -0.354153 0.121516 -1.391853
v -0.081862 0.032272 -1.391712
v -0.265268 0.072470 -1.329013
v -0.224467 0.074561 -1.294243
v -0.189513 0.046984 -1.330152
v -0.228275 0.056671 -1.325095
v -0.303495 0.096868 -1.336820
v -0.155809 0.040907 -1.331279
v -0.305400 0.123772 -1.321636
v -0.157027 0.062099 -1.303258
v -0.130438 0.067305 -1.317168
v -0.127016 0.052755 -1.332822
v -0.322409 0.116813 -1.340748
v -0.254689 0.121727 -1.293768
v -0.251064 0.135834 -1.243496
v -0.257945 0.089808 -1.299068
v -0.195226 0.118028 -1.240125
v -0.186010 0.065938 -1.297581
v -0.184239 0.098974 -1.290114
v -0.274649 0.156889 -1.165752
v -0.281234 0.135078 -1.304375
v -0.286135 0.111876 -1.312285
v -0.281716 0.160273 -1.248838
v -0.121375 0.138652 -1.253509
v -0.133007 0.159776 -1.166799
v -0.165417 0.013188 -0.967871
v -0.303454 0.427276 -1.082474
v -0.351975 0.289633 -0.897802
v -0.360725 0.129899 -0.809651
v -0.285644 0.036712 -0.888015
v -0.189741 0.406601 -1.164911
v -0.069276 0.253156 -1.171665
v -0.213515 -0.006086 -1.346752
v -0.271230 0.024450 -1.347307
v -0.241053 0.005071 -1.338647
v 0.035326 -0.443086 1.263345
v 0.074252 -0.511165 1.286779
v 0.163243 -0.746660 1.436680
v 0.135392 -0.682306 1.386835
v 0.021919 -0.411782 1.211653
v 0.098125 -0.585242 1.328796
v 0.108305 -0.623924 1.278679
v 0.076450 -0.535048 1.249079
v 0.038627 -0.460811 1.222246
v 0.116169 -0.636952 1.357784
v 0.162155 -0.781141 1.358520
v 0.139368 -0.731626 1.335182
v 0.000036 -0.452125 1.249843
v -0.021326 -0.421937 1.216435
v 0.023662 -0.475306 1.261866
v 0.009750 -0.458358 1.255402
v 0.055885 -0.520495 1.275948
v 0.086701 -0.593035 1.318090
v 0.120321 -0.691757 1.377621
v 0.103285 -0.643768 1.348659
v 0.161738 -0.764391 1.435875
v 0.139240 -0.729781 1.405890
v 0.166903 -0.770719 1.443917
v 0.150498 -0.717387 1.412893
v 0.170039 -0.764067 1.440217
v 0.010307 -0.463508 1.238984
v 0.097716 -0.623312 1.292600
v 0.055766 -0.536185 1.252894
v 0.133049 -0.734301 1.349180
v 0.162921 -0.793741 1.384668
v 0.170958 -0.799509 1.383512
v 0.172232 -0.794646 1.371018
v 0.110737 -0.601017 1.305636
v 0.025061 -0.456237 1.301121
v 0.053158 -0.500326 1.312135
v 0.095723 -0.630684 1.375637
v 0.135054 -0.720965 1.429497
v 0.082286 -0.580716 1.342169
v 0.116941 -0.678739 1.404034
v 0.154079 -0.758805 1.448975
v -0.065012 -0.387327 1.246944
v -0.137828 -0.315243 1.229573
v -0.097265 -0.328550 1.286448
v -0.064430 -0.356999 1.294050
v -0.044463 -0.381675 1.277003
v -0.127224 -0.340318 1.218323
v -0.101880 -0.374582 1.229253
v -0.124808 -0.313366 1.257252
v 0.111864 -0.613986 1.293223
v 0.083457 -0.548906 1.259165
v 0.061268 -0.483610 1.231839
v 0.090009 -0.545124 1.270117
v 0.064829 -0.486384 1.237536
v 0.125860 -0.650705 1.312867
v 0.126475 -0.647212 1.329921
v 0.148300 -0.702248 1.337375
v 0.149088 -0.702489 1.347464
v 0.083151 -0.547709 1.265103
v 0.107138 -0.605314 1.298832
v 0.121772 -0.649091 1.323615
v 0.147213 -0.702775 1.344756
v -0.153823 -0.177570 -1.404124
v -0.153831 -0.177517 -1.404105
v -0.802448 -0.149936 -0.257031
v -0.696525 0.159192 -0.309438
v -0.828273 -0.138937 -0.242600
v -0.724658 0.171997 -0.294822
v -0.742390 0.003956 -0.292403
v -0.790666 0.026454 -0.264271
v -0.706244 0.109691 -0.305499
v -0.749339 0.129214 -0.282662
v -0.817274 -0.168252 -0.248654
v -0.703358 0.175709 -0.305701
v -0.057995 -0.383155 1.265567
v -0.056719 -0.378951 1.260965
v -0.057310 -0.366314 1.276812
v -0.057898 -0.369986 1.281888
v -0.047798 -0.386181 1.267647
v -0.049632 -0.372682 1.284758
v -0.221743 -0.138521 1.107180
v -0.194022 -0.062000 1.114146
v -0.143627 0.017453 1.117096
v -0.114469 -0.046773 1.224412
v -0.194625 -0.173710 1.180262
v -0.162654 -0.108696 1.204594
v -0.105926 -0.239884 1.318293
v -0.048890 -0.209009 1.346074
v 0.033023 -0.386732 1.385777
v -0.009913 -0.384511 1.368825
v -0.087872 -0.126724 1.292798
v -0.142033 -0.166711 1.265197
v -0.169852 -0.212040 1.220893
v -0.085534 -0.316830 1.325634
v -0.004323 -0.296556 1.380824
v -0.050037 -0.309033 1.358148
v -0.076398 -0.349045 1.280805
v -0.057210 -0.322418 1.307488
v -0.032921 -0.292766 1.312374
v -0.010844 -0.269223 1.302776
v 0.007464 -0.250655 1.289981
v -0.070727 -0.354892 1.280045
v -0.040436 -0.339754 1.304529
v -0.009053 -0.316411 1.308054
v 0.014898 -0.295557 1.298352
v 0.032712 -0.277772 1.285941
v -0.066945 -0.361490 1.276408
v -0.028361 -0.357789 1.293963
v 0.007890 -0.341840 1.293115
v 0.031808 -0.323775 1.282804
v 0.049850 -0.306667 1.269986
v -0.065508 -0.367386 1.270738
v -0.024484 -0.374851 1.277717
v 0.012630 -0.365307 1.271015
v 0.038305 -0.349711 1.257912
v -0.066688 -0.371865 1.263770
v -0.027635 -0.387427 1.258009
v 0.008636 -0.382755 1.243496
v 0.032970 -0.369680 1.227068
v 0.051057 -0.353416 1.213696
v -0.070292 -0.374183 1.256634
v -0.037840 -0.393996 1.237717
v -0.005159 -0.391847 1.215286
v 0.016746 -0.379653 1.195505
v 0.035012 -0.363737 1.182057
v -0.075783 -0.373997 1.250453
v -0.053485 -0.393535 1.220117
v -0.027226 -0.390891 1.188957
v -0.006541 -0.378177 1.169087
v 0.011826 -0.362384 1.154807
v -0.082330 -0.371366 1.246132
v -0.072059 -0.386131 1.207424
v -0.052045 -0.380066 1.172187
v -0.033392 -0.366373 1.149233
v -0.016242 -0.350156 1.134123
v -0.088920 -0.366708 1.244241
v -0.090788 -0.372853 1.201925
v -0.077439 -0.362273 1.165118
v -0.062322 -0.346448 1.140701
v -0.046266 -0.329722 1.125249
v -0.094547 -0.360704 1.245090
v -0.106845 -0.355666 1.204591
v -0.100547 -0.338720 1.168892
v -0.087842 -0.320943 1.145092
v -0.072625 -0.303722 1.129539
v -0.083885 -0.359103 1.263670
v -0.098364 -0.354257 1.248603
v -0.117758 -0.337241 1.214838
v -0.116125 -0.313001 1.183154
v -0.105111 -0.292849 1.160479
v -0.090635 -0.274664 1.145602
v -0.099797 -0.348351 1.254270
v -0.121840 -0.320404 1.231030
v -0.121825 -0.289657 1.205599
v -0.111943 -0.266746 1.185096
v -0.097363 -0.247737 1.171111
v -0.098623 -0.343883 1.261220
v -0.118478 -0.307729 1.250715
v -0.117204 -0.272048 1.232935
v -0.107183 -0.246857 1.215494
v -0.092177 -0.227607 1.202132
v -0.095010 -0.341529 1.268376
v -0.108200 -0.301142 1.270932
v -0.103723 -0.262866 1.261459
v -0.092198 -0.236366 1.247474
v -0.076143 -0.217070 1.234276
v -0.089499 -0.341617 1.274664
v -0.092887 -0.301627 1.288800
v -0.084391 -0.263619 1.287165
v -0.070398 -0.237150 1.275923
v -0.052015 -0.217890 1.262269
v -0.082994 -0.344384 1.278925
v -0.075508 -0.309295 1.301851
v -0.059934 -0.274142 1.305370
v -0.040726 -0.248455 1.294822
v -0.022110 -0.229711 1.281887
v -0.243667 0.074989 -1.102285
v -0.089935 0.280344 -1.186731
v -0.293154 0.348383 -1.162317
v -0.364229 0.250986 -1.118773
v -0.190654 0.377978 -1.185041
v 0.186204 -0.384346 1.203890
v 0.072334 -0.339783 1.393958
v 0.159612 -0.526659 1.127488
v 0.161428 -0.443040 1.247818
v 0.086013 -0.402048 1.380237
v 0.115580 -0.417713 1.341428
v 0.180466 -0.361614 1.198145
v 0.131122 -0.395665 1.301605
v 0.160051 -0.415667 1.259962
v 0.168330 -0.421136 1.239334
v 0.123660 -0.328559 1.379288
v 0.119340 -0.417986 1.348420
v 0.124498 -0.390191 1.367029
v 0.136284 -0.390176 1.309105
v 0.160703 -0.410336 1.259805
v 0.170034 -0.314790 1.314870
v 0.089613 -0.424661 1.361254
v 0.089485 -0.428133 1.351315
v 0.128019 -0.415470 1.320735
v 0.177071 -0.357756 1.225570
v 0.155541 -0.496515 1.266296
v 0.118346 -0.466633 1.356738
v 0.101930 -0.473264 1.367686
v 0.129870 -0.461692 1.334792
v 0.178930 -0.625567 1.341319
v 0.144252 -0.586261 1.426476
v 0.135121 -0.584499 1.434012
v 0.164289 -0.590679 1.409055
v 0.193638 -0.763570 1.443034
v 0.191312 -0.766370 1.469362
v 0.182899 -0.767479 1.472759
v 0.193572 -0.766249 1.457145
v 0.188057 -0.792625 1.433318
v 0.186507 -0.798563 1.432834
v 0.200225 -0.715133 1.399917
v 0.185370 -0.689151 1.462305
v 0.175738 -0.685779 1.480030
v 0.164788 -0.686624 1.486583
v 0.164909 -0.574212 1.310506
v 0.147382 -0.541421 1.376014
v 0.132624 -0.541577 1.396064
v 0.122404 -0.543235 1.405235
v 0.190967 -0.674767 1.370761
v 0.163178 -0.635260 1.461844
v 0.176495 -0.639724 1.441354
v 0.150632 -0.634802 1.469164
v 0.192947 -0.736533 1.464418
v 0.175879 -0.734116 1.483136
v 0.201607 -0.754815 1.431986
v 0.184690 -0.734462 1.477508
v 0.171466 -0.481266 1.227238
v 0.164299 -0.605303 1.200929
v 0.196740 -0.460300 1.151935
v 0.181102 -0.540106 1.216948
v 0.179209 -0.430282 1.210916
v 0.161022 -0.552107 1.163100
v 0.186048 -0.492125 1.180267
v 0.163954 -0.484993 1.233231
v 0.161762 -0.605406 1.204322
v 0.171770 -0.543020 1.220048
v 0.170658 -0.427579 1.217082
v 0.155187 -0.511066 1.243452
v 0.157563 -0.617686 1.208424
v 0.174883 -0.569104 1.230771
v 0.170177 -0.424211 1.225517
v 0.166417 -0.608227 1.287759
v 0.156428 -0.662658 1.248839
v 0.173350 -0.638674 1.269294
v 0.198019 -0.783576 1.380034
v 0.185425 -0.800854 1.331895
v 0.195213 -0.794304 1.349369
v 0.199148 -0.738010 1.314997
v 0.179174 -0.748941 1.293109
v 0.194121 -0.721262 1.345301
v 0.191637 -0.801311 1.377079
v 0.185476 -0.810342 1.346001
v 0.192604 -0.809436 1.357558
v 0.122507 -0.621423 1.200753
v 0.125625 -0.632310 1.206393
v 0.138420 -0.671624 1.248045
v 0.177688 -0.805792 1.329236
v 0.161955 -0.754551 1.288020
v 0.181063 -0.815322 1.343123
v 0.094567 -0.570642 1.107635
v 0.122560 -0.622243 1.198647
v 0.105871 -0.586040 1.148855
v 0.214925 -0.358232 1.161687
v 0.041504 -0.225259 1.372967
v 0.159861 -0.519994 1.094851
v 0.109488 -0.216341 1.353343
v 0.186822 -0.240878 1.292478
v 0.203954 -0.331124 1.176946
v 0.209908 -0.443879 1.114349
v 0.087812 -0.569965 1.077910
v 0.235162 -0.307729 1.075240
v 0.012792 -0.131758 1.331969
v 0.154913 -0.528607 1.044411
v 0.101022 -0.129472 1.306970
v 0.190487 -0.192459 1.241021
v 0.228296 -0.277382 1.124447
v 0.223471 -0.432046 1.043267
v 0.080504 -0.568614 1.046203
v 0.142461 -0.396529 1.281729
v 0.143030 -0.389986 1.285438
v 0.165933 -0.344818 1.261305
v 0.215628 -0.213659 1.171206
v 0.168727 -0.338154 1.257572
v 0.176372 -0.298092 1.278401
v 0.189381 -0.254766 1.268110
v 0.187464 -0.334593 1.220220
v 0.210587 -0.303865 1.186429
v 0.214023 -0.229522 1.198203
v 0.204523 -0.225627 1.236948
v 0.218902 -0.261767 1.179427
v 0.175307 -0.320618 1.245911
v 0.179089 -0.298678 1.257392
v 0.186877 -0.269162 1.248339
v 0.186100 -0.315445 1.225968
v 0.201934 -0.297320 1.208002
v 0.205920 -0.247645 1.203499
v 0.196775 -0.249071 1.226237
v 0.208918 -0.268998 1.196807
v 0.121996 -0.292067 1.220638
v 0.164240 -0.364928 1.319255
v 0.162319 -0.372706 1.282361
v 0.169207 -0.385221 1.255678
v 0.221422 -0.272723 1.156904
v 0.209751 -0.313381 1.177604
v 0.170840 -0.307899 1.283070
v 0.190263 -0.249532 1.271761
v 0.167079 -0.342000 1.258210
v 0.183734 -0.341994 1.215107
v 0.203111 -0.216480 1.233493
v 0.215281 -0.230366 1.190660
v 0.166962 -0.402348 1.235464
v 0.173682 -0.401701 1.240496
v 0.169817 -0.412169 1.232687
v 0.189914 -0.320323 1.228699
v 0.178040 -0.323827 1.252444
v 0.210902 -0.248219 1.205197
v 0.211170 -0.268054 1.196557
v 0.207991 -0.301683 1.210087
v 0.204716 -0.249363 1.226527
v 0.196504 -0.269739 1.252351
v 0.184887 -0.300639 1.261535
v 0.127642 -0.405424 1.322568
v 0.158588 -0.317743 1.351359
v 0.130928 -0.404131 1.331375
v 0.158734 -0.221230 1.322952
v 0.160387 -0.149574 1.274818
v 0.156323 -0.376143 1.347610
v 0.213659 -0.279516 0.925830
v -0.049433 0.070019 0.966462
v 0.141144 -0.525266 0.938167
v 0.051923 0.069415 0.957027
v 0.168440 -0.043238 0.953786
v 0.219586 -0.184846 0.937969
v 0.199438 -0.429679 0.926719
v 0.059393 -0.562120 0.949632
v 0.208918 -0.109597 0.947671
v 0.120370 0.026163 0.952195
v 0.124560 0.015297 1.015228
v 0.051769 0.069506 1.043901
v -0.055143 0.071242 1.061903
v 0.134934 -0.067146 1.214288
v 0.179021 -0.106833 1.176948
v 0.233784 -0.236241 1.087336
v 0.074362 -0.038731 1.245041
v 0.207046 -0.150416 1.138539
v -0.017378 -0.039165 1.266791
v 0.249980 -0.273843 1.007969
v 0.234258 -0.204763 1.036308
v 0.055212 0.031847 1.168058
v 0.211504 -0.119668 1.076148
v -0.042073 0.035536 1.182140
v 0.224912 -0.429110 0.992257
v 0.134544 -0.008730 1.131599
v 0.147807 -0.526770 0.994784
v 0.066860 -0.569951 0.978677
v 0.186068 -0.052358 1.102960
v 0.165251 -0.484411 1.234318
v 0.175419 -0.543226 1.221325
v 0.162563 -0.609607 1.205506
v 0.123151 -0.623915 1.201074
v 0.349391 0.091924 0.179196
v 0.379207 -0.170903 0.410061
v 0.335288 0.034518 0.142716
v 0.381317 -0.265949 0.366736
v 0.384276 0.124503 0.181501
v 0.454315 -0.173233 0.302706
v 0.363886 0.093805 0.139683
v 0.430338 -0.208817 0.272253
v 0.505958 -0.155780 0.143594
v 0.429283 0.178191 0.054367
v 0.432213 0.191734 0.114267
v 0.537989 -0.134775 0.171424
v 0.751230 -0.172792 -0.150659
v 0.647676 0.158113 -0.231322
v 0.678644 0.170452 -0.213537
v 0.776712 -0.161844 -0.136209
v 0.894820 -0.082837 -0.548776
v 0.785199 0.170755 -0.531988
v 0.807902 0.182259 -0.525546
v 0.918577 -0.072669 -0.539060
v 0.933249 0.113240 -0.827672
v 0.848348 0.225149 -0.745909
v 0.859164 0.231264 -0.740091
v 0.944727 0.118907 -0.819801
v 0.864567 0.237989 -0.797612
v 0.872260 0.242662 -0.793464
v 0.869740 -0.129440 -0.334806
v 0.842557 -0.140182 -0.346960
v 0.735613 0.152118 -0.373456
v 0.761946 0.164985 -0.362469
v 0.682145 -0.160458 0.004676
v 0.655080 -0.172280 -0.013642
v 0.548430 0.193936 -0.104537
v 0.595421 0.209699 -0.109863
v 0.389905 -0.182811 0.210671
v 0.394729 -0.084418 0.182202
v 0.442636 -0.011714 0.253220
v 0.449172 -0.015784 0.102564
v 0.503132 0.018983 0.163996
v 0.690337 -0.005323 -0.202676
v 0.740424 0.017495 -0.172887
v 0.833822 0.039152 -0.543639
v 0.877514 0.057599 -0.526380
v 0.887407 0.163146 -0.788696
v 0.909205 0.171852 -0.771727
v 0.899717 0.204887 -0.844222
v 0.908491 0.208868 -0.837358
v 0.779603 0.003163 -0.364006
v 0.604804 0.000845 -0.078490
v 0.400520 -0.010816 0.315195
v 0.829928 0.024833 -0.343686
v 0.659182 0.026303 -0.042494
v 0.356965 -0.073070 0.134781
v 0.370331 0.029150 0.138108
v 0.410601 0.092307 0.211148
v 0.427425 0.106401 0.065382
v 0.475578 0.152002 0.116592
v 0.656968 0.106125 -0.223407
v 0.702267 0.125727 -0.197400
v 0.794072 0.130030 -0.539506
v 0.831547 0.146454 -0.525793
v 0.856048 0.209265 -0.764524
v 0.874818 0.217831 -0.751962
v 0.744225 0.104570 -0.372597
v 0.567431 0.126229 -0.111104
v 0.374210 0.082884 0.241703
v 0.786779 0.123531 -0.354546
v 0.605954 0.162721 -0.064776
v 0.839613 0.206940 -0.648214
v 0.942184 0.005558 -0.698031
v 0.822257 0.197771 -0.654728
v 0.923603 -0.002499 -0.705929
v 0.869534 0.093761 -0.684650
v 0.903921 0.108189 -0.668211
v 0.832132 0.166949 -0.669222
v 0.861297 0.179854 -0.655642
v 0.335723 0.078835 0.152194
v 0.366437 -0.234419 0.420914
v 0.365897 0.120775 0.155813
v 0.440887 -0.215883 0.304407
v 0.412036 0.196411 0.092241
v 0.518560 -0.170402 0.169367
v 0.656249 0.174728 -0.226978
v 0.765473 -0.192917 -0.139944
v 0.789308 0.185000 -0.529232
v 0.911653 -0.097328 -0.547581
v 0.847100 0.231936 -0.739502
v 0.943004 0.107677 -0.831782
v 0.864560 0.246643 -0.802274
v 0.741475 0.168474 -0.370313
v 0.858664 -0.157172 -0.341116
v 0.571716 0.216046 -0.124372
v 0.671530 -0.193818 0.003125
v 0.902250 0.218005 -0.857884
v 0.938059 -0.014761 -0.707529
v 0.823838 0.208916 -0.650227
v 0.449894 0.253307 0.035244
v 0.481264 0.239165 -0.013932
v 0.516206 0.228200 0.023066
v 0.466608 0.251347 0.050287
v 0.530655 0.256717 -0.036573
v 0.513342 0.259118 -0.050689
v 0.585530 -0.165283 0.063457
v 0.485871 0.196395 -0.021608
v 0.614297 -0.150004 0.087841
v 0.530910 0.005438 0.023083
v 0.583018 0.031388 0.074178
v 0.499441 0.132475 -0.015763
v 0.546705 0.160706 0.036348
v 0.597521 -0.182936 0.086997
v 0.495350 0.267762 0.006188
v 0.479720 0.269681 -0.007446
v 0.222357 -0.321300 0.797012
v -0.026424 0.086680 0.786866
v 0.132302 -0.568043 0.825150
v 0.067415 0.069983 0.783901
v 0.220433 -0.207434 0.795934
v 0.201039 -0.467055 0.808363
v 0.044529 -0.617566 0.833488
v 0.199817 -0.113605 0.789515
v 0.136960 0.012345 0.787604
v 0.337619 -0.318912 0.459528
v -0.010381 0.171399 0.631126
v 0.164339 -0.601833 0.395719
v 0.116199 0.145736 0.628169
v 0.310406 -0.223026 0.526917
v 0.294061 -0.482896 0.420847
v -0.000113 -0.641255 0.393593
v 0.305013 -0.115892 0.524903
v 0.220323 0.072486 0.597327
v 0.421641 -0.025027 -0.244641
v 0.003372 0.577305 0.031476
v 0.206792 -0.356297 -0.385375
v 0.148237 0.535094 0.006009
v 0.365765 0.294030 -0.068456
v 0.396995 0.147862 -0.175414
v 0.380089 -0.212267 -0.337069
v 0.000318 -0.398251 -0.399600
v 0.298107 0.416461 -0.046373
v 0.170097 0.026133 0.707014
v 0.142295 -0.606271 0.635283
v 0.226631 -0.496579 0.639620
v 0.086643 0.090054 0.717459
v -0.017658 0.109344 0.719192
v 0.020246 -0.652981 0.624368
v 0.241040 -0.118052 0.679188
v 0.260645 -0.341917 0.657513
v 0.263076 -0.225999 0.677368
v 0.336994 0.358360 -0.861403
v 0.004218 0.847755 -0.633298
v 0.067644 0.055781 -1.066782
v 0.158004 0.822359 -0.645278
v 0.317697 0.666752 -0.715054
v 0.346469 0.477505 -0.802902
v 0.001644 0.025153 -1.011786
v 0.192709 -0.439819 0.873133
v 0.205742 -0.299355 0.867821
v 0.211152 -0.192317 0.871168
v 0.184071 -0.100376 0.881578
v 0.125329 0.014524 0.869578
v 0.055072 0.069951 0.868926
v 0.130616 -0.536475 0.889286
v -0.040865 0.080498 0.875730
v 0.056284 -0.573359 0.928621
v 0.383402 -0.365273 -0.030270
v 0.397044 -0.153667 0.056481
v 0.336757 0.065210 0.107922
v 0.339302 0.119197 0.216149
v 0.259169 0.288931 0.221848
v 0.144576 0.385279 0.262444
v 0.214661 -0.490103 -0.070317
v 0.002888 0.422636 0.272599
v -0.000098 -0.531161 -0.090106
v 0.375925 -0.435090 0.140825
v 0.206068 -0.549109 0.101468
v 0.000413 -0.589029 0.090882
v 0.397055 -0.272598 0.221619
v 0.250703 0.185117 0.414829
v 0.323496 0.014423 0.351500
v 0.145250 0.267706 0.451364
v -0.001013 0.295940 0.462949
v 0.182681 -0.811734 1.377939
v 0.182684 -0.816937 1.360022
v 0.239581 0.681135 -1.088760
v 0.004589 0.966070 -0.970048
v 0.054666 0.274877 -1.188703
v 0.091294 0.945191 -0.987858
v 0.193298 0.836427 -1.032724
v 0.271843 0.464006 -1.095267
v 0.002481 0.292656 -1.200145
v 0.131176 -0.056497 -0.844411
v 0.325460 0.009337 -0.658730
v 0.170056 0.711531 -0.324324
v 0.003878 0.739160 -0.308438
v 0.001163 -0.128267 -0.821252
v 0.352729 0.490580 -0.389456
v 0.397177 0.154409 -0.571738
v 0.389028 0.303368 -0.510805
v 0.247809 0.782048 -1.242333
v 0.167082 0.471492 -1.223485
v 0.115573 1.030231 -1.223652
v 0.261667 0.553861 -1.219399
v 0.003050 0.474425 -1.218925
v 0.004346 0.888484 -1.283997
v 0.004871 1.056275 -1.218289
v 0.003683 0.676634 -1.265725
v 0.172783 0.417540 -1.170681
v 0.191743 0.927864 -1.247169
v 0.284830 0.158945 -1.120107
v 0.312579 0.231870 -1.156528
v 0.133224 0.259228 -1.194548
v 0.117566 0.187548 -1.145293
v 0.196093 0.313616 -1.214359
v 0.270563 0.302145 -1.203304
v 0.158304 0.133675 -1.116161
v 0.225246 0.131828 -1.103366
v 0.302551 0.191554 -1.263108
v 0.287092 0.243776 -1.289899
v 0.109680 0.246049 -1.302414
v 0.112775 0.180634 -1.274073
v 0.155063 0.293965 -1.314256
v 0.224640 0.290823 -1.312141
v 0.156454 0.118142 -1.238374
v 0.230883 0.120293 -1.238929
v 0.358864 0.133498 -0.956190
v 0.079011 0.130702 -1.116568
v 0.157981 0.058594 -1.059054
v 0.267229 0.068200 -1.013546
v 0.206330 0.395770 -1.172413
v 0.310653 0.390229 -1.108444
v 0.091795 0.267096 -1.171814
v 0.367854 0.257321 -1.000206
v 0.354576 0.140368 -1.094368
v 0.075789 0.163347 -1.156094
v 0.145238 0.077727 -1.110890
v 0.303318 0.228021 -1.203423
v 0.252184 0.299913 -1.237230
v 0.225888 0.128334 -1.175745
v 0.299277 0.180866 -1.173366
v 0.117520 0.197478 -1.188967
v 0.123795 0.251197 -1.227134
v 0.165553 0.139586 -1.161191
v 0.183278 0.307912 -1.239481
v 0.265286 0.060893 -1.445430
v 0.267522 0.086436 -1.341782
v 0.295769 0.043818 -1.367645
v 0.334221 -0.148988 -1.367349
v 0.318987 -0.167902 -1.343244
v 0.321608 -0.119958 -1.433669
v 0.354400 -0.219385 -1.427428
v 0.341136 -0.236639 -1.372934
v 0.330605 -0.243234 -1.359426
v 0.340519 -0.245427 -1.411592
v 0.341535 -0.249138 -1.382937
v 0.331133 -0.256935 -1.368703
v 0.336357 -0.255993 -1.402174
v 0.335348 -0.285789 -1.384980
v 0.336690 -0.278664 -1.409419
v 0.340391 -0.313340 -1.410244
v 0.339537 -0.303465 -1.425524
v 0.342406 -0.326615 -1.429677
v 0.341263 -0.318721 -1.438043
v 0.338145 -0.248129 -1.430885
v 0.337284 -0.256126 -1.422079
v 0.312263 0.078802 -1.440215
v 0.299964 0.100776 -1.348141
v 0.347000 0.115942 -1.429559
v 0.329114 0.129485 -1.351105
v 0.353901 0.121464 -1.383681
v 0.393055 -0.074939 -1.377965
v 0.412260 -0.078953 -1.354621
v 0.452167 -0.049294 -1.369571
v 0.438374 -0.065641 -1.351522
v 0.382669 -0.056517 -1.430351
v 0.453970 -0.027571 -1.426981
v 0.420688 -0.103205 -1.375407
v 0.434416 -0.104970 -1.356278
v 0.464000 -0.080091 -1.367423
v 0.454315 -0.093518 -1.352870
v 0.426648 -0.098670 -1.424062
v 0.469383 -0.075155 -1.422272
v 0.450309 -0.114189 -1.409700
v 0.471717 -0.100129 -1.408917
v 0.452033 -0.123352 -1.383644
v 0.460815 -0.124958 -1.370174
v 0.476964 -0.103436 -1.381287
v 0.472204 -0.115654 -1.369077
v 0.461258 -0.119983 -1.402540
v 0.476437 -0.107472 -1.401655
v 0.482469 -0.139651 -1.388140
v 0.489315 -0.133685 -1.387817
v 0.479646 -0.131522 -1.407031
v 0.488713 -0.123473 -1.406597
v 0.502237 -0.154106 -1.410665
v 0.506754 -0.149939 -1.410626
v 0.497647 -0.144935 -1.422823
v 0.503717 -0.139272 -1.422725
v 0.511831 -0.160393 -1.427197
v 0.514559 -0.157837 -1.427212
v 0.507964 -0.153358 -1.434243
v 0.511622 -0.149907 -1.434248
v 0.451315 -0.112428 -1.427416
v 0.470179 -0.101994 -1.426991
v 0.459078 -0.116576 -1.419724
v 0.473592 -0.107142 -1.419370
v 0.315816 0.003879 -1.403009
v 0.333976 -0.119892 -1.401365
v 0.346107 -0.235066 -1.397252
v 0.358403 0.126098 -1.409251
v 0.371325 -0.063981 -1.412548
v 0.468602 -0.024492 -1.403767
v 0.410260 -0.098814 -1.404592
v 0.475063 -0.065035 -1.397815
v 0.338007 -0.068721 -1.432196
v 0.338932 -0.068237 -1.420195
v 0.340300 -0.279923 -1.395530
v 0.342248 -0.307875 -1.417512
v 0.342803 -0.324159 -1.435863
v 0.477763 -0.137499 -1.396082
v 0.491446 -0.125557 -1.395394
v 0.498534 -0.151189 -1.416387
v 0.507137 -0.143199 -1.416296
v 0.510455 -0.158111 -1.432137
v 0.514357 -0.154441 -1.432158
v 0.183572 0.193208 -1.444426
v 0.205279 0.239195 -1.443395
v 0.213599 0.260632 -1.411170
v 0.272184 0.168000 -1.434813
v 0.291297 0.199456 -1.406272
v 0.284340 0.219176 -1.383416
v 0.203411 0.134765 -1.442868
v 0.309565 0.152970 -1.319586
v 0.184765 0.036729 -1.444278
v 0.194185 0.063477 -1.341950
v 0.188285 -0.010415 -1.360387
v 0.247313 -0.176910 -1.367111
v 0.265476 -0.184518 -1.343230
v 0.235294 -0.146757 -1.433588
v 0.269420 -0.243606 -1.427405
v 0.281405 -0.254979 -1.373574
v 0.299471 -0.252904 -1.359509
v 0.292536 -0.260325 -1.411584
v 0.290472 -0.268457 -1.382848
v 0.306966 -0.264440 -1.368743
v 0.302087 -0.266634 -1.402177
v 0.320208 -0.290490 -1.384968
v 0.314943 -0.285416 -1.409398
v 0.332004 -0.315945 -1.410237
v 0.326957 -0.307371 -1.425513
v 0.338016 -0.327979 -1.429672
v 0.334365 -0.320862 -1.438040
v 0.296021 -0.261208 -1.430846
v 0.301374 -0.267275 -1.422047
v 0.138263 0.017862 -1.438981
v 0.156713 0.050742 -1.341451
v 0.099887 0.024740 -1.429017
v 0.118128 0.064083 -1.344758
v 0.093001 0.045883 -1.373297
v 0.146951 -0.150915 -1.377830
v 0.137414 -0.164425 -1.356219
v 0.085893 -0.163962 -1.370127
v 0.107254 -0.168692 -1.353183
v 0.150946 -0.130637 -1.430385
v 0.076370 -0.156077 -1.426522
v 0.140191 -0.189116 -1.373600
v 0.132244 -0.197984 -1.356135
v 0.091757 -0.195121 -1.369158
v 0.108425 -0.200120 -1.353925
v 0.141419 -0.187798 -1.423374
v 0.082298 -0.199340 -1.422897
v 0.130744 -0.213469 -1.408576
v 0.097284 -0.215727 -1.408780
v 0.129360 -0.222744 -1.381989
v 0.122842 -0.229184 -1.368399
v 0.095500 -0.221518 -1.381258
v 0.106873 -0.228386 -1.368106
v 0.119027 -0.225618 -1.401506
v 0.097572 -0.224480 -1.401453
v 0.114044 -0.253669 -1.386555
v 0.104779 -0.252705 -1.386474
v 0.111288 -0.245533 -1.405763
v 0.098816 -0.244160 -1.405636
v 0.106945 -0.276802 -1.410128
v 0.100803 -0.275946 -1.410106
v 0.105221 -0.266722 -1.422294
v 0.096877 -0.265530 -1.422227
v 0.102745 -0.287403 -1.426815
v 0.099026 -0.286849 -1.426824
v 0.101828 -0.279452 -1.433866
v 0.096821 -0.278691 -1.433860
v 0.121994 -0.214165 -1.426503
v 0.099756 -0.216459 -1.426550
v 0.118263 -0.221869 -1.418716
v 0.100351 -0.222493 -1.418828
v 0.172835 -0.045088 -1.396209
v 0.224269 -0.151071 -1.407028
v 0.270187 -0.257697 -1.394285
v 0.082027 0.025932 -1.411120
v 0.166561 -0.128004 -1.413405
v 0.062007 -0.161595 -1.402990
v 0.155887 -0.178457 -1.404118
v 0.071678 -0.194462 -1.399155
v 0.193325 -0.114267 -1.432053
v 0.192374 -0.114401 -1.419969
v 0.312731 -0.288482 -1.395505
v 0.327302 -0.312515 -1.417497
v 0.336258 -0.326191 -1.435858
v 0.116517 -0.249272 -1.394533
v 0.097896 -0.247355 -1.394350
v 0.108250 -0.272323 -1.415838
v 0.096467 -0.270660 -1.415788
v 0.102543 -0.284756 -1.431758
v 0.097216 -0.283953 -1.431767
v 0.146201 0.224508 -1.447989
v 0.125899 0.252053 -1.416666
v 0.139388 0.110398 -1.437477
v 0.110248 0.130168 -1.423015
v 0.115747 0.157629 -1.359979
v 0.108555 0.164661 -1.377462
v 0.124157 0.092744 -1.317229
v 0.153097 0.095879 -1.299600
v 0.106225 0.155518 -1.333853
v 0.227919 0.069973 -1.334368
v 0.222007 0.049440 -1.445782
v 0.293428 -0.179895 -1.335505
v 0.283006 -0.147672 -1.438280
v 0.309486 -0.230823 -1.435697
v 0.315379 -0.249128 -1.354354
v 0.318400 -0.258755 -1.411523
v 0.319420 -0.261841 -1.364115
v 0.319785 -0.263091 -1.405926
v 0.328261 -0.289648 -1.381479
v 0.325691 -0.281657 -1.412980
v 0.336792 -0.316506 -1.408254
v 0.332997 -0.304637 -1.427789
v 0.340830 -0.329246 -1.431251
v 0.338197 -0.321001 -1.440173
v 0.317505 -0.256000 -1.432980
v 0.320051 -0.263967 -1.422075
v 0.340702 -0.328869 -1.440866
v 0.172126 0.243749 -1.440533
v 0.169145 0.283103 -1.374665
v 0.166613 0.269993 -1.403921
v 0.226128 0.105734 -1.287271
v 0.217823 0.270694 -1.382192
v 0.130896 0.256500 -1.375576
v 0.327644 -0.203123 -1.345169
v 0.343196 -0.187816 -1.366921
v 0.345739 -0.173598 -1.432092
v 0.297221 -0.192314 -1.438123
v 0.304133 -0.213745 -1.338026
v 0.357073 -0.173425 -1.397253
v 0.278685 -0.218330 -1.345368
v 0.259557 -0.214432 -1.367617
v 0.249979 -0.201165 -1.432049
v 0.240432 -0.204379 -1.401266
v 0.301682 -0.109270 -1.354564
v 0.316289 -0.091152 -1.376490
v 0.301669 -0.069332 -1.432953
v 0.275614 -0.121977 -1.342779
v 0.265948 -0.093852 -1.434650
v 0.417100 -0.017960 -1.354483
v 0.433343 -0.000755 -1.373013
v 0.433080 0.020489 -1.420277
v 0.372582 -0.010378 -1.427744
v 0.368348 -0.031184 -1.376273
v 0.387427 -0.033538 -1.355577
v 0.322449 -0.061501 -1.401482
v 0.347240 -0.026203 -1.402285
v 0.449899 0.023302 -1.398798
v 0.330334 -0.036050 -1.408275
v 0.329669 -0.034564 -1.430181
v 0.246629 -0.126318 -1.345474
v 0.231139 -0.118741 -1.366610
v 0.222447 -0.093929 -1.432847
v 0.102048 -0.117786 -1.351541
v 0.078049 -0.114814 -1.367919
v 0.076741 -0.105449 -1.422351
v 0.138222 -0.086235 -1.427093
v 0.144699 -0.101450 -1.371081
v 0.135008 -0.113129 -1.352530
v 0.209445 -0.098215 -1.401867
v 0.162182 -0.084330 -1.400712
v 0.063246 -0.111147 -1.399587
v 0.182454 -0.081862 -1.408164
v 0.181726 -0.079691 -1.430032
v 0.280120 0.006837 -1.443244
v 0.239702 -0.010773 -1.444523
v 0.339891 0.059110 -1.359267
v 0.372644 0.077152 -1.356573
v 0.386351 0.081486 -1.373776
v 0.402371 0.079307 -1.405224
v 0.317315 0.028363 -1.439470
v 0.324713 0.041229 -1.376006
v 0.197273 -0.021022 -1.442675
v 0.138798 -0.032862 -1.349596
v 0.103896 -0.037919 -1.347135
v 0.080148 -0.039176 -1.367144
v 0.067695 -0.040074 -1.402882
v 0.158295 -0.027660 -1.438588
v 0.159180 -0.039677 -1.368450
v 0.389563 0.072152 -1.427454
v 0.349151 0.046693 -1.436706
v 0.086437 -0.038654 -1.423630
v 0.127920 -0.033819 -1.433529
v 0.099135 0.088735 -1.344185
v 0.107221 0.077412 -1.341979
v 0.094836 0.091708 -1.336515
v 0.103764 0.081728 -1.333696
v 0.096262 0.084478 -1.346051
v 0.102681 0.075102 -1.345430
v 0.091404 0.085520 -1.339910
v 0.098327 0.077196 -1.338902
v 0.093447 0.081067 -1.347658
v 0.097610 0.074135 -1.348706
v 0.088867 0.081424 -1.343079
v 0.093323 0.074685 -1.343962
v 0.087594 0.078737 -1.350008
v 0.088379 0.075160 -1.352107
v 0.084948 0.078303 -1.347695
v 0.085811 0.074911 -1.349619
v 0.083181 0.079357 -1.351667
v 0.083123 0.077216 -1.353399
v 0.081424 0.079004 -1.350054
v 0.081415 0.076948 -1.351668
v 0.079125 0.079502 -1.352749
v 0.104211 0.080052 -1.332042
v 0.109139 0.075451 -1.343503
v 0.092652 0.092961 -1.333898
v 0.098260 0.090307 -1.345569
v 0.113665 0.072993 -1.339730
v 0.114310 0.086588 -1.322986
v 0.107018 0.111962 -1.328479
v 0.106632 0.106369 -1.344725
v 0.089260 0.074162 -1.347416
v 0.092794 0.074293 -1.350851
v 0.090649 0.079479 -1.348821
v 0.086972 0.079152 -1.345540
v 0.343695 -0.235069 -1.383428
v 0.341331 -0.180663 -1.386225
v 0.308828 -0.079880 -1.391682
v 0.324698 -0.135532 -1.389373
v 0.303530 0.012178 -1.388758
v 0.387424 -0.062057 -1.396492
v 0.421464 -0.094572 -1.389726
v 0.363205 -0.022524 -1.389900
v 0.324273 0.022819 -1.391110
v 0.277360 -0.257689 -1.382637
v 0.255505 -0.210621 -1.387941
v 0.242698 -0.164184 -1.389395
v 0.225658 -0.107680 -1.384067
v 0.181607 -0.032156 -1.379879
v 0.143770 -0.185597 -1.389566
v 0.148451 -0.140034 -1.397161
v 0.147552 -0.091940 -1.386029
v 0.162465 -0.039594 -1.384026
v 0.333980 -0.256876 -1.400658
v 0.319174 -0.263103 -1.404086
v 0.338618 -0.251141 -1.383392
v 0.329455 -0.258155 -1.370604
v 0.303429 -0.266363 -1.400663
v 0.307924 -0.264840 -1.370637
v 0.293420 -0.268116 -1.383318
v 0.319037 -0.262578 -1.366472
v 0.475232 -0.106850 -1.382444
v 0.471413 -0.116166 -1.373204
v 0.474643 -0.109679 -1.397753
v 0.455547 -0.122065 -1.384185
v 0.462413 -0.123282 -1.374009
v 0.462674 -0.119238 -1.398443
v 0.107684 -0.228622 -1.371590
v 0.097757 -0.223029 -1.382167
v 0.100249 -0.225304 -1.398220
v 0.120424 -0.229275 -1.371808
v 0.125583 -0.224114 -1.382658
v 0.117367 -0.226233 -1.398251
v 0.452039 -0.036203 -1.385807
v 0.463287 -0.071264 -1.381237
v 0.434259 0.010710 -1.383302
v 0.396563 0.071381 -1.386071
v 0.087502 -0.196161 -1.385642
v 0.082461 -0.163780 -1.388054
v 0.075378 -0.112326 -1.383344
v 0.074949 -0.041217 -1.384671
v 0.104377 0.157345 -1.395883
v 0.358036 0.119288 -1.391854
v 0.085192 0.031749 -1.391713
v 0.268846 0.070799 -1.329013
v 0.228059 0.073145 -1.294243
v 0.192933 0.045787 -1.330152
v 0.231756 0.055231 -1.325096
v 0.307226 0.094957 -1.336821
v 0.159192 0.039922 -1.331279
v 0.309299 0.121849 -1.321636
v 0.160543 0.061105 -1.303259
v 0.133987 0.066478 -1.317169
v 0.130473 0.051950 -1.332823
v 0.326264 0.114784 -1.340748
v 0.258576 0.120121 -1.293768
v 0.255039 0.134250 -1.243496
v 0.261632 0.088182 -1.299068
v 0.199091 0.116794 -1.240124
v 0.189549 0.064763 -1.297581
v 0.187985 0.097809 -1.290114
v 0.278756 0.155157 -1.165752
v 0.285204 0.133306 -1.304375
v 0.289960 0.110073 -1.312285
v 0.285843 0.158496 -1.248838
v 0.125370 0.137880 -1.253509
v 0.137135 0.158931 -1.166799
v 0.168626 0.012142 -0.967871
v 0.309253 0.425358 -1.082474
v 0.356911 0.287414 -0.897802
v 0.364660 0.127629 -0.809651
v 0.288998 0.034913 -0.888015
v 0.195412 0.405396 -1.164911
v 0.073990 0.252708 -1.171665
v 0.216603 -0.007432 -1.346753
v 0.274508 0.022743 -1.347308
v 0.244210 0.003552 -1.338647
v 0.127572 -0.420894 1.254401
v 0.128504 -0.498113 1.281519
v 0.184137 -0.741633 1.434654
v 0.180009 -0.767667 1.442480
v 0.184057 -0.786636 1.437161
v 0.170407 -0.673882 1.383440
v 0.115036 -0.389153 1.203330
v 0.148671 -0.573081 1.323895
v 0.146623 -0.614382 1.275915
v 0.128987 -0.521965 1.245289
v 0.123793 -0.439659 1.215938
v 0.161481 -0.626051 1.353391
v 0.183719 -0.775771 1.356965
v 0.177373 -0.722162 1.332440
v 0.159974 -0.413648 1.234361
v 0.157994 -0.378331 1.200648
v 0.152002 -0.444425 1.249438
v 0.155342 -0.423324 1.241307
v 0.146794 -0.498624 1.267133
v 0.160223 -0.575348 1.310961
v 0.186165 -0.675916 1.371237
v 0.174155 -0.626718 1.341787
v 0.193299 -0.756798 1.432815
v 0.191909 -0.717110 1.400783
v 0.193099 -0.764416 1.441377
v 0.177755 -0.710829 1.410250
v 0.186687 -0.760062 1.438603
v 0.082200 -0.437512 1.252908
v 0.063358 -0.374818 1.215869
v 0.101323 -0.503109 1.287379
v 0.123742 -0.579381 1.329346
v 0.152765 -0.676692 1.387227
v 0.138011 -0.627631 1.356795
v 0.172827 -0.740233 1.436483
v 0.163857 -0.712588 1.412560
v 0.177641 -0.759613 1.438040
v 0.152120 -0.428291 1.228472
v 0.157474 -0.608430 1.288289
v 0.148113 -0.513189 1.246232
v 0.186038 -0.721106 1.345358
v 0.192465 -0.786384 1.382536
v 0.187975 -0.795271 1.382285
v 0.180976 -0.804142 1.380513
v 0.182904 -0.791989 1.370248
v 0.177295 -0.792387 1.370062
v 0.081019 -0.451210 1.213239
v 0.130804 -0.629798 1.286845
v 0.137452 -0.594365 1.303709
v 0.159488 -0.731444 1.333591
v 0.171512 -0.774109 1.352993
v 0.149336 -0.426339 1.289071
v 0.146659 -0.477832 1.303069
v 0.179768 -0.610465 1.367488
v 0.195882 -0.706331 1.423600
v 0.162902 -0.561321 1.334352
v 0.188049 -0.661632 1.397140
v 0.199854 -0.747792 1.444537
v 0.004622 0.976559 -1.256431
v 0.186661 -0.326946 1.222660
v 0.210885 -0.233909 1.197855
v 0.194648 -0.258876 1.258565
v 0.181021 -0.298107 1.270364
v 0.171701 -0.329780 1.256119
v 0.212702 -0.259941 1.186470
v 0.208802 -0.300537 1.199761
v 0.205095 -0.235471 1.226443
v 0.140841 -0.606770 1.291133
v 0.130693 -0.537143 1.255758
v 0.115920 -0.470011 1.227867
v 0.131160 -0.628041 1.297854
v 0.137281 -0.649107 1.309982
v 0.086903 -0.472125 1.222650
v 0.124683 -0.536489 1.267616
v 0.114875 -0.473927 1.233911
v 0.122996 -0.593471 1.304024
v 0.108223 -0.542367 1.275637
v 0.088853 -0.476901 1.233100
v 0.148399 -0.645092 1.311241
v 0.135106 -0.636576 1.323092
v 0.148537 -0.641718 1.328330
v 0.153537 -0.706258 1.338036
v 0.156153 -0.700293 1.336809
v 0.154545 -0.707470 1.347827
v 0.156941 -0.700534 1.346898
v 0.131205 -0.535743 1.261636
v 0.141683 -0.596711 1.296340
v 0.152672 -0.641396 1.321386
v 0.154896 -0.709296 1.346391
v 0.158347 -0.700003 1.343953
v 0.155838 -0.178539 -1.404125
v 0.155847 -0.178487 -1.404106
v 0.804623 -0.154966 -0.257031
v 0.700637 0.154818 -0.309438
v 0.830516 -0.144129 -0.242599
v 0.728850 0.167447 -0.294822
v 0.745530 -0.000701 -0.292403
v 0.793945 0.021494 -0.264271
v 0.710047 0.105258 -0.305499
v 0.753262 0.124511 -0.282661
v 0.819334 -0.173374 -0.248654
v 0.707574 0.171293 -0.305701
v 0.182046 -0.325557 1.242394
v 0.178207 -0.322580 1.238285
v 0.175870 -0.310369 1.254309
v 0.178968 -0.313152 1.259025
v 0.174937 -0.332715 1.246130
v 0.173546 -0.319111 1.263202
v 0.185393 -0.061141 1.088346
v -0.052147 0.063527 1.113308
v 0.129862 0.002024 1.097426
v 0.050539 0.057348 1.106171
v 0.063849 -0.007850 1.211736
v -0.029925 -0.002242 1.227619
v 0.182838 -0.094498 1.155634
v 0.130446 -0.045377 1.184332
v 0.162867 -0.177472 1.294426
v 0.105564 -0.172648 1.332024
v 0.027919 -0.180465 1.356056
v 0.126411 -0.364265 1.376723
v 0.081511 -0.379278 1.390299
v 0.159828 -0.343679 1.352373
v 0.089608 -0.086093 1.277988
v 0.149136 -0.101333 1.241892
v 0.184731 -0.134754 1.194411
v -0.001000 -0.089016 1.303993
v 0.184900 -0.252660 1.300142
v 0.057142 -0.280782 1.386924
v 0.116722 -0.267514 1.369179
v 0.158088 -0.259125 1.338158
v 0.185988 -0.285921 1.255364
v 0.162062 -0.269665 1.286228
v 0.128356 -0.253966 1.296736
v 0.096704 -0.243350 1.292348
v 0.070008 -0.235608 1.283916
v 0.183530 -0.293723 1.255392
v 0.154681 -0.292813 1.285610
v 0.117371 -0.285996 1.295796
v 0.085276 -0.278626 1.291528
v 0.059435 -0.271343 1.283349
v 0.182538 -0.301470 1.252218
v 0.150339 -0.314797 1.276636
v 0.111314 -0.316958 1.283086
v 0.080394 -0.312087 1.278093
v 0.054585 -0.305528 1.269527
v 0.182910 -0.307622 1.246651
v 0.151692 -0.332467 1.260634
v 0.113736 -0.340983 1.261211
v 0.081886 -0.339227 1.253686
v 0.056288 -0.333132 1.244657
v 0.184694 -0.311388 1.239395
v 0.156534 -0.343120 1.240152
v 0.120093 -0.355941 1.232689
v 0.089947 -0.355973 1.221543
v 0.064378 -0.350212 1.212404
v 0.187592 -0.312141 1.231630
v 0.164726 -0.345263 1.218076
v 0.131122 -0.359061 1.202072
v 0.102887 -0.358930 1.187152
v 0.077305 -0.353563 1.177956
v 0.191184 -0.309770 1.224568
v 0.174994 -0.338567 1.197964
v 0.145192 -0.349411 1.172239
v 0.117773 -0.348270 1.157033
v 0.092007 -0.343094 1.147032
v 0.194934 -0.304662 1.219248
v 0.185582 -0.324147 1.182443
v 0.158954 -0.329304 1.151728
v 0.132309 -0.326509 1.133166
v 0.107265 -0.320443 1.122148
v 0.198250 -0.297620 1.216397
v 0.194964 -0.304107 1.174219
v 0.171841 -0.302301 1.140947
v 0.147059 -0.296075 1.120399
v 0.122679 -0.289078 1.108868
v 0.200616 -0.289694 1.216471
v 0.201733 -0.281429 1.174671
v 0.182103 -0.270720 1.141486
v 0.158661 -0.261640 1.121191
v 0.134773 -0.253827 1.109430
v 0.193952 -0.292261 1.236731
v 0.201683 -0.282072 1.219511
v 0.204825 -0.259634 1.183560
v 0.186714 -0.240144 1.153791
v 0.163882 -0.228135 1.134397
v 0.140331 -0.219099 1.123207
v 0.201302 -0.275912 1.225075
v 0.203744 -0.242075 1.199462
v 0.185249 -0.215781 1.175826
v 0.162558 -0.200706 1.158480
v 0.138706 -0.190943 1.148222
v 0.199525 -0.272155 1.232311
v 0.198669 -0.231431 1.219965
v 0.178239 -0.200970 1.204289
v 0.154956 -0.183792 1.190077
v 0.130735 -0.173979 1.180519
v 0.196606 -0.271372 1.240101
v 0.190390 -0.229307 1.241981
v 0.167501 -0.197616 1.235162
v 0.142940 -0.179797 1.224675
v 0.117813 -0.170408 1.215470
v 0.192972 -0.273660 1.247276
v 0.180473 -0.235863 1.262295
v 0.155616 -0.205878 1.263893
v 0.129412 -0.189080 1.256549
v 0.102182 -0.180793 1.247318
v 0.189308 -0.278874 1.252522
v 0.171113 -0.249964 1.277939
v 0.142294 -0.225491 1.285762
v 0.112011 -0.211710 1.280012
v 0.084941 -0.203957 1.271507
v 0.247261 0.073452 -1.102285
v 0.094818 0.279766 -1.186731
v 0.298459 0.346532 -1.162317
v 0.368923 0.248692 -1.118773
v 0.196146 0.376767 -1.185041
vn -0.5889 -0.4257 0.6870
vn -0.5767 -0.7823 0.2355
vn -0.5678 -0.6807 0.4628
vn -0.4279 -0.7695 0.4741
vn -0.3071 -0.9439 0.1212
vn -0.3665 -0.9257 0.0937
vn 0.0908 0.0329 0.9953
vn -0.1891 -0.3308 0.9246
vn 0.1483 -0.2287 0.9621
vn -0.7394 -0.4696 0.4825
vn -0.7171 -0.4290 0.5493
vn -0.7669 -0.3285 0.5513
vn -0.4808 -0.4837 0.7314
vn -0.5892 -0.5025 0.6327
vn -0.1403 -0.6394 0.7560
vn 0.2363 -0.7185 0.6542
vn 0.1911 -0.4901 0.8505
vn -0.6195 -0.7524 0.2239
vn -0.6602 -0.6671 0.3451
vn -0.7905 -0.5087 0.3412
vn -0.6390 -0.5250 0.5622
vn -0.5541 -0.7512 0.3586
vn -0.1746 -0.9498 0.2596
vn 0.1986 -0.4815 0.8536
vn -0.7497 -0.2647 0.6065
vn -0.7069 -0.5244 0.4747
vn -0.4650 -0.8771 0.1200
vn -0.5680 0.1076 0.8160
vn -0.3995 -0.7270 0.5585
vn -0.7889 -0.2381 0.5665
vn -0.7854 -0.1270 0.6058
vn -0.9577 -0.1881 0.2179
vn -0.8496 0.0260 0.5269
vn -0.9451 -0.1924 0.2643
vn -0.6827 0.2618 0.6821
vn -0.0568 0.5078 0.8596
vn -0.6571 0.2181 0.7216
vn -0.8439 0.0648 0.5326
vn -0.7885 -0.4695 0.3974
vn -0.7398 -0.6050 0.2943
vn -0.7670 -0.3399 0.5442
vn -0.5128 -0.2785 0.8121
vn 0.1939 -0.4562 0.8685
vn 0.1082 -0.1534 0.9822
vn -0.3225 -0.6571 0.6813
vn -0.6213 -0.7832 0.0241
vn -0.9230 -0.2418 -0.2994
vn -0.8464 -0.2082 0.4901
vn -0.6752 0.1747 0.7166
vn -0.8878 -0.0612 0.4561
vn 0.0563 0.1630 0.9850
vn -0.0234 0.4466 0.8944
vn -0.9362 -0.2250 0.2699
vn -0.0270 0.3988 0.9167
vn -0.8496 -0.2744 0.4504
vn -0.0605 0.5807 0.8119
vn -0.5887 -0.0773 0.8047
vn -0.9113 -0.2549 0.3233
vn -0.6049 -0.7224 0.3350
vn -0.6293 -0.3257 0.7057
vn -0.4435 -0.8953 -0.0415
vn -0.7510 -0.6243 0.2150
vn -0.7604 -0.5185 0.3912
vn -0.4078 -0.9128 -0.0244
vn -0.8638 -0.4949 0.0950
vn -0.5426 -0.5294 0.6521
vn -0.9016 -0.3606 0.2389
vn -0.5853 -0.2949 0.7553
vn -0.9373 -0.3486 -0.0004
vn -0.5807 -0.1424 0.8016
vn -0.8822 -0.4011 0.2467
vn -0.5593 -0.2220 0.7987
vn -0.5000 -0.8335 -0.2351
vn -0.8778 -0.4293 0.2125
vn -0.3226 -0.8117 -0.4869
vn -0.8868 -0.4588 -0.0560
vn -0.6629 0.0607 0.7462
vn -0.8579 -0.4934 -0.1432
vn -0.4971 -0.7587 -0.4210
vn -0.7454 -0.6631 -0.0686
vn -0.7139 0.0822 0.6954
vn -0.6534 -0.4116 0.6353
vn -0.4466 -0.6601 -0.6040
vn -0.4637 -0.8569 -0.2252
vn -0.4855 -0.8742 -0.0044
vn -0.3474 -0.7058 0.6174
vn 0.0658 -0.5121 -0.8564
vn 0.1302 -0.7055 -0.6966
vn 0.0995 -0.6242 -0.7749
vn 0.0713 -0.5748 -0.8152
vn -0.4651 -0.5878 -0.6620
vn 0.1740 -0.8453 -0.5052
vn 0.0129 -0.3419 -0.9397
vn 0.1812 -0.9315 -0.3155
vn -0.5562 -0.7877 -0.2647
vn 0.2049 -0.9501 -0.2352
vn 0.1646 -0.8138 -0.5574
vn 0.2004 -0.9646 -0.1715
vn -0.5213 -0.8452 -0.1179
vn -0.5685 -0.1384 0.8109
vn -0.7781 -0.5365 0.3268
vn -0.6358 -0.2476 0.7311
vn 0.0483 0.1955 0.9795
vn -0.2488 -0.0855 0.9648
vn -0.3295 -0.9374 0.1124
vn -0.6658 -0.4126 0.6217
vn 0.1733 -0.9831 -0.0582
vn -0.6093 -0.6602 0.4392
vn -0.5025 -0.7031 0.5031
vn -0.6352 -0.6347 0.4400
vn -0.5737 -0.5673 0.5908
vn -0.5842 -0.7470 0.3173
vn 0.1787 -0.9834 -0.0319
vn -0.7915 -0.4898 0.3656
vn -0.7931 -0.5119 0.3301
vn -0.3363 0.1866 0.9231
vn -0.0112 0.4049 0.9143
vn -0.3843 0.2696 0.8830
vn -0.6254 -0.7383 0.2524
vn -0.2926 -0.9498 0.1108
vn -0.7243 -0.6333 0.2725
vn -0.5732 -0.6485 0.5008
vn -0.6559 -0.6156 0.4369
vn -0.5735 0.0005 0.8192
vn -0.6725 0.0455 0.7387
vn -0.7484 -0.5254 0.4048
vn -0.5892 -0.4899 0.6425
vn -0.6741 -0.6633 0.3252
vn -0.5041 -0.5670 0.6515
vn -0.6590 -0.7105 0.2467
vn -0.3751 -0.7414 0.5564
vn -0.5998 -0.2388 0.7637
vn -0.3813 0.5140 0.7684
vn -0.1489 0.4156 0.8973
vn 0.0054 0.0109 0.9999
vn -0.4651 -0.2604 0.8461
vn -0.5152 -0.3357 0.7886
vn -0.6755 0.6158 0.4056
vn 0.3630 -0.7403 0.5658
vn -0.2939 -0.7755 0.5588
vn -0.7468 -0.4536 0.4863
vn -0.6597 -0.6378 0.3974
vn -0.8037 -0.3117 0.5069
vn -0.5087 -0.6533 0.5607
vn -0.8028 -0.3584 0.4765
vn -0.5776 -0.6490 0.4951
vn -0.9666 0.2404 -0.0889
vn -0.8358 -0.2007 -0.5110
vn -0.9529 -0.1626 0.2562
vn -0.5062 -0.4692 -0.7236
vn -0.1828 -0.7423 -0.6447
vn 0.1310 -0.9605 -0.2457
vn -0.5744 -0.8119 -0.1043
vn -0.4391 -0.8917 0.1098
vn -0.6462 -0.7588 -0.0814
vn -0.8258 -0.4537 0.3351
vn -0.6048 -0.4044 0.6861
vn -0.8697 -0.2731 0.4112
vn -0.8385 -0.1188 0.5318
vn -0.7521 -0.3637 0.5497
vn -0.7083 -0.4505 0.5434
vn -0.4968 -0.6370 0.5895
vn -0.7016 -0.5672 0.4313
vn -0.6739 -0.4783 0.5631
vn -0.6090 -0.5083 0.6089
vn -0.5433 -0.6450 0.5374
vn -0.7434 -0.6356 0.2084
vn -0.6745 -0.6378 0.3718
vn -0.5072 -0.6558 0.5592
vn -0.2994 0.0812 0.9507
vn -0.6512 0.7479 0.1289
vn -0.8944 0.4448 -0.0465
vn -0.9176 0.3905 0.0740
vn -0.1955 0.9771 0.0834
vn -0.5906 0.8068 -0.0142
vn -0.9643 0.2543 -0.0740
vn -0.9819 -0.0863 0.1686
vn -0.9633 0.1424 0.2276
vn -0.9822 0.1874 -0.0127
vn -0.8790 0.4337 0.1979
vn -0.3195 -0.9471 0.0292
vn 0.1599 -0.9855 0.0561
vn 0.1410 -0.9790 -0.1474
vn -0.1483 0.8380 0.5251
vn -0.6380 0.7055 0.3088
vn -0.5925 0.6089 0.5274
vn -0.9741 -0.2022 0.1014
vn -0.9925 0.0636 -0.1042
vn -0.9595 -0.2583 -0.1125
vn -0.7034 -0.7076 0.0673
vn -0.3917 -0.9131 0.1131
vn -0.8162 0.3867 0.4293
vn -0.9344 -0.3310 -0.1315
vn -0.9389 -0.3440 -0.0107
vn -0.7879 -0.6157 -0.0067
vn -0.8874 -0.3190 0.3327
vn -0.4340 0.3442 0.8326
vn -0.7550 0.2122 0.6204
vn -0.7286 0.1045 0.6769
vn -0.0393 0.4941 0.8685
vn -0.4747 0.3923 0.7879
vn -0.8758 -0.0519 0.4798
vn -0.9162 -0.1118 0.3848
vn -0.5178 0.4600 0.7213
vn -0.7814 0.2891 0.5530
vn -0.7763 0.2892 0.5601
vn -0.0893 0.6503 0.7544
vn -0.5490 0.5125 0.6602
vn -0.8653 0.0251 0.5005
vn -0.8657 0.0322 0.4996
vn 0.1310 0.3540 0.9260
vn 0.8236 -0.3741 -0.4262
vn 0.6767 -0.4298 -0.5978
vn 0.8200 -0.3504 -0.4526
vn -0.9551 -0.1041 -0.2774
vn -0.1225 -0.9002 -0.4179
vn -0.1594 -0.4575 -0.8748
vn 0.4559 -0.7100 -0.5368
vn 0.5620 -0.3985 -0.7248
vn 0.7563 0.6542 -0.0056
vn -0.0471 0.9988 0.0118
vn 0.1255 -0.6577 -0.7427
vn -0.6951 -0.6951 0.1835
vn -0.8279 0.1155 0.5489
vn -0.8441 -0.0147 0.5360
vn -0.8060 -0.0123 0.5917
vn -0.2138 -0.9766 0.0243
vn -0.2200 -0.9570 0.1893
vn 0.2081 0.6999 0.6832
vn -0.5655 0.4556 0.6875
vn -0.2961 0.6764 0.6744
vn 0.6732 0.1942 -0.7135
vn 0.8155 0.5776 0.0365
vn -0.3283 -0.9366 0.1227
vn -0.9516 -0.0722 0.2989
vn -0.3348 -0.8954 -0.2936
vn -0.2762 -0.9530 -0.1248
vn -0.7380 0.3632 0.5687
vn -0.7592 -0.1125 0.6411
vn -0.6047 0.7894 0.1062
vn -0.7651 0.4688 0.4415
vn -0.7762 0.4570 0.4344
vn 0.2797 0.7578 -0.5895
vn 0.7806 0.1237 -0.6126
vn 0.2695 0.8832 -0.3838
vn -0.8077 0.5011 0.3108
vn -0.4340 0.8470 0.3069
vn -0.7831 0.5451 0.2993
vn -0.8835 0.3697 0.2876
vn -0.9693 0.2459 -0.0026
vn -0.9913 0.0519 0.1212
vn -0.5115 0.8297 0.2235
vn -0.8203 0.4888 0.2969
vn -0.8155 0.4756 0.3297
vn 0.4507 0.8784 -0.1592
vn 0.9584 0.0759 -0.2752
vn 0.5403 0.8410 -0.0295
vn 0.6091 -0.6195 -0.4952
vn 0.7543 -0.3853 -0.5316
vn 0.6901 -0.3756 -0.6186
vn 0.9625 0.0296 -0.2696
vn 0.6661 0.7457 -0.0166
vn 0.5935 0.8046 0.0199
vn -0.3646 -0.3640 -0.8571
vn -0.3817 -0.7600 -0.5261
vn -0.8757 0.3368 0.3459
vn -0.9862 -0.0190 0.1644
vn 0.7126 -0.5302 -0.4594
vn 0.8547 -0.3876 -0.3454
vn 0.7235 -0.5730 -0.3850
vn -0.6172 0.7642 0.1872
vn 0.8969 -0.2161 -0.3859
vn 0.5738 0.7415 -0.3478
vn 0.8506 0.1157 -0.5130
vn 0.3772 0.8899 -0.2566
vn -0.7807 0.4700 0.4119
vn -0.8329 0.3295 0.4447
vn -0.9083 -0.0687 0.4127
vn -0.2382 -0.9695 -0.0581
vn -0.5655 0.8122 0.1430
vn 0.7922 -0.0302 -0.6095
vn 0.3577 0.7514 -0.5545
vn 0.8019 0.0604 -0.5944
vn -0.8033 0.3110 0.5079
vn -0.7524 -0.0740 0.6545
vn -0.7564 0.2825 0.5899
vn -0.1676 -0.9512 0.2593
vn 0.8057 -0.3753 -0.4583
vn 0.7271 -0.5737 -0.3771
vn 0.8461 -0.3781 -0.3757
vn 0.8408 -0.3819 -0.3837
vn -0.8770 -0.0553 0.4773
vn 0.6935 -0.5531 -0.4617
vn 0.7748 -0.3826 -0.5033
vn -0.6510 0.4423 0.6169
vn -0.9592 0.0513 -0.2779
vn 0.3041 -0.1384 -0.9425
vn 0.6740 -0.2144 -0.7069
vn -0.3750 0.7803 0.5005
vn 0.7909 -0.2867 -0.5407
vn 0.7852 -0.2766 -0.5541
vn 0.8881 -0.2649 -0.3757
vn 0.9078 -0.2640 -0.3258
vn 0.9012 -0.2680 -0.3406
vn 0.8984 -0.2324 -0.3726
vn -0.8551 0.5045 0.1195
vn 0.8334 -0.2698 -0.4824
vn 0.7396 -0.2758 -0.6140
vn 0.7923 -0.1038 -0.6013
vn 0.9211 0.0737 -0.3823
vn 0.9550 -0.0409 -0.2937
vn 0.8301 0.0268 -0.5570
vn -0.6918 0.0496 -0.7204
vn -0.7264 0.4098 0.5517
vn -0.8570 0.4376 0.2723
vn -0.8920 0.3523 0.2832
vn -0.8130 0.3291 0.4804
vn -0.6978 0.3057 0.6477
vn -0.4814 0.8244 0.2978
vn -0.4986 0.8231 0.2719
vn 0.6458 -0.5940 -0.4797
vn 0.7099 -0.5597 -0.4275
vn -0.4960 0.8327 0.2461
vn -0.5562 0.8055 0.2045
vn -0.0076 0.7173 0.6967
vn -0.8666 -0.4649 0.1814
vn 0.5510 0.7557 -0.3540
vn -0.6795 0.5029 0.5342
vn -0.3797 0.8592 0.3431
vn -0.1818 0.7889 0.5871
vn 0.6989 0.7072 -0.1071
vn -0.8048 -0.5389 0.2487
vn -0.9220 -0.2310 0.3106
vn -0.8013 -0.4945 0.3367
vn -0.9898 -0.1386 -0.0328
vn -0.9687 0.1743 0.1770
vn -0.9718 -0.0532 0.2299
vn -0.9486 -0.2955 0.1135
vn -0.5953 0.8035 0.0059
vn -0.8694 0.4748 0.1364
vn -0.8995 0.4329 -0.0585
vn -0.7728 0.5303 0.3486
vn -0.9440 0.2622 0.2002
vn -0.8698 0.4688 0.1536
vn -0.4815 -0.8050 0.3467
vn -0.4620 -0.8357 0.2970
vn -0.1403 0.9880 0.0640
vn -0.5551 0.8161 0.1606
vn 0.0947 -0.9499 0.2979
vn 0.1918 -0.8989 0.3940
vn -0.9823 0.1593 -0.0985
vn -0.8282 -0.4984 0.2562
vn -0.4770 -0.8788 -0.0103
vn -0.5075 -0.8468 0.1592
vn -0.0337 0.8856 0.4633
vn -0.4349 0.7173 0.5444
vn -0.4721 0.7720 0.4256
vn -0.0119 -0.9944 -0.1047
vn 0.0298 -0.9971 0.0694
vn -0.9254 -0.2013 0.3212
vn -0.8243 -0.5430 0.1602
vn -0.9287 0.1862 0.3208
vn -0.9050 -0.0121 0.4253
vn -0.9502 -0.0078 0.3114
vn -0.9136 -0.2368 0.3305
vn -0.7988 0.4682 0.3776
vn -0.7843 0.4476 0.4296
vn -0.9930 0.1029 0.0583
vn -0.8677 -0.3994 -0.2958
vn -0.8858 -0.4273 -0.1811
vn -0.9947 -0.0849 -0.0575
vn -0.9996 -0.0257 -0.0145
vn -0.4804 0.7595 0.4386
vn -0.7695 0.5450 0.3330
vn -0.7906 0.4902 0.3670
vn -0.7572 0.4321 0.4898
vn -0.4486 -0.7696 -0.4544
vn -0.4208 -0.8464 -0.3265
vn 0.0031 0.8458 0.5335
vn -0.4644 0.7575 0.4589
vn -0.0030 -0.9355 -0.3532
vn -0.0028 -0.8833 -0.4687
vn -0.9086 0.2035 0.3647
vn -0.0777 0.9796 0.1852
vn 0.1042 0.2794 -0.9545
vn -0.5877 0.5500 -0.5934
vn -0.5393 0.2818 -0.7936
vn -0.4911 0.8004 0.3438
vn 0.0030 0.9492 0.3146
vn -0.4712 0.8491 0.2388
vn -0.3609 -0.7991 -0.4808
vn -0.0027 -0.8772 -0.4801
vn -0.0096 -0.8015 -0.5980
vn -0.9042 0.4091 0.1225
vn -0.9874 0.1077 0.1160
vn -0.9913 0.1271 -0.0344
vn -0.9852 0.1394 -0.0993
vn -0.9884 -0.0945 -0.1192
vn -0.1642 0.9859 0.0329
vn -0.4121 -0.8938 -0.1767
vn -0.0013 -0.9729 -0.2314
vn -0.0024 0.8262 0.5633
vn -0.4380 0.7442 0.5042
vn -0.8532 -0.5214 -0.0103
vn -0.9136 -0.0940 0.3957
vn -0.9933 -0.0869 0.0768
vn -0.0209 0.8110 0.5847
vn 0.2261 -0.9732 0.0424
vn 0.1153 -0.7194 0.6849
vn -0.0743 -0.0436 -0.9963
vn -0.6120 -0.6466 -0.4554
vn -0.0880 -0.7109 -0.6978
vn -0.5757 -0.3655 -0.7314
vn 0.2288 -0.7632 -0.6043
vn 0.5050 -0.3762 -0.7768
vn -0.5315 0.8055 0.2620
vn 0.0713 -0.7414 -0.6673
vn -0.0010 -0.3194 -0.9476
vn -0.9799 0.1953 -0.0401
vn -0.8876 0.4599 0.0249
vn -0.8662 0.4921 0.0872
vn -0.7818 -0.5586 -0.2769
vn 0.0017 0.9186 0.3952
vn -0.1351 -0.4636 -0.8757
vn -0.5557 -0.1946 -0.8083
vn -0.6372 -0.5700 -0.5187
vn -0.0006 -0.1874 -0.9823
vn 0.0030 0.9522 0.3053
vn -0.6909 0.6515 0.3135
vn -0.1595 0.1321 -0.9783
vn -0.0261 0.0943 -0.9952
vn -0.1273 -0.0382 -0.9911
vn -0.0156 -0.1269 -0.9918
vn -0.0112 0.0559 -0.9984
vn -0.0364 -0.1079 -0.9935
vn -0.8361 0.4974 0.2315
vn -0.9280 0.1374 -0.3463
vn -0.9444 -0.3287 -0.0059
vn -0.9609 0.2223 0.1649
vn -0.1801 0.0223 -0.9834
vn -0.9808 0.1274 -0.1478
vn 0.3149 -0.9461 0.0757
vn -0.0439 -0.9644 0.2609
vn 0.3190 -0.8930 0.3175
vn 0.8833 0.4472 0.1404
vn 0.9866 -0.0973 0.1311
vn 0.9173 0.3983 -0.0057
vn -0.5099 0.8301 -0.2259
vn -0.8660 0.4760 -0.1531
vn -0.9692 0.2103 -0.1285
vn -0.6434 -0.7654 0.0144
vn -0.5568 -0.8131 0.1697
vn -0.1523 -0.9788 0.1366
vn 0.1500 -0.1625 -0.9752
vn 0.2062 0.7249 -0.6572
vn -0.8363 -0.0395 -0.5468
vn -0.5360 -0.1099 -0.8371
vn -0.2168 -0.4270 -0.8779
vn 0.8097 0.1533 -0.5665
vn 0.9858 -0.1295 0.1066
vn 0.8053 -0.5351 0.2552
vn 0.3092 0.9501 -0.0405
vn -0.3669 0.9067 -0.2080
vn -0.9903 -0.1360 0.0279
vn -0.9242 -0.3819 0.0042
vn 0.3806 0.9236 -0.0452
vn -0.2036 -0.2297 -0.9517
vn 0.7271 -0.4777 -0.4930
vn 0.6791 0.1907 -0.7088
vn -0.9784 0.2005 0.0505
vn -0.9082 -0.4122 -0.0722
vn -0.9614 -0.2569 -0.0984
vn -0.8262 0.4144 -0.3817
vn -0.9929 0.1182 -0.0104
vn -0.1855 0.3685 -0.9109
vn 0.1244 0.6881 -0.7149
vn -0.2007 -0.8803 -0.4298
vn -0.4442 -0.8668 -0.2264
vn 0.0450 -0.9119 -0.4079
vn -0.6280 -0.7470 -0.2181
vn -0.7534 0.4263 -0.5007
vn 0.9433 0.3174 0.0973
vn 0.7572 0.5028 0.4169
vn -0.9361 -0.3404 -0.0883
vn -0.9891 0.1461 -0.0204
vn 0.2328 0.7721 -0.5913
vn -0.2145 -0.9669 -0.1384
vn 0.2711 -0.9452 -0.1820
vn -0.6426 0.5055 -0.5758
vn -0.0245 -0.0511 0.9984
vn -0.5335 0.1960 0.8227
vn -0.0991 0.0765 0.9921
vn -0.3844 -0.9014 0.1993
vn -0.4643 0.0226 0.8854
vn -0.0200 -0.0292 -0.9994
vn -0.4728 0.0660 -0.8787
vn -0.0852 -0.0257 -0.9960
vn -0.9097 0.2828 0.3042
vn -0.9444 0.2298 0.2353
vn -0.8795 0.3407 0.3323
vn -0.9507 0.1430 0.2752
vn 0.8512 -0.3185 0.4171
vn 0.6490 -0.7569 0.0771
vn 0.9026 -0.4149 0.1151
vn -0.9679 -0.2239 0.1143
vn -0.8688 -0.4727 0.1473
vn -0.9802 -0.0659 0.1868
vn -0.0974 -0.0612 -0.9934
vn 0.0140 0.0009 -0.9999
vn -0.0180 -0.0708 -0.9973
vn -0.6383 -0.3158 0.7020
vn -0.0700 -0.2304 0.9706
vn -0.6002 -0.0546 0.7980
vn -0.0058 -0.0469 -0.9989
vn -0.8088 -0.1526 -0.5680
vn -0.6191 0.1432 -0.7721
vn 0.3251 -0.1623 0.9317
vn 0.8827 -0.3109 0.3524
vn 0.2245 -0.4210 0.8788
vn -0.1653 -0.5855 -0.7936
vn -0.6307 0.4310 -0.6453
vn -0.7672 -0.4992 -0.4027
vn -0.9078 -0.1861 0.3759
vn -0.6440 -0.6692 0.3707
vn -0.9950 0.0634 0.0775
vn -0.8826 -0.2923 0.3682
vn -0.7830 -0.2378 0.5748
vn -0.8486 -0.4284 0.3104
vn -0.9790 0.0175 0.2032
vn -0.9907 0.0311 0.1326
vn -0.3099 -0.9483 -0.0682
vn -0.5983 -0.7926 -0.1173
vn -0.8029 -0.5952 -0.0329
vn 0.1700 0.5335 -0.8285
vn -0.6738 0.3128 -0.6695
vn -0.6479 0.5039 -0.5712
vn -0.4440 -0.8899 0.1042
vn -0.9760 -0.0119 -0.2174
vn -0.2094 -0.6508 -0.7298
vn 0.6708 -0.7416 0.0031
vn 0.0265 -0.3834 -0.9232
vn 0.4183 -0.8174 0.3961
vn -0.9965 0.0833 0.0084
vn -0.8959 -0.3780 0.2334
vn 0.1455 0.4435 -0.8844
vn -0.1447 -0.4649 -0.8735
vn -0.7155 -0.6961 -0.0600
vn -0.5821 -0.4527 -0.6755
vn 0.2352 -0.2433 0.9410
vn 0.8064 -0.4771 0.3494
vn 0.2148 -0.4913 0.8441
vn -0.2830 0.1702 0.9439
vn 0.4140 -0.2156 0.8844
vn -0.0916 0.0022 -0.9958
vn -0.4946 0.1599 -0.8543
vn -0.4210 0.2787 -0.8632
vn -0.2897 0.1280 0.9485
vn 0.3214 -0.5873 0.7428
vn 0.4386 -0.3269 0.8371
vn -0.7190 0.6130 0.3275
vn -0.3830 0.3122 0.8694
vn -0.8606 0.2419 0.4481
vn -0.7798 0.3487 0.5198
vn -0.7047 0.3477 0.6185
vn 0.9402 0.1068 0.3233
vn 0.9990 0.0187 0.0417
vn 0.9779 0.1348 -0.1596
vn -0.7956 0.2755 0.5396
vn -0.6793 0.3374 0.6517
vn 0.6352 -0.7709 -0.0467
vn 0.2691 -0.9622 -0.0413
vn 0.7017 -0.7047 0.1046
vn -0.7390 0.1116 -0.6644
vn -0.9601 -0.2110 -0.1834
vn -0.9764 0.1840 0.1127
vn 0.7793 -0.6042 0.1661
vn 0.3797 -0.4989 -0.7790
vn 0.1191 -0.9464 -0.3002
vn 0.0435 -0.6027 -0.7968
vn -0.8367 0.3622 0.4107
vn -0.8167 0.3519 0.4573
vn -0.2069 -0.9485 0.2399
vn -0.8485 -0.2032 -0.4886
vn -0.8131 0.5289 0.2430
vn 0.6246 -0.1071 -0.7736
vn -0.0598 -0.8143 -0.5774
vn -0.3571 -0.0163 0.9339
vn -0.3679 -0.8480 -0.3815
vn -0.7250 0.6512 0.2241
vn -0.6988 0.5745 0.4263
vn -0.6678 -0.1128 0.7358
vn 0.0397 -0.9139 0.4040
vn 0.1104 -0.8191 0.5630
vn -0.2209 -0.9476 0.2308
vn -0.8770 -0.4709 0.0957
vn 0.6523 -0.7386 -0.1703
vn 0.1488 -0.9748 -0.1661
vn -0.2723 0.7811 -0.5619
vn -0.8605 0.4765 0.1801
vn 0.4762 -0.1622 -0.8642
vn -0.2810 0.8003 -0.5296
vn 0.7139 -0.0282 -0.6997
vn -0.0800 -0.9928 -0.0886
vn 0.6946 -0.6895 -0.2053
vn -0.9225 -0.3550 0.1515
vn 0.1123 -0.8029 -0.5855
vn -0.7982 -0.1899 0.5716
vn 0.0596 -0.0714 -0.9957
vn -0.2727 -0.9499 -0.1529
vn -0.5992 -0.1249 -0.7908
vn -0.2933 0.4278 -0.8550
vn -0.8930 0.1268 0.4318
vn -0.9492 0.1128 0.2938
vn -0.9530 0.0936 0.2880
vn -0.9530 0.2762 0.1249
vn 0.7455 -0.5349 0.3977
vn 0.3312 -0.3764 0.8652
vn -0.8615 0.4923 0.1243
vn 0.6953 -0.6207 0.3623
vn 0.0934 -0.0350 -0.9950
vn 0.4918 0.0111 -0.8706
vn 0.5286 0.0350 -0.8482
vn -0.8030 0.5915 -0.0732
vn -0.4704 -0.3757 -0.7985
vn -0.2652 -0.1356 0.9546
vn -0.5910 0.0560 0.8047
vn -0.2935 -0.2280 0.9284
vn -0.1257 -0.0563 -0.9905
vn -0.1655 -0.0107 -0.9861
vn -0.1250 0.0655 -0.9900
vn -0.6462 -0.4896 0.5854
vn -0.6320 0.6357 -0.4432
vn -0.1745 0.4116 -0.8945
vn -0.2681 0.2210 -0.9377
vn -0.0896 -0.0216 -0.9957
vn -0.0580 0.0186 -0.9981
vn -0.6764 -0.2650 0.6872
vn -0.6810 -0.5992 0.4209
vn 0.0563 -0.1037 -0.9930
vn 0.0691 -0.0709 -0.9951
vn 0.7755 -0.0370 -0.6303
vn 0.8561 -0.5168 -0.0052
vn 0.8196 0.0280 -0.5723
vn -0.0551 0.0213 -0.9983
vn 0.0086 0.0276 -0.9996
vn 0.0127 0.4692 -0.8830
vn 0.0969 0.8906 -0.4443
vn -0.3816 0.8642 -0.3279
vn 0.2149 0.9229 -0.3194
vn 0.8381 0.0723 0.5408
vn 0.9109 -0.0488 0.4097
vn -0.8968 0.0340 0.4410
vn 0.4844 0.0430 -0.8738
vn 0.7562 0.0811 -0.6493
vn 0.9249 0.1645 -0.3428
vn -0.6957 0.6924 -0.1911
vn 0.3091 -0.6088 0.7306
vn 0.5879 -0.4230 0.6895
vn 0.5949 -0.4211 0.6847
vn -0.1297 -0.9663 0.2222
vn 0.4061 -0.2312 -0.8841
vn 0.0136 0.0174 -0.9998
vn 0.5260 -0.1043 0.8441
vn 0.9096 -0.2800 0.3069
vn 0.8966 -0.2627 0.3564
vn 0.8734 -0.4188 0.2485
vn 0.2874 -0.6090 0.7393
vn 0.4789 -0.3809 0.7909
vn 0.7023 -0.5865 0.4035
vn 0.2918 -0.9262 0.2387
vn 0.0723 -0.0094 -0.9973
vn 0.8500 -0.3915 0.3523
vn 0.5797 -0.5233 -0.6246
vn -0.0112 -0.0611 -0.9981
vn -0.7112 0.5599 0.4251
vn 0.5705 -0.5858 0.5756
vn 0.0903 -0.8755 0.4746
vn 0.5429 -0.7411 0.3950
vn 0.7975 -0.5994 0.0687
vn 0.4905 -0.6551 0.5747
vn 0.3856 -0.8114 0.4392
vn 0.7911 -0.5552 0.2568
vn 0.3907 -0.8051 0.4463
vn -0.0323 -0.9731 -0.2280
vn -0.3266 -0.8883 -0.3230
vn 0.7299 -0.1423 -0.6686
vn 0.1731 0.1480 -0.9737
vn 0.7837 -0.5825 -0.2158
vn 0.4994 -0.8521 0.1568
vn -0.2655 -0.2879 -0.9201
vn -0.8430 -0.3139 0.4368
vn -0.8000 -0.4322 0.4162
vn 0.1851 -0.9808 -0.0615
vn -0.2978 -0.9509 -0.0843
vn 0.3554 -0.9090 -0.2179
vn 0.3879 -0.6382 -0.6650
vn -0.9386 -0.0920 0.3324
vn -0.3906 -0.1149 0.9134
vn -0.6087 -0.4157 0.6757
vn -0.5361 -0.0583 0.8421
vn 0.3218 0.0071 0.9468
vn 0.2915 -0.0519 0.9552
vn -0.6122 -0.2681 0.7439
vn 0.3309 -0.2164 0.9185
vn 0.8773 0.1317 0.4615
vn 0.3104 -0.0609 0.9487
vn 0.8460 -0.1383 0.5150
vn 0.8510 -0.0753 0.5197
vn -0.5946 -0.1756 0.7846
vn -0.6297 -0.6562 0.4158
vn -0.0710 -0.4880 0.8699
vn 0.8436 -0.1436 0.5174
vn -0.6269 -0.0187 0.7789
vn -0.8991 -0.1710 0.4030
vn -0.8434 -0.4910 0.2180
vn -0.7687 -0.6337 0.0870
vn -0.9727 -0.0453 0.2276
vn 0.5141 -0.0634 -0.8554
vn -0.5488 -0.2670 -0.7921
vn -0.6653 -0.7286 -0.1628
vn -0.3145 -0.4865 -0.8151
vn -0.3568 -0.9183 -0.1715
vn 0.8374 -0.1455 0.5269
vn -0.9454 -0.2387 0.2219
vn 0.5748 -0.3678 -0.7310
vn 0.8763 -0.4435 0.1880
vn 0.5683 -0.8086 -0.1523
vn 0.8430 -0.1623 0.5128
vn 0.9602 -0.1075 0.2577
vn 0.6026 -0.6185 -0.5043
vn 0.6557 -0.7476 0.1054
vn -0.5655 0.2771 -0.7768
vn -0.4481 -0.6483 -0.6156
vn -0.5324 -0.7125 0.4571
vn -0.2616 -0.8957 -0.3596
vn 0.9730 0.1665 0.1598
vn 0.4599 -0.5008 0.7333
vn -0.5679 -0.7184 0.4017
vn 0.5464 -0.6230 0.5597
vn -0.5313 -0.6303 0.5661
vn 0.0988 -0.9357 -0.3387
vn 0.2919 -0.9535 0.0747
vn -0.9566 -0.2322 -0.1763
vn -0.2897 -0.9212 0.2598
vn -0.7259 -0.6700 -0.1553
vn 0.7182 0.3785 -0.5839
vn 0.9739 -0.1485 0.1717
vn 0.6601 0.4959 -0.5642
vn -0.5973 0.4145 -0.6866
vn 0.4945 0.1108 -0.8621
vn -0.4322 0.1340 -0.8918
vn -0.9706 -0.1302 -0.2024
vn -0.3477 -0.9371 -0.0295
vn -0.5885 -0.5383 -0.6032
vn 0.5005 -0.8561 0.1287
vn -0.8863 -0.1322 -0.4439
vn 0.7305 -0.4579 -0.5067
vn 0.3005 -0.4784 -0.8251
vn 0.4485 -0.8934 -0.0264
vn 0.0042 0.0231 0.9997
vn -0.9243 -0.1524 0.3499
vn -0.8963 -0.0334 0.4422
vn -0.6455 -0.2209 0.7312
vn -0.7476 0.6605 -0.0696
vn 0.9936 -0.0936 0.0627
vn 0.0734 -0.5898 -0.8042
vn 0.1157 -0.8121 0.5719
vn 0.0486 -0.3232 0.9451
vn 0.6307 -0.3830 0.6749
vn 0.0980 -0.1150 -0.9885
vn 0.1749 -0.0289 -0.9842
vn 0.1927 -0.1047 -0.9757
vn 0.8595 -0.4095 0.3058
vn 0.2414 0.2265 -0.9436
vn 0.7785 0.5054 -0.3721
vn 0.1951 -0.7159 0.6704
vn 0.1434 -0.8544 0.4994
vn -0.5463 -0.8218 0.1618
vn -0.6356 -0.1602 0.7552
vn -0.3326 0.8126 -0.4786
vn 0.9372 0.1740 0.3023
vn 0.9826 0.1661 -0.0830
vn 0.2533 0.0168 -0.9672
vn -0.3761 0.3880 -0.8415
vn 0.9879 0.0698 -0.1383
vn 0.8774 -0.2325 0.4197
vn -0.2490 -0.6346 0.7316
vn -0.3237 -0.9258 0.1952
vn 0.4138 -0.8487 -0.3294
vn 0.6648 -0.7083 0.2374
vn 0.5548 -0.7313 -0.3968
vn 0.8659 0.4369 -0.2437
vn -0.6768 -0.1687 0.7165
vn -0.5002 0.1886 0.8451
vn -0.2473 -0.8038 0.5410
vn -0.1410 -0.4729 0.8698
vn -0.2409 -0.7519 0.6137
vn -0.1745 -0.5629 0.8079
vn -0.2313 -0.7614 0.6056
vn -0.9032 0.2690 0.3345
vn 0.5824 -0.2838 -0.7617
vn 0.8940 0.3459 0.2848
vn 0.6585 -0.1800 -0.7307
vn 0.8936 -0.4487 0.0110
vn 0.0435 -0.6561 0.7535
vn 0.2428 -0.5153 0.8219
vn -0.4800 -0.4280 0.7658
vn -0.2093 -0.5527 0.8067
vn -0.4718 -0.7521 0.4601
vn -0.2186 -0.9585 -0.1830
vn 0.8276 -0.5612 0.0113
vn 0.9317 -0.3625 0.0218
vn 0.5492 -0.1859 0.8147
vn -0.4505 0.3070 -0.8383
vn 0.2343 -0.5756 0.7834
vn -0.3287 -0.9444 -0.0081
vn 0.7540 -0.3084 -0.5799
vn 0.2032 -0.7092 0.6751
vn 0.8945 0.3412 0.2889
vn 0.0663 0.4976 -0.8649
vn 0.0836 0.5921 -0.8015
vn -0.5759 -0.6798 -0.4541
vn -0.0661 -0.4220 -0.9042
vn 0.3152 -0.8771 0.3625
vn -0.2373 -0.5094 -0.8272
vn 0.2174 -0.8299 0.5138
vn 0.5951 -0.8006 0.0696
vn 0.6039 0.4194 0.6778
vn 0.4232 -0.8933 0.1516
vn 0.7925 0.4036 0.4573
vn -0.1127 0.8950 -0.4315
vn 0.0546 0.7708 -0.6347
vn 0.0629 -0.2869 -0.9559
vn 0.7906 0.3906 -0.4715
vn 0.5204 0.4006 0.7541
vn 0.5299 -0.8441 -0.0813
vn -0.1805 0.9260 -0.3317
vn 0.2687 -0.4762 0.8373
vn 0.6717 0.1386 -0.7277
vn 0.7309 0.0976 0.6755
vn -0.6215 -0.7828 0.0321
vn -0.7019 -0.4545 0.5484
vn -0.9509 -0.1437 -0.2742
vn 0.6868 -0.6556 -0.3137
vn 0.9844 -0.1232 0.1254
vn 0.0103 -0.5892 0.8079
vn 0.0784 -0.9953 -0.0567
vn 0.5790 -0.7745 0.2548
vn -0.2852 -0.9354 -0.2089
vn -0.4643 -0.8769 -0.1243
vn -0.4931 -0.5545 0.6704
vn -0.5482 -0.3341 0.7667
vn -0.9659 -0.2513 -0.0619
vn -0.7849 -0.6137 0.0853
vn -0.6220 -0.4133 0.6651
vn 0.7719 -0.6335 0.0524
vn 0.3877 -0.4879 -0.7821
vn -0.0697 -0.9143 -0.3991
vn 0.0471 -0.4933 -0.8686
vn 0.4065 -0.3606 -0.8395
vn 0.3725 -0.3736 -0.8495
vn -0.1640 0.1157 0.9796
vn 0.2925 0.1896 0.9373
vn -0.1973 0.2105 -0.9575
vn 0.4323 -0.7026 0.5653
vn 0.3585 0.5405 0.7612
vn 0.0787 -0.5929 -0.8015
vn 0.3484 -0.4138 -0.8411
vn 0.4104 -0.4381 -0.7998
vn -0.5476 -0.5795 -0.6036
vn 0.2102 -0.5351 -0.8182
vn 0.2752 -0.5480 -0.7899
vn 0.0672 -0.4034 -0.9125
vn 0.2142 -0.1928 -0.9576
vn 0.2922 -0.2428 -0.9250
vn 0.0883 -0.6537 -0.7516
vn 0.0482 0.4420 0.8957
vn 0.0587 -0.4905 -0.8695
vn -0.0164 0.3188 0.9477
vn 0.0584 -0.5357 -0.8424
vn 0.0675 -0.2756 -0.9589
vn 0.2492 -0.2638 -0.9318
vn 0.5779 -0.6684 0.4682
vn 0.2064 -0.4678 -0.8594
vn 0.4137 -0.3844 -0.8253
vn 0.4659 -0.4156 -0.7812
vn 0.4540 -0.3249 -0.8297
vn 0.4142 -0.3500 -0.8402
vn 0.6946 -0.3940 -0.6019
vn 0.1358 -0.3633 -0.9217
vn -0.0278 -0.2720 -0.9619
vn 0.4178 -0.2109 -0.8837
vn 0.3251 -0.2802 -0.9032
vn 0.1611 -0.4530 -0.8768
vn 0.0490 -0.5420 -0.8390
vn 0.0277 -0.4706 -0.8819
vn 0.0309 -0.4814 -0.8760
vn 0.0548 -0.3849 -0.9213
vn 0.0554 -0.5581 -0.8279
vn 0.0660 -0.6008 -0.7967
vn 0.0339 -0.4973 -0.8669
vn 0.4065 0.6791 0.6112
vn 0.4550 0.5178 0.7245
vn 0.3560 0.4808 0.8013
vn -0.0035 0.1377 0.9905
vn -0.5721 0.1419 0.8078
vn 0.1911 0.7506 0.6326
vn 0.0077 0.2717 0.9624
vn -0.3526 0.4405 0.8256
vn -0.0888 0.5910 0.8018
vn 0.2506 0.2717 0.9292
vn 0.1056 -0.9891 0.1027
vn 0.1626 -0.0928 0.9823
vn -0.8252 -0.5621 -0.0552
vn -0.1102 0.6584 0.7446
vn -0.0296 0.5446 0.8382
vn -0.0232 0.4077 0.9128
vn -0.7540 -0.5114 0.4122
vn -0.9225 -0.2648 0.2809
vn -0.9466 -0.2660 0.1824
vn -0.9590 -0.2732 0.0758
vn -0.8804 -0.2945 0.3718
vn -0.9436 -0.2696 0.1922
vn 0.0678 0.4000 -0.9140
vn 0.0159 0.3402 -0.9402
vn 0.0582 0.3852 -0.9210
vn 0.0015 0.4774 -0.8787
vn -0.5060 -0.6937 0.5125
vn -0.4919 -0.6945 0.5251
vn 0.1765 -0.5037 -0.8456
vn -0.5603 -0.5476 -0.6215
vn -0.4494 0.4016 0.7979
vn -0.8911 -0.0873 0.4453
vn -0.4710 0.3131 0.8247
vn -0.9122 -0.2040 0.3553
vn -0.1079 0.7371 0.6671
vn -0.5697 0.2149 0.7933
vn -0.0733 0.5119 0.8559
vn -0.9449 -0.2486 0.2129
vn -0.9302 -0.2846 0.2319
vn -0.6383 -0.6434 -0.4225
vn -0.8011 -0.5619 0.2061
vn -0.0534 0.4696 0.8813
vn -0.0660 0.4306 0.9001
vn -0.2556 -0.0121 0.9667
vn -0.4805 -0.1703 0.8603
vn 0.0511 -0.4615 -0.8856
vn -0.0731 -0.8970 -0.4360
vn -0.3923 0.1971 0.8985
vn -0.5064 -0.7121 0.4862
vn -0.7354 -0.2866 0.6141
vn -0.1081 0.7226 0.6828
vn -0.0572 0.5558 0.8294
vn 0.0160 0.3092 0.9509
vn 0.2049 0.3082 0.9290
vn 0.2525 -0.1563 0.9549
vn 0.4572 0.0270 0.8890
vn 0.2571 0.3638 0.8953
vn 0.5131 0.0838 0.8543
vn -0.4887 -0.1324 0.8624
vn 0.0273 0.1070 0.9939
vn -0.2938 0.2891 0.9111
vn -0.0946 -0.4498 0.8881
vn -0.5061 -0.5233 0.6856
vn -0.4410 -0.5827 0.6827
vn -0.5910 -0.6282 0.5060
vn -0.5660 -0.4705 0.6770
vn -0.2612 -0.2595 0.9297
vn -0.0072 -0.6078 0.7941
vn 0.4169 -0.4257 0.8031
vn -0.3964 -0.6489 0.6495
vn 0.0457 -0.7872 0.6150
vn -0.3798 -0.7187 0.5825
vn 0.6940 -0.2161 0.6868
vn 0.6963 -0.5460 0.4659
vn 0.7627 -0.4888 0.4235
vn 0.4696 -0.6822 0.5604
vn 0.7065 -0.7006 0.1000
vn 0.6367 -0.7573 0.1451
vn -0.0038 -0.9012 0.4333
vn 0.4159 -0.8654 0.2794
vn -0.3927 -0.7697 0.5034
vn 0.5359 -0.8103 -0.2371
vn 0.4605 -0.8669 -0.1909
vn -0.1072 -0.9675 0.2289
vn 0.2605 -0.9652 -0.0211
vn -0.4329 -0.7960 0.4230
vn 0.2841 -0.8009 -0.5271
vn 0.2088 -0.8542 -0.4762
vn -0.2722 -0.9620 0.0214
vn -0.4944 -0.7941 0.3535
vn 0.0209 -0.9534 -0.3009
vn -0.0790 -0.7401 -0.6678
vn -0.0044 -0.6792 -0.7339
vn -0.5682 -0.7646 0.3042
vn -0.4554 -0.8864 -0.0832
vn -0.2509 -0.8413 -0.4789
vn -0.3128 -0.4636 -0.8290
vn -0.3861 -0.5340 -0.7522
vn -0.5170 -0.6596 -0.5456
vn -0.6445 -0.7107 0.2821
vn -0.6445 -0.7517 -0.1396
vn -0.5898 -0.1849 -0.7861
vn -0.6538 -0.2620 -0.7098
vn -0.7608 -0.4104 -0.5028
vn -0.8267 -0.5500 -0.1188
vn -0.7098 -0.6410 0.2921
vn -0.8343 0.0315 -0.5504
vn -0.7771 0.1162 -0.6186
vn -0.9271 -0.1383 -0.3483
vn -0.9330 -0.3599 -0.0035
vn -0.7535 -0.5673 0.3324
vn -0.9071 0.3053 -0.2897
vn -0.8483 0.3964 -0.3510
vn -0.9881 0.1078 -0.1096
vn -0.7694 -0.5012 0.3960
vn -0.9625 -0.2188 0.1606
vn -0.8586 0.5121 0.0231
vn -0.7949 0.6059 -0.0310
vn -0.7561 -0.4507 0.4746
vn -0.9286 -0.0945 0.3588
vn -0.9421 0.2906 0.1670
vn -0.7018 0.6293 0.3338
vn -0.6217 0.7290 0.2865
vn -0.7147 -0.4238 0.5565
vn -0.8302 -0.0441 0.5557
vn -0.8118 0.3851 0.4389
vn -0.4323 0.6434 0.6318
vn -0.3381 0.7366 0.5857
vn -0.6557 -0.4319 0.6193
vn -0.6909 -0.0614 0.7204
vn -0.5918 0.3850 0.7082
vn -0.1007 0.5310 0.8414
vn -0.0386 0.5931 0.8042
vn 0.6347 -0.2659 0.7256
vn 0.8304 -0.0388 0.5558
vn 0.9028 -0.4177 0.1020
vn 0.8338 0.1150 0.5399
vn 0.6979 -0.7162 0.0011
vn 0.8121 -0.4631 0.3550
vn 0.7548 -0.6558 -0.0149
vn 0.4824 -0.1690 0.8595
vn 0.4355 0.0865 0.8960
vn 0.9259 -0.0003 0.3777
vn 0.9456 -0.0642 0.3189
vn 0.9188 0.0787 0.3867
vn 0.8080 -0.0680 0.5852
vn 0.8583 -0.1534 0.4897
vn 0.7266 -0.4818 0.4898
vn 0.5488 -0.4716 0.6902
vn 0.9047 -0.4206 0.0677
vn 0.9815 -0.0883 0.1698
vn 0.8986 -0.1522 0.4116
vn 0.9452 -0.1053 0.3091
vn 0.6413 -0.7302 0.2356
vn 0.8847 0.1287 0.4480
vn 0.9396 -0.2068 0.2727
vn 0.8259 -0.5637 -0.0129
vn 0.8241 -0.3228 0.4655
vn 0.6030 0.3973 0.6918
vn 0.6996 -0.5709 0.4297
vn 0.8966 0.1646 0.4112
vn 0.8537 0.2673 0.4469
vn 0.9477 0.1608 0.2756
vn 0.8270 0.4246 0.3685
vn 0.9612 0.2741 0.0322
vn 0.9607 0.2661 0.0795
vn 0.6025 0.5710 0.5575
vn 0.6070 0.5222 0.5990
vn 0.8065 0.4587 0.3729
vn 0.9801 -0.0499 0.1919
vn 0.9728 -0.1929 0.1284
vn 0.9004 -0.4171 -0.1234
vn 0.6984 0.0436 0.7144
vn 0.7433 -0.3832 0.5484
vn 0.9175 0.0695 0.3916
vn 0.8878 0.1121 -0.4463
vn 0.6399 0.4933 0.5892
vn 0.9243 0.2286 0.3056
vn 0.8864 0.3656 0.2841
vn 0.6902 0.2713 0.6708
vn 0.9688 0.2331 0.0847
vn 0.9701 0.1983 0.1403
vn 0.8006 0.0214 0.5988
vn 0.9433 -0.3090 0.1213
vn 0.9801 -0.1941 0.0411
vn 0.7652 -0.5911 -0.2550
vn 0.9627 -0.0783 0.2591
vn 0.9987 -0.0312 -0.0393
vn 0.7895 -0.6118 -0.0484
vn 0.8136 -0.1961 0.5473
vn 0.9910 0.0843 0.1036
vn 0.7516 0.0416 0.6583
vn 0.6666 0.2370 0.7067
vn 0.8398 0.1476 -0.5224
vn 0.9918 0.0625 0.1115
vn 0.7031 0.1273 0.6996
vn 0.9975 0.0699 0.0032
vn 0.6554 -0.3859 -0.6492
vn 0.9816 -0.0031 -0.1910
vn 0.6840 -0.5199 -0.5117
vn 0.6170 0.4064 0.6739
vn 0.9640 -0.0381 -0.2630
vn 0.7316 -0.4528 -0.5096
vn 0.5923 -0.3372 -0.7317
vn 0.6727 0.3988 0.6233
vn 0.9550 -0.2237 -0.1949
vn 0.6172 -0.3945 -0.6808
vn 0.7748 -0.5485 -0.3145
vn 0.7157 -0.4709 0.5159
vn 0.7226 -0.0378 0.6902
vn 0.8421 -0.4606 -0.2805
vn 0.7828 -0.4451 -0.4349
vn 0.9861 -0.0824 0.1440
vn 0.7005 0.1875 0.6886
vn 0.8014 0.1029 0.5892
vn 0.7290 -0.6828 -0.0480
vn 0.8862 -0.0157 0.4630
vn 0.9233 -0.3216 0.2100
vn 0.8520 -0.3757 0.3647
vn 0.8814 -0.3225 0.3451
vn 0.8956 -0.1615 0.4145
vn 0.6719 -0.7386 -0.0545
vn 0.9794 -0.0369 0.1985
vn 0.3730 0.3813 0.8459
vn 0.9179 -0.3619 0.1627
vn 0.9810 -0.1048 0.1634
vn 0.9306 -0.3656 0.0183
vn 0.8818 -0.3025 0.3617
vn 0.9560 -0.2261 0.1870
vn 0.9300 -0.2335 0.2837
vn 0.6569 0.3251 0.6803
vn 0.3715 0.4661 0.8029
vn 0.9817 -0.0509 0.1837
vn 0.9492 -0.2469 0.1952
vn 0.8267 -0.2024 0.5250
vn 0.9697 -0.1285 0.2076
vn 0.8895 -0.4082 0.2053
vn 0.7065 -0.1095 0.6992
vn 0.2421 0.6661 0.7055
vn 0.7757 0.0818 0.6257
vn 0.1604 0.0389 0.9863
vn 0.7040 0.0457 0.7087
vn 0.3862 0.8712 0.3030
vn 0.9187 0.1814 0.3508
vn 0.0727 -0.8111 0.5803
vn 0.6871 -0.5364 0.4900
vn 0.9335 0.1135 0.3402
vn 0.8821 0.3239 0.3419
vn 0.9566 0.0662 0.2838
vn 0.9783 0.1593 0.1324
vn 0.9338 -0.0598 0.3528
vn 0.7194 0.6473 -0.2520
vn 0.9534 0.2928 0.0730
vn 0.7281 0.1783 -0.6619
vn 0.5239 -0.2158 -0.8240
vn 0.3788 -0.6049 -0.7004
vn 0.2665 -0.9302 -0.2523
vn 0.9262 -0.3327 -0.1775
vn 0.7351 -0.6732 -0.0803
vn 0.8930 -0.3856 -0.2320
vn 0.9116 -0.0858 0.4020
vn 0.9795 -0.1962 -0.0455
vn 0.1064 0.4509 0.8862
vn 0.9325 -0.3610 -0.0051
vn 0.9718 0.1662 0.1674
vn 0.8859 0.3120 0.3432
vn 0.9323 0.1375 0.3344
vn 0.9257 -0.0096 0.3782
vn 0.8451 -0.2860 0.4516
vn 0.8918 -0.0819 0.4449
vn 0.9579 -0.1350 0.2535
vn 0.8582 -0.3130 0.4068
vn 0.8982 -0.1175 0.4236
vn 0.8697 -0.3597 0.3379
vn 0.9455 -0.2974 0.1325
vn 0.8533 -0.3328 0.4013
vn 0.8378 -0.0590 0.5427
vn 0.7156 0.4032 0.5703
vn 0.3951 0.2558 0.8823
vn 0.7011 0.7118 0.0425
vn 0.3090 0.9505 0.0338
vn 0.3261 0.9416 0.0838
vn 0.8449 0.5316 -0.0599
vn 0.6902 0.7236 0.0039
vn 0.9490 0.3089 0.0635
vn 0.8293 0.5250 -0.1913
vn 0.8452 0.5342 0.0138
vn 0.6556 0.7465 0.1134
vn 0.6320 0.7063 0.3189
vn 0.6656 -0.7455 -0.0343
vn 0.6474 -0.7533 -0.1159
vn 0.3305 0.9093 0.2529
vn 0.3512 0.8158 0.4595
vn 0.9793 0.2019 0.0174
vn 0.9220 0.3564 -0.1510
vn 0.9199 -0.3511 -0.1749
vn 0.9030 -0.3950 -0.1689
vn 0.9942 0.0032 -0.1078
vn 0.9699 0.1354 -0.2022
vn 0.9645 -0.0638 -0.2563
vn 0.9766 0.1103 0.1845
vn 0.6864 0.5539 0.4713
vn 0.3762 0.5419 0.7516
vn 0.7250 0.4596 0.5130
vn 0.3799 0.6020 0.7023
vn 0.8861 0.3500 0.3039
vn 0.6561 0.6191 0.4316
vn 0.3810 0.6778 0.6288
vn 0.6583 0.6276 0.4156
vn 0.9365 0.2497 0.2463
vn 0.3684 0.7245 0.5826
vn 0.8368 0.4376 0.3291
vn 0.8413 0.4021 0.3613
vn -0.1548 0.3040 0.9400
vn -0.8260 -0.3692 -0.4259
vn -0.8221 -0.3453 -0.4526
vn -0.6794 -0.4254 -0.5979
vn 0.9622 -0.0607 -0.2655
vn 0.1215 -0.9010 -0.4164
vn 0.8666 -0.4677 0.1737
vn 0.1635 -0.4541 -0.8758
vn -0.4588 -0.7058 -0.5398
vn 0.0414 0.9990 0.0150
vn -0.7992 0.5983 -0.0580
vn 0.0236 -0.7544 -0.6560
vn 0.7386 -0.6664 0.1017
vn 0.8279 0.1173 0.5485
vn 0.8492 -0.1987 0.4892
vn 0.2379 -0.9708 0.0315
vn 0.8051 -0.0173 0.5929
vn 0.2139 -0.9583 0.1894
vn 0.5645 0.4666 0.6809
vn -0.2329 0.6650 0.7096
vn 0.2992 0.6733 0.6761
vn -0.8101 0.5822 0.0697
vn -0.6712 0.1894 -0.7167
vn 0.3246 -0.9453 0.0317
vn 0.8366 -0.0422 0.5463
vn 0.3449 -0.8931 -0.2888
vn 0.9507 -0.0784 0.3000
vn 0.2701 -0.9547 -0.1248
vn 0.7584 -0.1172 0.6411
vn 0.7364 0.3593 0.5733
vn 0.7656 0.4626 0.4471
vn 0.6057 0.7884 0.1075
vn 0.7791 0.4520 0.4344
vn -0.2812 0.7653 -0.5790
vn -0.7800 0.1286 -0.6125
vn -0.7802 0.0231 -0.6251
vn 0.8092 0.4969 0.3135
vn 0.4394 0.8442 0.3069
vn 0.4769 0.8241 0.3056
vn 0.8859 0.3567 0.2965
vn 0.9706 0.2406 -0.0030
vn 0.8595 0.4367 0.2657
vn 0.8236 0.4822 0.2987
vn 0.5156 0.8265 0.2259
vn 0.8184 0.4706 0.3298
vn -0.4447 0.8814 -0.1594
vn -0.9579 0.0819 -0.2752
vn -0.9185 0.1025 -0.3819
vn -0.7567 -0.3805 -0.5316
vn -0.6144 -0.6164 -0.4924
vn -0.6924 -0.3712 -0.6187
vn -0.6525 0.7577 0.0090
vn -0.9622 0.0358 -0.2701
vn -0.5885 0.8083 0.0199
vn 0.4792 -0.3491 -0.8053
vn 0.9963 0.0355 0.0778
vn 0.3772 -0.7623 -0.5260
vn 0.9844 -0.0153 0.1750
vn 0.8767 0.3317 0.3483
vn -0.8569 -0.3822 -0.3460
vn -0.7215 -0.5131 -0.4649
vn -0.7271 -0.5685 -0.3849
vn 0.7883 0.5397 0.2955
vn 0.6219 0.7603 0.1874
vn -0.8982 -0.2105 -0.3859
vn -0.9531 -0.0026 -0.3027
vn -0.8498 0.1210 -0.5130
vn -0.3716 0.8922 -0.2566
vn 0.7836 0.4651 0.4119
vn 0.5012 0.8296 0.2461
vn 0.8349 0.3243 0.4447
vn 0.9078 -0.0749 0.4126
vn 0.2321 -0.9709 -0.0582
vn 0.5814 0.8072 0.1021
vn -0.3531 0.7547 -0.5530
vn 0.7518 -0.0782 0.6548
vn 0.8056 0.3060 0.5074
vn 0.7582 0.2778 0.5899
vn 0.1617 -0.9522 0.2591
vn -0.8080 -0.3702 -0.4583
vn -0.7305 -0.5691 -0.3774
vn -0.7138 -0.5547 -0.4276
vn -0.8443 -0.3765 -0.3813
vn -0.8484 -0.3738 -0.3748
vn 0.8745 -0.0528 0.4821
vn -0.6969 -0.5488 -0.4617
vn -0.6429 -0.5902 -0.4881
vn 0.6518 0.4383 0.6189
vn 0.9490 0.2262 -0.2198
vn -0.3083 -0.1297 -0.9424
vn -0.5706 -0.3889 -0.7233
vn 0.3791 0.7687 0.5152
vn -0.7906 -0.2833 -0.5429
vn -0.7869 -0.2717 -0.5541
vn -0.8880 -0.2568 -0.3815
vn -0.9019 -0.2580 -0.3464
vn -0.4178 0.7396 -0.5276
vn 0.8580 0.4996 0.1195
vn 0.0444 0.3396 -0.9395
vn -0.8971 -0.2409 -0.3705
vn -0.8351 -0.2645 -0.4824
vn -0.7472 -0.2757 -0.6047
vn -0.7928 -0.0989 -0.6014
vn -0.6894 -0.2188 -0.6906
vn 0.6715 0.2569 -0.6951
vn 0.7289 0.4047 0.5522
vn 0.8917 0.3502 0.2869
vn 0.7016 0.2991 0.6467
vn -0.9067 -0.2659 -0.3274
vn -0.5434 0.8391 -0.0266
vn 0.5034 0.8202 0.2719
vn -0.2549 0.8853 -0.3890
vn -0.0106 0.7062 0.7079
vn -0.5467 0.7591 -0.3534
vn -0.8022 0.0664 -0.5933
vn 0.6821 0.4991 0.5344
vn 0.3845 0.8567 0.3440
vn 0.1867 0.7858 0.5897
vn -0.7252 0.6792 -0.1130
vn -0.8092 0.0347 -0.5865
vn 0.9454 -0.3126 0.0927
vn 0.9642 -0.0558 0.2593
vn 0.9964 -0.0583 0.0612
vn 0.9936 0.1120 -0.0131
vn 0.9191 0.3272 0.2195
vn 0.9198 0.3856 -0.0733
vn 0.9674 0.1050 0.2306
vn 0.7635 0.6457 0.0095
vn 0.4069 0.8868 0.2190
vn 0.3745 0.9266 0.0337
vn 0.9420 0.2645 0.2067
vn 0.7762 0.5258 0.3478
vn 0.8715 0.4648 0.1562
vn 0.6991 -0.6886 0.1927
vn 0.9064 -0.3398 0.2511
vn 0.7536 0.6084 0.2488
vn 0.4769 -0.8785 -0.0269
vn 0.8716 -0.4487 0.1973
vn 0.5966 -0.7961 0.1019
vn 0.3812 0.7890 0.4818
vn 0.9333 -0.2219 0.2824
vn 0.9483 -0.1307 0.2892
vn 0.9461 0.0544 0.3192
vn 0.8921 0.2260 0.3913
vn 0.8979 0.2549 0.3589
vn 0.9208 -0.0217 0.3894
vn 0.7200 0.5161 0.4640
vn 0.3953 0.7163 0.5750
vn 0.8638 -0.4085 -0.2949
vn 0.9927 0.1032 0.0621
vn 0.8831 -0.4329 -0.1811
vn 0.9995 -0.0297 -0.0127
vn 0.9899 0.1111 -0.0879
vn 0.4851 0.7565 0.4386
vn 0.4713 0.7511 0.4623
vn 0.7933 0.4804 0.3741
vn 0.4464 -0.7715 -0.4534
vn 0.4155 -0.8490 -0.3265
vn 0.7659 0.4380 0.4707
vn 0.6473 -0.7109 0.2749
vn 0.6382 0.5392 -0.5495
vn -0.1024 0.2801 -0.9545
vn 0.5410 0.2784 -0.7936
vn 0.4984 0.7956 0.3444
vn 0.3604 -0.7960 -0.4863
vn 0.9879 0.1023 0.1167
vn 0.9053 0.3970 0.1512
vn 0.9863 0.1308 -0.1003
vn 0.9920 0.1212 -0.0347
vn 0.9878 -0.1007 -0.1192
vn 0.7737 0.3831 0.5045
vn 0.4058 -0.8966 -0.1775
vn 0.4353 0.7426 0.5090
vn 0.8445 -0.5355 -0.0044
vn 0.9942 -0.0726 0.0788
vn 0.8184 -0.5568 0.1419
vn 0.8264 -0.5594 -0.0649
vn 0.0740 -0.0440 -0.9963
vn 0.6111 -0.6455 -0.4582
vn 0.2142 -0.4284 -0.8778
vn 0.5735 -0.3690 -0.7314
vn -0.2399 -0.7555 -0.6096
vn 0.1803 0.0211 -0.9834
vn 0.5224 0.8164 0.2462
vn 0.4844 0.8457 0.2239
vn -0.0448 -0.7143 -0.6984
vn 0.9768 0.2115 -0.0330
vn 0.8905 0.4544 0.0249
vn 0.9817 0.1166 -0.1506
vn 0.7782 0.5410 0.3190
vn 0.7762 -0.5342 -0.3348
vn 0.0027 0.8738 0.4863
vn 0.1322 -0.4644 -0.8757
vn 0.6336 -0.5740 -0.5187
vn 0.5546 -0.1980 -0.8082
vn 0.6948 0.6473 0.3135
vn 0.1603 0.1311 -0.9783
vn 0.1271 -0.0390 -0.9911
vn 0.0116 0.0558 -0.9984
vn 0.0358 -0.1081 -0.9935
vn 0.8391 0.4922 0.2315
vn 0.8501 0.5164 0.1032
vn 0.9292 0.1285 -0.3465
vn 0.9424 -0.3345 -0.0060
vn -0.0561 -0.6244 -0.7791
vn 0.9623 0.2163 0.1649
vn -0.3443 -0.9363 0.0693
vn 0.0378 -0.9646 0.2609
vn 0.1997 -0.9715 0.1277
vn -0.8811 0.4652 0.0846
vn -0.9872 -0.0911 0.1311
vn -0.9901 -0.1256 0.0619
vn 0.8544 0.4814 -0.1956
vn 0.5128 0.8177 -0.2617
vn 0.9704 0.2043 -0.1286
vn 0.5470 -0.8203 0.1669
vn 0.6405 -0.7675 0.0254
vn -0.1944 0.7232 -0.6627
vn -0.1511 -0.1616 -0.9752
vn 0.8487 -0.0738 -0.5238
vn 0.5353 -0.1133 -0.8370
vn -0.2294 -0.3205 -0.9190
vn -0.8087 -0.5301 0.2550
vn -0.7543 -0.6528 0.0694
vn 0.3791 0.9005 -0.2131
vn -0.3019 0.9517 -0.0550
vn 0.9940 -0.0912 -0.0596
vn 0.9218 -0.3877 0.0042
vn -0.3594 0.9313 -0.0593
vn 0.4336 -0.3852 -0.8146
vn -0.7311 -0.4690 -0.4955
vn 0.9061 -0.4135 -0.0893
vn 0.9752 0.2065 0.0799
vn 0.9598 -0.2629 -0.0984
vn 0.9942 0.1076 -0.0079
vn 0.7309 0.5277 -0.4328
vn 0.2023 0.4043 -0.8920
vn -0.6810 0.1943 -0.7061
vn 0.2537 -0.8633 -0.4364
vn 0.4388 -0.8696 -0.2264
vn 0.6177 -0.7499 -0.2369
vn -0.0232 -0.8749 -0.4837
vn 0.7536 0.4222 -0.5039
vn -0.9413 0.3232 0.0973
vn 0.9340 -0.3463 -0.0883
vn 0.9900 0.1399 -0.0204
vn -0.2281 0.7735 -0.5913
vn -0.1423 0.6253 -0.7673
vn 0.2084 -0.9682 -0.1384
vn -0.2770 -0.9435 -0.1820
vn 0.6457 0.5015 -0.5758
vn -0.8079 0.1610 -0.5670
vn 0.0226 -0.0564 0.9982
vn 0.5348 0.1927 0.8227
vn 0.4721 0.0017 0.8815
vn 0.2840 -0.9483 0.1413
vn 0.5359 -0.8254 0.1774
vn -0.0044 -0.0342 -0.9994
vn 0.4732 0.0632 -0.8787
vn -0.0093 0.0223 -0.9997
vn 0.9222 0.2977 0.2467
vn 0.9460 0.2230 0.2354
vn 0.8880 0.3060 0.3433
vn 0.9518 0.1356 0.2752
vn -0.8598 -0.3119 0.4043
vn -0.6536 -0.7531 0.0751
vn -0.7012 -0.5608 0.4403
vn 0.9665 -0.2300 0.1143
vn 0.9798 -0.0721 0.1867
vn 0.8659 -0.4780 0.1474
vn -0.0142 0.0003 -0.9999
vn 0.0979 -0.0608 -0.9933
vn 0.0176 -0.0710 -0.9973
vn 0.0666 -0.2317 0.9705
vn 0.6465 -0.3084 0.6978
vn 0.5998 -0.0584 0.7980
vn 0.0086 -0.0468 -0.9989
vn 0.8078 -0.1578 -0.5680
vn 0.0108 -0.0612 -0.9981
vn -0.8930 -0.2808 0.3516
vn -0.3257 -0.1585 0.9321
vn -0.2276 -0.4195 0.8788
vn 0.1852 -0.5969 -0.7807
vn 0.6334 0.4272 -0.6452
vn -0.1373 0.4401 -0.8874
vn 0.9122 -0.1466 0.3826
vn 0.6399 -0.6732 0.3706
vn 0.8712 -0.2895 0.3965
vn 0.9947 0.0628 0.0812
vn 0.7815 -0.2427 0.5747
vn 0.7890 -0.4474 0.4211
vn 0.9792 0.0116 0.2025
vn 0.8007 -0.4560 0.3886
vn 0.2919 -0.9543 -0.0637
vn 0.5933 -0.7964 -0.1174
vn 0.2799 -0.9138 -0.2942
vn -0.1697 0.5355 -0.8273
vn 0.6762 0.3089 -0.6689
vn -0.0799 0.2559 -0.9634
vn 0.1997 -0.9559 0.2155
vn 0.9759 -0.0179 -0.2175
vn 0.9002 -0.4063 0.1565
vn -0.0457 -0.3926 -0.9186
vn -0.5891 -0.8077 0.0255
vn -0.4218 -0.8151 0.3971
vn 0.9980 0.0622 0.0077
vn 0.6600 0.5042 -0.5570
vn 0.1444 -0.4638 -0.8741
vn 0.7107 -0.7009 -0.0609
vn 0.2953 -0.9513 -0.0888
vn 0.8556 -0.5112 -0.0810
vn 0.6549 -0.3186 -0.6853
vn -0.2186 -0.2727 0.9369
vn -0.8094 -0.4721 0.3494
vn -0.4166 -0.1977 0.8873
vn 0.2842 0.1682 0.9439
vn 0.3356 0.2372 0.9116
vn 0.0917 0.0027 -0.9958
vn 0.4956 0.1568 -0.8543
vn 0.2768 0.1416 0.9504
vn -0.3250 -0.5853 0.7428
vn 0.4045 -0.0272 0.9141
vn 0.7507 0.5880 0.3011
vn 0.7226 0.5393 0.4325
vn 0.7810 0.3329 0.5284
vn 0.7068 0.3433 0.6185
vn -0.9982 0.0008 0.0597
vn -0.9400 0.1121 0.3222
vn -0.9770 0.1412 -0.1597
vn 0.8072 0.2956 0.5109
vn 0.6813 0.3336 0.6515
vn -0.6399 -0.7670 -0.0467
vn -0.7061 -0.7003 0.1046
vn -0.2751 -0.9605 -0.0413
vn 0.7399 0.1062 -0.6643
vn 0.9776 0.1778 0.1128
vn 0.9587 -0.2172 -0.1835
vn -0.7831 -0.5993 0.1661
vn -0.4676 -0.3749 0.8005
vn -0.3817 -0.4933 -0.7816
vn -0.1309 -0.9739 -0.1854
vn -0.0474 -0.6022 -0.7970
vn 0.1831 -0.9775 -0.1046
vn 0.8356 0.3477 0.4253
vn 0.8162 0.3493 0.4603
vn 0.1999 -0.9501 0.2396
vn 0.8074 0.5261 0.2670
vn 0.8667 -0.1085 -0.4869
vn 0.9649 -0.2569 0.0551
vn -0.6130 -0.1020 -0.7835
vn 0.0591 -0.8140 -0.5778
vn 0.3164 -0.8840 -0.3442
vn 0.7054 0.6665 0.2414
vn 0.7398 0.5799 0.3412
vn 0.6483 -0.1173 0.7523
vn -0.0455 -0.9136 0.4041
vn 0.7998 -0.1751 0.5741
vn -0.0757 -0.8185 0.5695
vn 0.6866 -0.6938 -0.2171
vn 0.8739 -0.4764 0.0962
vn -0.6293 -0.7577 -0.1728
vn 0.3288 -0.9243 0.1938
vn -0.1549 -0.9738 -0.1663
vn 0.3229 0.7639 -0.5588
vn 0.8635 0.4711 0.1801
vn 0.2414 0.7925 -0.5601
vn -0.4251 -0.1441 -0.8936
vn -0.7140 -0.0236 -0.6997
vn -0.6993 -0.6845 -0.2059
vn 0.2554 -0.9664 -0.0281
vn -0.1677 -0.7797 -0.6033
vn 0.9037 -0.4074 0.1317
vn -0.0657 -0.0650 -0.9957
vn 0.8587 0.0527 -0.5097
vn 0.5622 -0.1005 -0.8209
vn 0.9030 -0.4294 -0.0164
vn 0.3383 0.5937 -0.7301
vn 0.8948 0.1202 0.4300
vn 0.9501 0.1078 0.2926
vn 0.9534 0.0922 0.2874
vn -0.7439 -0.5398 0.3940
vn -0.7491 -0.6135 0.2500
vn 0.8593 0.4954 0.1269
vn 0.4825 0.2673 -0.8341
vn -0.0890 -0.0370 -0.9953
vn -0.4917 0.0140 -0.8706
vn -0.1845 -0.1059 -0.9771
vn 0.8435 0.5158 -0.1496
vn 0.4004 -0.4372 -0.8053
vn 0.6205 -0.5785 0.5295
vn 0.2643 -0.1370 0.9547
vn 0.2924 -0.2298 0.9283
vn 0.5914 0.0526 0.8047
vn 0.1255 -0.0571 -0.9905
vn 0.1254 0.0646 -0.9900
vn 0.1655 -0.0118 -0.9861
vn -0.3494 -0.3894 0.8522
vn 0.9092 0.1872 0.3718
vn 0.7194 0.5049 -0.4770
vn 0.1769 0.4105 -0.8945
vn 0.3407 0.8096 -0.4780
vn 0.0531 0.0182 -0.9984
vn 0.6815 -0.3084 0.6637
vn 0.6771 -0.6035 0.4211
vn -0.0613 -0.0779 -0.9951
vn -0.0570 -0.1055 -0.9928
vn -0.7527 -0.0386 -0.6572
vn -0.8593 -0.5114 -0.0052
vn -0.8273 -0.5569 0.0735
vn 0.0876 -0.0183 -0.9960
vn 0.3134 0.2147 -0.9250
vn -0.0084 0.0277 -0.9996
vn -0.0095 0.4693 -0.8830
vn -0.1719 0.8689 -0.4643
vn 0.3871 0.8618 -0.3279
vn -0.8361 0.0742 0.5435
vn -0.9111 -0.0427 0.4100
vn -0.8419 -0.0661 0.5356
vn 0.8970 0.0286 0.4411
vn 0.7309 0.3401 0.5917
vn -0.7571 0.0829 -0.6480
vn -0.4846 0.0445 -0.8736
vn -0.9238 0.1703 -0.3429
vn 0.7002 0.6879 -0.1911
vn -0.5908 -0.4081 0.6960
vn -0.3113 -0.5839 0.7498
vn -0.5975 -0.4174 0.6847
vn 0.1488 -0.9620 0.2290
vn -0.4074 -0.2290 -0.8841
vn -0.9123 -0.2683 0.3094
vn -0.5139 -0.1007 0.8519
vn -0.8823 -0.2626 0.3907
vn -0.8762 -0.4129 0.2484
vn -0.2805 -0.6107 0.7405
vn -0.4813 -0.3779 0.7909
vn -0.2976 -0.9244 0.2387
vn -0.0723 -0.0089 -0.9973
vn -0.8516 -0.3868 0.3539
vn -0.5826 -0.5200 -0.6246
vn -0.5760 -0.2685 -0.7721
vn -0.2693 -0.8166 -0.5106
vn -0.5900 -0.5886 0.5527
vn -0.0956 -0.8749 0.4747
vn -0.5500 -0.7502 0.3671
vn -0.4946 -0.6519 0.5747
vn -0.4319 -0.8317 0.3490
vn -0.7941 -0.5506 0.2575
vn -0.8305 -0.5365 0.1500
vn 0.0262 -0.9733 -0.2279
vn -0.2814 -0.9453 -0.1650
vn -0.7302 -0.1378 -0.6692
vn -0.8296 0.0088 -0.5583
vn -0.7873 -0.5776 -0.2158
vn 0.1535 -0.6373 -0.7552
vn 0.9427 -0.3320 -0.0339
vn 0.2351 -0.2951 -0.9261
vn 0.7975 -0.4340 0.4191
vn -0.5119 -0.8268 0.2331
vn -0.1915 -0.9796 -0.0608
vn -0.2477 -0.6855 -0.6846
vn 0.3895 -0.1119 0.9142
vn 0.9534 -0.0857 0.2892
vn 0.6060 -0.4197 0.6757
vn -0.3209 0.0142 0.9470
vn 0.5403 -0.0589 0.8394
vn -0.5440 0.0291 -0.8386
vn -0.2901 -0.0581 0.9552
vn 0.6105 -0.2719 0.7439
vn 0.5925 -0.0510 0.8040
vn -0.8808 0.1280 0.4558
vn -0.7811 -0.4034 0.4766
vn -0.8504 -0.1303 0.5097
vn -0.3110 -0.0613 0.9484
vn 0.6251 -0.6651 0.4085
vn 0.5627 -0.2023 0.8015
vn 0.0667 -0.4887 0.8699
vn -0.8347 -0.1534 0.5289
vn 0.8189 -0.5725 -0.0413
vn 0.8980 -0.1767 0.4029
vn 0.7646 -0.6385 0.0871
vn 0.9724 -0.0514 0.2276
vn 0.5454 -0.2702 -0.7934
vn -0.5151 -0.0604 -0.8550
vn 0.5936 -0.7329 -0.3325
vn 0.3115 -0.4885 -0.8151
vn -0.8315 -0.1485 0.5354
vn 0.9439 -0.2446 0.2219
vn -0.5768 -0.3647 -0.7310
vn -0.5735 -0.8049 -0.1523
vn -0.8791 -0.4380 0.1882
vn -0.8531 -0.1747 0.4917
vn -0.5307 -0.6771 -0.5098
vn -0.9675 -0.1100 0.2275
vn 0.5781 0.2822 -0.7656
vn 0.4443 -0.6509 -0.6156
vn -0.3060 -0.1923 0.9324
vn 0.5406 -0.7422 0.3960
vn 0.1976 -0.9063 -0.3736
vn -0.9655 0.1873 0.1811
vn -0.4793 -0.5117 0.7130
vn 0.5634 -0.7220 0.4016
vn 0.5622 -0.6078 0.5608
vn 0.3821 -0.8816 0.2770
vn -0.2972 -0.9522 0.0714
vn 0.9648 -0.2010 -0.1694
vn 0.7214 -0.6747 -0.1561
vn -0.6894 0.4258 -0.5860
vn -0.9748 -0.1424 0.1717
vn 0.5999 0.4156 -0.6837
vn -0.4928 0.1171 -0.8622
vn -0.6894 0.4811 -0.5415
vn 0.5126 -0.8534 -0.0944
vn 0.9698 -0.1366 -0.2022
vn -0.5453 -0.8252 0.1474
vn 0.5575 -0.5889 -0.5852
vn -0.5342 -0.6365 0.5563
vn 0.1648 -0.9757 -0.1444
vn -0.3620 -0.5179 -0.7751
vn -0.0041 0.0231 0.9997
vn -0.5446 -0.1752 0.8202
vn 0.5002 0.1298 -0.8561
vn -0.9753 -0.1525 0.1601
vn 0.9164 -0.1432 0.3739
vn 0.7594 0.6480 -0.0582
vn -0.9930 0.1169 0.0164
vn -0.9409 0.3381 0.0215
vn -0.9005 0.4279 -0.0775
vn -0.1675 -0.5790 -0.7980
vn -0.0506 -0.3229 0.9451
vn -0.6332 -0.3789 0.6749
vn -0.0987 -0.1143 -0.9885
vn -0.1751 -0.0278 -0.9842
vn -0.1286 -0.7544 0.6437
vn -0.2403 0.2255 -0.9441
vn -0.2549 0.0147 -0.9669
vn -0.2002 -0.7133 0.6717
vn -0.1489 -0.8535 0.4993
vn 0.6045 -0.0882 0.7917
vn -0.7411 0.6203 -0.2570
vn -0.9361 0.1799 0.3023
vn 0.3784 0.3857 -0.8415
vn -0.9909 -0.0493 0.1251
vn 0.2386 -0.6410 0.7295
vn -0.0338 -0.6588 0.7516
vn -0.4811 -0.8123 0.3297
vn -0.3935 -0.8669 -0.3061
vn -0.5455 -0.7461 -0.3817
vn 0.6700 -0.1714 0.7223
vn 0.0899 0.0761 0.9930
vn 0.4995 0.1825 0.8469
vn 0.2423 -0.8053 0.5410
vn 0.2361 -0.7534 0.6137
vn 0.1791 -0.5574 0.8107
vn -0.1471 0.9411 -0.3044
vn -0.8699 -0.4542 0.1922
vn -0.6428 -0.6240 -0.4444
vn 0.6531 0.1570 -0.7408
vn 0.2671 -0.7891 0.5531
vn -0.6416 -0.3731 -0.6702
vn -0.9079 0.3350 0.2518
vn -0.8997 -0.4361 -0.0189
vn -0.2626 -0.5111 0.8184
vn 0.4774 -0.4313 0.7656
vn 0.4876 -0.5408 0.6854
vn 0.2076 -0.9610 -0.1826
vn 0.1910 -0.6515 0.7342
vn -0.8417 -0.3114 0.4411
vn -0.8264 -0.5520 0.1112
vn -0.9360 -0.3395 0.0929
vn -0.2211 -0.4668 0.8563
vn -0.0300 -0.5771 0.8161
vn 0.0590 -0.0217 -0.9980
vn 0.4532 0.3030 -0.8383
vn 0.1035 -0.0149 -0.9945
vn 0.0754 -0.8973 0.4350
vn -0.7183 0.1218 -0.6850
vn -0.2077 -0.7079 0.6751
vn 0.5792 -0.6379 -0.5076
vn -0.8928 0.3462 0.2882
vn -0.2658 -0.8166 0.5124
vn -0.0622 0.4977 -0.8651
vn -0.0636 0.6152 -0.7858
vn -0.3440 -0.8759 0.3383
vn 0.1284 -0.3660 -0.9217
vn 0.2331 -0.5114 -0.8271
vn 0.4591 -0.6054 -0.6502
vn -0.6204 0.4139 0.6662
vn -0.6204 -0.7802 0.0804
vn -0.4227 -0.8934 0.1523
vn -0.8445 0.3431 0.4111
vn 0.1179 0.8944 -0.4314
vn -0.0511 -0.1569 -0.9863
vn -0.0790 0.7607 -0.6443
vn -0.5181 0.4307 0.7390
vn -0.7882 0.3956 -0.4714
vn 0.1768 0.9335 -0.3121
vn -0.5245 -0.8482 -0.0738
vn -0.2535 -0.4879 0.8353
vn -0.8463 0.2247 0.4830
vn -0.6709 0.1422 -0.7278
vn 0.6156 -0.7875 0.0307
vn 0.3260 -0.9281 0.1797
vn 0.8521 0.0024 0.5233
vn -0.4600 -0.7173 0.5233
vn 0.9451 -0.1264 -0.3013
vn -0.6840 -0.6672 -0.2949
vn -0.9837 0.1652 -0.0715
vn 0.9470 0.3067 0.0955
vn -0.0977 -0.9918 -0.0827
vn -0.5888 -0.7677 0.2528
vn 0.3539 -0.9093 -0.2190
vn 0.2018 -0.5675 0.7982
vn 0.5411 -0.3370 0.7705
vn 0.4470 -0.8851 -0.1297
vn 0.9629 -0.2616 -0.0659
vn 0.7799 -0.6200 0.0865
vn -0.0107 -0.5937 0.8046
vn -0.3268 -0.8947 0.3045
vn 0.6225 -0.4108 0.6661
vn -0.2609 -0.6442 -0.7190
vn 0.0809 -0.6555 -0.7508
vn 0.0233 -0.4990 -0.8663
vn -0.3452 -0.5414 -0.7666
vn 0.0119 -0.5017 -0.8650
vn -0.0129 -0.8024 0.5966
vn -0.4621 0.3360 0.8207
vn 0.0529 -0.5991 -0.7989
vn -0.2707 -0.5627 -0.7811
vn 0.0374 -0.5408 -0.8403
vn -0.0786 -0.5905 -0.8032
vn -0.0427 -0.4297 -0.9020
vn -0.2744 -0.3103 -0.9102
vn -0.1094 -0.3178 -0.9418
vn -0.2962 -0.6041 -0.7398
vn 0.0918 0.2428 0.9657
vn -0.3181 -0.3934 -0.8626
vn -0.0182 0.3294 0.9440
vn -0.3024 -0.5289 -0.7930
vn -0.2680 -0.3887 -0.8815
vn -0.0958 -0.5146 -0.8521
vn -0.1417 -0.6804 -0.7190
vn -0.1517 -0.8370 0.5258
vn -0.3383 -0.5653 -0.7523
vn -0.4010 -0.5306 -0.7467
vn -0.1227 -0.4254 -0.8966
vn 0.3820 -0.9127 -0.1451
vn -0.4301 -0.4265 -0.7957
vn -0.3595 -0.5382 -0.7623
vn -0.3219 -0.4359 -0.8405
vn -0.0259 -0.5336 -0.8453
vn -0.3603 -0.6142 -0.7021
vn -0.5897 0.4312 0.6828
vn -0.4053 0.2779 0.8709
vn -0.5486 0.2658 0.7927
vn 0.5416 0.4260 0.7247
vn -0.4694 0.6220 0.6267
vn -0.1551 0.0851 0.9842
vn 0.2214 0.5787 0.7849
vn -0.3656 0.1830 0.9126
vn 0.0566 0.1071 0.9926
vn 0.9786 -0.0558 -0.1982
vn 0.9644 -0.0980 0.2456
vn 0.9766 0.1920 0.0968
vn 0.9803 0.1975 -0.0045
vn 0.9750 0.1921 -0.1117
vn 0.9697 0.1507 0.1924
vn 0.9811 0.1934 0.0056
vn -0.0557 0.3855 -0.9210
vn 0.8501 -0.3635 0.3811
vn 0.9345 -0.2140 0.2844
vn 0.6643 -0.2317 -0.7107
vn 0.3144 0.5919 0.7422
vn 0.3770 0.5243 0.7635
vn 0.8798 0.3538 0.3176
vn 0.9481 0.2209 0.2288
vn 0.5057 0.4943 0.7071
vn 0.9687 0.2425 0.0526
vn 0.9796 0.1889 0.0685
vn 0.8009 -0.2860 -0.5261
vn 0.9864 -0.0875 0.1389
vn 0.2597 -0.9301 0.2597
vn 0.3051 0.0348 0.9517
vn 0.3316 0.4204 0.8446
vn 0.6800 -0.5573 0.4764
vn 0.5626 0.7947 0.2279
vn 0.8153 0.3223 0.4811
vn -0.7770 -0.3792 -0.5025
vn 0.8548 -0.3815 0.3518
vn -0.1789 0.9454 0.2724
vn 0.0204 -0.2037 0.9788
vn -0.1473 0.2229 0.9636
vn -0.2502 -0.1432 0.9575
vn -0.2261 0.2473 0.9422
vn -0.3310 -0.1192 0.9361
vn 0.6622 0.1681 0.7302
vn 0.1082 0.1255 0.9862
vn 0.5501 -0.0604 0.8329
vn 0.4684 -0.2935 0.8333
vn 0.8028 -0.2084 0.5586
vn 0.8917 -0.2715 0.3623
vn 0.7584 -0.3089 0.5739
vn 0.8404 -0.1299 0.5262
vn 0.4147 -0.4862 0.7691
vn -0.0265 -0.5323 0.8461
vn 0.7570 -0.3714 0.5376
vn 0.4383 -0.6699 0.5993
vn -0.2789 -0.7794 0.5610
vn -0.3843 -0.4749 0.7917
vn -0.3693 -0.7611 0.5332
vn 0.0014 -0.7867 0.6173
vn -0.2835 -0.9387 0.1960
vn 0.4724 -0.7829 0.4049
vn 0.0774 -0.9469 0.3122
vn -0.1863 -0.9572 0.2215
vn 0.7702 -0.4922 0.4057
vn 0.7547 -0.4641 0.4638
vn -0.1461 -0.9744 -0.1710
vn 0.5538 -0.8131 0.1791
vn 0.2037 -0.9789 -0.0156
vn -0.0431 -0.9884 -0.1457
vn 0.8021 -0.5078 0.3143
vn 0.0171 -0.8650 -0.5014
vn 0.6726 -0.7391 -0.0362
vn 0.3521 -0.8765 -0.3283
vn 0.1177 -0.8746 -0.4704
vn 0.2790 -0.6543 -0.7029
vn 0.1767 -0.6355 -0.7516
vn 0.8882 -0.4304 0.1607
vn 0.7823 -0.5888 -0.2030
vn 0.5074 -0.6636 -0.5497
vn 0.8584 -0.4722 0.2003
vn 0.3318 -0.3085 -0.8915
vn 0.6465 -0.3849 -0.6587
vn 0.4417 -0.3300 -0.8342
vn 0.9295 -0.3485 0.1204
vn 0.8768 -0.3858 -0.2871
vn 0.4560 0.0667 -0.8875
vn 0.5611 0.0325 -0.8271
vn 0.9469 -0.1571 -0.2804
vn 0.7568 -0.0372 -0.6526
vn 0.6143 0.3789 -0.6922
vn 0.5144 0.4269 -0.7438
vn 0.9684 -0.2192 0.1188
vn 0.9795 0.0642 -0.1907
vn 0.8069 0.2874 -0.5160
vn 0.6029 0.6671 -0.4376
vn 0.4989 0.7205 -0.4816
vn 0.9784 -0.1289 0.1617
vn 0.9747 -0.0837 0.2074
vn 0.9689 0.2459 -0.0266
vn 0.7920 0.5434 -0.2783
vn 0.5250 0.8436 -0.1128
vn 0.4159 0.8972 -0.1484
vn 0.9562 -0.0338 0.2908
vn 0.9193 0.3500 0.1797
vn 0.7187 0.6952 0.0121
vn 0.3924 0.8916 0.2262
vn 0.2667 0.9427 0.2006
vn 0.9231 -0.0185 0.3841
vn 0.8464 0.3593 0.3930
vn 0.6108 0.7293 0.3083
vn 0.2049 0.7965 0.5689
vn 0.0697 0.8347 0.5463
vn 0.8860 -0.0426 0.4617
vn 0.7623 0.2882 0.5795
vn 0.4663 0.6382 0.6126
vn 0.0044 0.5568 0.8306
vn -0.0876 0.5812 0.8090
vn 0.2788 0.4437 0.8517
vn -0.3007 -0.4914 0.8174
vn -0.6862 -0.2488 0.6836
vn 0.0049 0.9417 0.3364
vn -0.8909 -0.4429 -0.1006
vn -0.4174 -0.5852 -0.6952
vn -0.7540 0.5075 0.4170
vn 0.1469 -0.4783 0.8658
vn -0.4458 -0.8909 -0.0872
vt 0.820327 0.248841
vt 0.789224 0.217414
vt 0.824544 0.227754
vt 0.779082 0.156158
vt 0.773852 0.168774
vt 0.765828 0.159357
vt 0.779131 0.107971
vt 0.781173 0.137644
vt 0.763236 0.122279
vt 0.759540 0.216538
vt 0.772549 0.204397
vt 0.769448 0.218407
vt 0.775140 0.183373
vt 0.775702 0.203287
vt 0.768918 0.146004
vt 0.747334 0.137798
vt 0.754791 0.129880
vt 0.764447 0.162666
vt 0.770752 0.171499
vt 0.816317 0.186457
vt 0.795677 0.200056
vt 0.793108 0.182531
vt 0.758163 0.150655
vt 0.745219 0.140479
vt 0.759768 0.166682
vt 0.821661 0.207686
vt 0.789526 0.212878
vt 0.730363 0.157991
vt 0.755931 0.152448
vt 0.760377 0.189800
vt 0.735709 0.168568
vt 0.633292 0.173761
vt 0.684367 0.165627
vt 0.680784 0.185668
vt 0.638213 0.145103
vt 0.682713 0.145597
vt 0.682932 0.155163
vt 0.636579 0.155343
vt 0.568056 0.163094
vt 0.558864 0.161718
vt 0.569278 0.155229
vt 0.567803 0.148907
vt 0.555942 0.153672
vt 0.565376 0.143969
vt 0.558515 0.156684
vt 0.561002 0.166681
vt 0.549496 0.168545
vt 0.588599 0.150642
vt 0.610953 0.142688
vt 0.612262 0.151892
vt 0.584662 0.134062
vt 0.612044 0.131652
vt 0.609886 0.169134
vt 0.725941 0.146355
vt 0.733412 0.190297
vt 0.639973 0.134730
vt 0.587590 0.144046
vt 0.587975 0.164719
vt 0.848047 0.301123
vt 0.816034 0.286024
vt 0.858420 0.337994
vt 0.834300 0.319704
vt 0.808645 0.285207
vt 0.828158 0.375335
vt 0.813512 0.344458
vt 0.818113 0.341297
vt 0.802001 0.317477
vt 0.807205 0.314199
vt 0.811808 0.345082
vt 0.793366 0.333236
vt 0.800886 0.317224
vt 0.802777 0.282147
vt 0.826665 0.378795
vt 0.808520 0.358790
vt 0.824969 0.382584
vt 0.799414 0.429410
vt 0.786235 0.420586
vt 0.803895 0.473697
vt 0.810814 0.500695
vt 0.803782 0.500299
vt 0.791397 0.473745
vt 0.794435 0.500702
vt 0.813430 0.433871
vt 0.807828 0.506137
vt 0.803542 0.505978
vt 0.796846 0.506753
vt 0.821404 0.472090
vt 0.814867 0.502711
vt 0.837310 0.393217
vt 0.821661 0.436413
vt 0.815399 0.472144
vt 0.840806 0.388726
vt 0.840196 0.389634
vt 0.810636 0.508409
vt 0.843659 0.351411
vt 0.867647 0.366883
vt 0.855591 0.373795
vt 0.841411 0.388265
vt 0.827049 0.376740
vt 0.832418 0.130173
vt 0.815689 0.158859
vt 0.804584 0.143341
vt 0.801895 0.091764
vt 0.794223 0.128742
vt 0.869778 0.332574
vt 0.850951 0.238872
vt 0.876293 0.364490
vt 0.857567 0.210756
vt 0.836585 0.201668
vt 0.858051 0.204475
vt 0.850254 0.219710
vt 0.864733 0.291267
vt 0.886395 0.363625
vt 0.893996 0.207210
vt 0.903306 0.231079
vt 0.837337 0.103101
vt 0.840386 0.067084
vt 0.856626 0.097427
vt 0.894941 0.285095
vt 0.885804 0.331486
vt 0.827185 0.166630
vt 0.822354 0.185420
vt 0.820615 0.187183
vt 0.843376 0.124988
vt 0.870702 0.119623
vt 0.882389 0.196756
vt 0.874693 0.192088
vt 0.849517 0.153384
vt 0.832563 0.166319
vt 0.788230 0.167816
vt 0.777863 0.182319
vt 0.855529 0.195324
vt 0.843584 0.191706
vt 0.854064 0.193327
vt 0.864536 0.188736
vt 0.867941 0.187982
vt 0.841843 0.193634
vt 0.837240 0.186475
vt 0.869283 0.178457
vt 0.872878 0.177433
vt 0.867968 0.160639
vt 0.849409 0.157273
vt 0.873188 0.157044
vt 0.880238 0.173559
vt 0.885277 0.173533
vt 0.834071 0.205819
vt 0.835236 0.184822
vt 0.837516 0.181532
vt 0.850793 0.181653
vt 0.841972 0.175102
vt 0.851302 0.171067
vt 0.861120 0.172406
vt 0.852530 0.166671
vt 0.865333 0.170122
vt 0.840216 0.171504
vt 0.832489 0.183825
vt 0.797792 0.146755
vt 0.898439 0.173494
vt 0.884699 0.146613
vt 0.846803 0.143052
vt 0.842024 0.145480
vt 0.836514 0.168997
vt 0.868396 0.167039
vt 0.852159 0.163031
vt 0.872613 0.189345
vt 0.878330 0.175636
vt 0.835070 0.179710
vt 0.856356 0.198717
vt 0.838251 0.196931
vt 0.818323 0.114409
vt 0.454773 0.075454
vt 0.425682 0.104151
vt 0.423091 0.079960
vt 0.491108 0.072730
vt 0.450754 0.107361
vt 0.398631 0.094666
vt 0.378763 0.036516
vt 0.402803 0.029762
vt 0.402243 0.038468
vt 0.424822 0.040969
vt 0.220434 0.034477
vt 0.184467 0.036090
vt 0.189969 0.022749
vt 0.492544 0.016271
vt 0.456805 0.045468
vt 0.458724 0.017153
vt 0.347584 0.042595
vt 0.372973 0.090391
vt 0.347236 0.085607
vt 0.263629 0.043084
vt 0.215849 0.051033
vt 0.425655 0.022205
vt 0.314671 0.078654
vt 0.320455 0.045051
vt 0.260512 0.064794
vt 0.925518 0.199757
vt 0.879147 0.090802
vt 0.911580 0.108852
vt 0.882858 0.117236
vt 0.867830 0.052124
vt 0.900026 0.082726
vt 0.922241 0.135457
vt 0.934473 0.165035
vt 0.914139 0.285880
vt 0.942984 0.230894
vt 0.929187 0.071447
vt 0.947952 0.104778
vt 0.931199 0.103125
vt 0.901959 0.330202
vt 0.971312 0.167470
vt 0.957085 0.202841
vt 0.921501 0.033653
vt 0.950394 0.069476
vt 0.900935 0.363614
vt 0.932444 0.132425
vt 0.942559 0.133573
vt 0.792207 0.285105
vt 0.765788 0.898580
vt 0.780458 0.910583
vt 0.756452 0.913167
vt 0.827837 0.595663
vt 0.860197 0.611687
vt 0.814841 0.613838
vt 0.847195 0.640211
vt 0.802153 0.640264
vt 0.851472 0.940013
vt 0.856524 0.954569
vt 0.846559 0.953547
vt 0.978248 0.964836
vt 0.967162 0.993207
vt 0.964072 0.964290
vt 0.978496 0.865904
vt 0.993755 0.818745
vt 0.988290 0.868868
vt 0.861066 0.939710
vt 0.868294 0.904407
vt 0.877531 0.943090
vt 0.764762 0.615243
vt 0.743693 0.639526
vt 0.757002 0.613440
vt 0.972043 0.931420
vt 0.985762 0.755056
vt 0.988119 0.693099
vt 0.994741 0.755654
vt 0.912761 0.951130
vt 0.960729 0.927079
vt 0.862580 0.829190
vt 0.896052 0.794982
vt 0.877652 0.841345
vt 0.743212 0.709442
vt 0.758293 0.743134
vt 0.753524 0.743671
vt 0.911489 0.651360
vt 0.901205 0.625315
vt 0.907123 0.622287
vt 0.935365 0.649760
vt 0.941660 0.607088
vt 0.967185 0.645168
vt 0.893470 0.739765
vt 0.912575 0.690832
vt 0.907607 0.742097
vt 0.757319 0.788324
vt 0.759531 0.830443
vt 0.755779 0.830245
vt 0.851182 0.667666
vt 0.799557 0.702871
vt 0.797293 0.670630
vt 0.754240 0.862655
vt 0.746986 0.884923
vt 0.751359 0.861819
vt 0.945114 0.603965
vt 0.973430 0.643565
vt 0.939578 0.747378
vt 0.980446 0.693830
vt 0.808168 0.880497
vt 0.794263 0.835956
vt 0.827521 0.841214
vt 0.902470 0.610129
vt 0.746486 0.899939
vt 0.744403 0.901182
vt 0.760154 0.767854
vt 0.755600 0.768095
vt 0.902372 0.766055
vt 0.935620 0.772463
vt 0.985084 0.782941
vt 0.994294 0.784235
vt 0.844676 0.855363
vt 0.748468 0.701586
vt 0.731264 0.685470
vt 0.735452 0.672898
vt 0.920269 0.846138
vt 0.971643 0.896598
vt 0.911855 0.883475
vt 0.981226 0.901260
vt 0.801757 0.767404
vt 0.841501 0.789842
vt 0.801411 0.789369
vt 0.781921 0.872186
vt 0.984264 0.816609
vt 0.849462 0.737068
vt 0.802174 0.740883
vt 0.911598 0.973741
vt 0.793527 0.596947
vt 0.781876 0.615412
vt 0.767475 0.645419
vt 0.875884 0.962630
vt 0.771589 0.742287
vt 0.765779 0.705305
vt 0.773748 0.788685
vt 0.769893 0.832568
vt 0.762162 0.866434
vt 0.752971 0.891085
vt 0.900009 0.607687
vt 0.916403 0.598787
vt 0.772770 0.767666
vt 0.762570 0.674812
vt 0.746126 0.674655
vt 0.761695 0.788328
vt 0.748759 0.886418
vt 0.749290 0.649629
vt 0.772736 0.601341
vt 0.872650 0.874167
vt 0.923283 0.618237
vt 0.941344 0.692758
vt 0.930841 0.802749
vt 0.909437 0.918522
vt 0.782615 0.912577
vt 0.901437 0.652951
vt 0.900052 0.690342
vt 0.896854 0.653234
vt 0.812498 0.882239
vt 0.860188 0.693527
vt 0.852290 0.694379
vt 0.854388 0.826688
vt 0.838485 0.853127
vt 0.845108 0.765935
vt 0.847344 0.790130
vt 0.887758 0.763164
vt 0.887059 0.738648
vt 0.897847 0.626028
vt 0.873316 0.789211
vt 0.880861 0.791416
vt 0.832842 0.842460
vt 0.855292 0.638567
vt 0.851450 0.908413
vt 0.856037 0.736632
vt 0.874871 0.590476
vt 0.870716 0.612895
vt 0.763091 0.602183
vt 0.727833 0.671771
vt 0.852064 0.872274
vt 0.839399 0.869732
vt 0.833755 0.868531
vt 0.840584 0.884129
vt 0.842445 0.908253
vt 0.731000 0.658553
vt 0.834106 0.883930
vt 0.858847 0.665130
vt 0.248783 0.082735
vt 0.282489 0.126367
vt 0.231883 0.103714
vt 0.336764 0.115101
vt 0.350831 0.156082
vt 0.320445 0.142975
vt 0.299806 0.101968
vt 0.444856 0.146853
vt 0.407157 0.176226
vt 0.417804 0.139244
vt 0.387220 0.393749
vt 0.331635 0.479726
vt 0.315839 0.385588
vt 0.190545 0.084006
vt 0.204717 0.063800
vt 0.481522 0.148007
vt 0.437175 0.185374
vt 0.159845 0.067784
vt 0.176052 0.048268
vt 0.366180 0.124857
vt 0.204584 0.158617
vt 0.131610 0.211222
vt 0.160369 0.139618
vt 0.472641 0.214606
vt 0.431701 0.248053
vt 0.432559 0.213782
vt 0.081961 0.185193
vt 0.122068 0.118733
vt 0.256819 0.175741
vt 0.182036 0.231104
vt 0.330168 0.197603
vt 0.278217 0.237539
vt 0.297122 0.185978
vt 0.239808 0.243909
vt 0.397469 0.210305
vt 0.388176 0.251807
vt 0.228024 0.378779
vt 0.154899 0.470857
vt 0.164333 0.373419
vt 0.276978 0.402946
vt 0.220103 0.478573
vt 0.437647 0.499404
vt 0.374018 0.492933
vt 0.384927 0.331077
vt 0.319470 0.326666
vt 0.087000 0.467482
vt 0.100019 0.360712
vt 0.492545 0.399755
vt 0.439379 0.397917
vt 0.024024 0.350944
vt 0.017406 0.468178
vt 0.310495 0.253588
vt 0.473815 0.187846
vt 0.592501 0.465520
vt 0.621342 0.483407
vt 0.599149 0.492212
vt 0.423771 0.618831
vt 0.447377 0.738208
vt 0.396065 0.722985
vt 0.090711 0.648437
vt 0.065217 0.711164
vt 0.041561 0.642516
vt 0.334914 0.596028
vt 0.275589 0.486215
vt 0.266002 0.598736
vt 0.229145 0.697450
vt 0.218066 0.593212
vt 0.487368 0.109461
vt 0.108219 0.305449
vt 0.040213 0.284445
vt 0.487699 0.327699
vt 0.434365 0.331170
vt 0.167962 0.321334
vt 0.270747 0.263534
vt 0.288973 0.276171
vt 0.222860 0.319613
vt 0.303087 0.332819
vt 0.277199 0.388289
vt 0.266148 0.384038
vt 0.277414 0.388415
vt 0.286896 0.384359
vt 0.475743 0.244891
vt 0.301002 0.369259
vt 0.253771 0.272108
vt 0.243685 0.325117
vt 0.248430 0.365622
vt 0.804678 0.511366
vt 0.796903 0.512223
vt 0.642180 0.556370
vt 0.649327 0.532561
vt 0.663326 0.545397
vt 0.571688 0.393488
vt 0.605401 0.361399
vt 0.596621 0.393718
vt 0.370486 0.839882
vt 0.091265 0.698914
vt 0.127268 0.813029
vt 0.278284 0.811308
vt 0.330440 0.707853
vt 0.329306 0.824574
vt 0.161157 0.594911
vt 0.478394 0.627257
vt 0.131663 0.796749
vt 0.191136 0.781930
vt 0.203868 0.831554
vt 0.169699 0.870206
vt 0.354031 0.931622
vt 0.333190 0.905548
vt 0.309866 0.887424
vt 0.292131 0.940912
vt 0.281200 0.869314
vt 0.223254 0.913912
vt 0.242206 0.841205
vt 0.224629 0.767799
vt 0.580593 0.355124
vt 0.616749 0.341713
vt 0.267879 0.700226
vt 0.967153 0.551813
vt 0.934969 0.570916
vt 0.932759 0.553603
vt 0.944615 0.493842
vt 0.921437 0.518753
vt 0.915586 0.492257
vt 0.950532 0.434099
vt 0.926239 0.410167
vt 0.960187 0.396656
vt 0.969701 0.362234
vt 0.937171 0.353582
vt 0.962892 0.339669
vt 0.580646 0.429875
vt 0.613750 0.460216
vt 0.632524 0.509841
vt 0.603914 0.519245
vt 0.616408 0.540548
vt 0.604787 0.428979
vt 0.957253 0.517649
vt 0.926389 0.538303
vt 0.946136 0.461406
vt 0.919510 0.441596
vt 0.932774 0.386122
vt 0.968697 0.375610
vt 0.916235 0.467786
vt 0.544630 0.428541
vt 0.557041 0.390811
vt 0.563831 0.428447
vt 0.543704 0.560255
vt 0.586331 0.559424
vt 0.552851 0.605727
vt 0.545063 0.510787
vt 0.575277 0.535231
vt 0.549274 0.474538
vt 0.572086 0.467892
vt 0.539689 0.303744
vt 0.577758 0.320195
vt 0.558095 0.345521
vt 0.526913 0.349185
vt 0.604734 0.611674
vt 0.620592 0.572695
vt 0.572267 0.500986
vt 0.596964 0.333989
vt 0.958117 0.491585
vt 0.956880 0.458130
vt 0.979273 0.394565
vt 0.987800 0.362179
vt 0.965164 0.429109
vt 0.990614 0.336210
vt 0.990614 0.576953
vt 0.986226 0.550474
vt 0.545344 0.878746
vt 0.524482 0.829738
vt 0.535587 0.825417
vt 0.550730 0.906680
vt 0.529519 0.887333
vt 0.624550 0.737233
vt 0.597371 0.751331
vt 0.605836 0.724135
vt 0.509174 0.812658
vt 0.513082 0.837462
vt 0.500866 0.819186
vt 0.505174 0.843462
vt 0.627505 0.793429
vt 0.615789 0.797710
vt 0.627541 0.787702
vt 0.591370 0.789047
vt 0.589274 0.794047
vt 0.588020 0.790413
vt 0.623550 0.688692
vt 0.649032 0.674984
vt 0.639936 0.698626
vt 0.518385 0.779737
vt 0.527515 0.791564
vt 0.519112 0.794128
vt 0.609838 0.775711
vt 0.596702 0.782529
vt 0.596828 0.771979
vt 0.561351 0.874266
vt 0.559385 0.825866
vt 0.577368 0.873985
vt 0.600741 0.797898
vt 0.595231 0.803203
vt 0.595468 0.795438
vt 0.511669 0.779972
vt 0.517684 0.773827
vt 0.511814 0.760543
vt 0.514854 0.747903
vt 0.516556 0.760729
vt 0.426393 0.877864
vt 0.423716 0.882984
vt 0.423319 0.881811
vt 0.601621 0.795235
vt 0.595336 0.794541
vt 0.596120 0.790366
vt 0.595600 0.810997
vt 0.593600 0.814200
vt 0.594144 0.810342
vt 0.514631 0.739402
vt 0.512184 0.738615
vt 0.513816 0.735971
vt 0.542130 0.689603
vt 0.564890 0.694651
vt 0.559020 0.704529
vt 0.511553 0.747459
vt 0.513988 0.740287
vt 0.598124 0.804481
vt 0.603930 0.789647
vt 0.599863 0.790244
vt 0.600131 0.788020
vt 0.499532 0.912677
vt 0.472512 0.882614
vt 0.501679 0.900146
vt 0.458107 0.899176
vt 0.464148 0.889255
vt 0.582907 0.681089
vt 0.556611 0.664394
vt 0.571871 0.656858
vt 0.444045 0.888472
vt 0.439654 0.876780
vt 0.449378 0.880431
vt 0.501842 0.946848
vt 0.490733 0.925716
vt 0.519369 0.940749
vt 0.440280 0.896889
vt 0.454215 0.909478
vt 0.715301 0.698867
vt 0.720974 0.719781
vt 0.710136 0.700811
vt 0.439299 0.903896
vt 0.454187 0.915795
vt 0.443708 0.871064
vt 0.430606 0.869013
vt 0.446017 0.865542
vt 0.542773 0.669034
vt 0.534076 0.670746
vt 0.541345 0.661251
vt 0.456681 0.873881
vt 0.543364 0.682177
vt 0.534179 0.678855
vt 0.538420 0.676850
vt 0.430486 0.893712
vt 0.537049 0.691909
vt 0.527171 0.683097
vt 0.432424 0.888690
vt 0.429801 0.874569
vt 0.528673 0.670722
vt 0.520440 0.669058
vt 0.526604 0.665520
vt 0.520773 0.675080
vt 0.528678 0.677252
vt 0.435836 0.882563
vt 0.529878 0.677353
vt 0.498439 0.948561
vt 0.484475 0.932649
vt 0.417376 0.873740
vt 0.409577 0.868497
vt 0.418583 0.871307
vt 0.428368 0.873940
vt 0.592138 0.802026
vt 0.589736 0.795006
vt 0.419279 0.868441
vt 0.429334 0.869274
vt 0.520522 0.671846
vt 0.513657 0.670699
vt 0.511219 0.673777
vt 0.514091 0.672520
vt 0.514177 0.674283
vt 0.405251 0.867258
vt 0.409763 0.866283
vt 0.404758 0.867915
vt 0.403956 0.866131
vt 0.415625 0.876809
vt 0.408800 0.870089
vt 0.647265 0.739710
vt 0.407195 0.872170
vt 0.592066 0.809888
vt 0.536459 0.675877
vt 0.538086 0.673179
vt 0.511288 0.673029
vt 0.584099 0.776904
vt 0.588347 0.774302
vt 0.507451 0.779126
vt 0.509190 0.797820
vt 0.501494 0.799722
vt 0.513864 0.676231
vt 0.520675 0.678095
vt 0.526718 0.682245
vt 0.552913 0.656479
vt 0.424691 0.898803
vt 0.540089 0.714954
vt 0.544047 0.721360
vt 0.566923 0.649440
vt 0.547028 0.702338
vt 0.688714 0.726502
vt 0.701629 0.702892
vt 0.712598 0.722018
vt 0.887737 0.408472
vt 0.581366 0.720838
vt 0.549898 0.729490
vt 0.561041 0.738887
vt 0.533021 0.730815
vt 0.610214 0.675678
vt 0.601709 0.664642
vt 0.618645 0.658623
vt 0.573451 0.723517
vt 0.634287 0.623255
vt 0.659540 0.621594
vt 0.639775 0.633222
vt 0.595027 0.702101
vt 0.633689 0.668766
vt 0.528151 0.735947
vt 0.511022 0.772562
vt 0.517880 0.772746
vt 0.658094 0.703332
vt 0.667907 0.730489
vt 0.601175 0.805418
vt 0.598957 0.812569
vt 0.597120 0.811487
vt 0.666482 0.628215
vt 0.658813 0.646185
vt 0.668900 0.621057
vt 0.579291 0.993194
vt 0.561182 0.982755
vt 0.575624 0.980284
vt 0.625363 0.881720
vt 0.643082 0.859348
vt 0.631758 0.884021
vt 0.537352 0.946148
vt 0.539289 0.975053
vt 0.693336 0.682775
vt 0.690231 0.648785
vt 0.701491 0.681122
vt 0.528503 0.979936
vt 0.496095 0.956119
vt 0.577802 0.927854
vt 0.585518 0.921385
vt 0.586952 0.928251
vt 0.564617 0.903174
vt 0.635696 0.765538
vt 0.615448 0.761021
vt 0.547476 0.824147
vt 0.552636 0.802148
vt 0.562789 0.803768
vt 0.568951 0.827615
vt 0.529893 0.776770
vt 0.536198 0.789945
vt 0.616298 0.801211
vt 0.611939 0.803426
vt 0.662548 0.680473
vt 0.546493 0.788510
vt 0.540540 0.770782
vt 0.554339 0.786191
vt 0.614060 0.789463
vt 0.606052 0.784778
vt 0.476670 0.934158
vt 0.537642 0.773593
vt 0.527472 0.771119
vt 0.534836 0.766783
vt 0.518277 0.747101
vt 0.526733 0.757032
vt 0.522560 0.759358
vt 0.646462 0.816553
vt 0.651799 0.819443
vt 0.645916 0.817460
vt 0.606619 0.799196
vt 0.600748 0.797344
vt 0.594892 0.814698
vt 0.594087 0.814856
vt 0.516477 0.737600
vt 0.515609 0.739905
vt 0.693668 0.747030
vt 0.710744 0.758518
vt 0.689773 0.757809
vt 0.521038 0.745225
vt 0.606345 0.792917
vt 0.602885 0.792138
vt 0.608919 0.795579
vt 0.607705 0.791189
vt 0.609612 0.843920
vt 0.600922 0.872028
vt 0.593045 0.863069
vt 0.619271 0.845387
vt 0.613933 0.876574
vt 0.637132 0.834706
vt 0.634570 0.822465
vt 0.641345 0.825636
vt 0.613408 0.913867
vt 0.629904 0.850044
vt 0.644835 0.839914
vt 0.638161 0.855912
vt 0.687994 0.778161
vt 0.692131 0.792232
vt 0.687679 0.790084
vt 0.651539 0.841874
vt 0.627953 0.830606
vt 0.714163 0.762782
vt 0.710775 0.758527
vt 0.726052 0.763074
vt 0.619254 0.829153
vt 0.719644 0.735098
vt 0.714699 0.752598
vt 0.722975 0.756387
vt 0.722429 0.751460
vt 0.724414 0.752067
vt 0.653618 0.829486
vt 0.628674 0.819982
vt 0.725289 0.744009
vt 0.730335 0.740279
vt 0.729581 0.749848
vt 0.624119 0.816454
vt 0.637728 0.811180
vt 0.647588 0.829134
vt 0.739224 0.756369
vt 0.732971 0.752804
vt 0.737612 0.750287
vt 0.735243 0.760572
vt 0.728828 0.757704
vt 0.641444 0.815227
vt 0.728022 0.757235
vt 0.621911 0.911804
vt 0.651457 0.808371
vt 0.655081 0.799557
vt 0.656629 0.800501
vt 0.649020 0.806890
vt 0.604362 0.806679
vt 0.606255 0.799713
vt 0.611045 0.803600
vt 0.646924 0.804801
vt 0.642375 0.814205
vt 0.638998 0.810726
vt 0.737409 0.758226
vt 0.742795 0.761636
vt 0.741453 0.762610
vt 0.740328 0.763856
vt 0.742980 0.764622
vt 0.742670 0.765197
vt 0.653723 0.797775
vt 0.658067 0.796128
vt 0.658544 0.794464
vt 0.658852 0.796415
vt 0.654776 0.809994
vt 0.510074 0.672809
vt 0.510113 0.674290
vt 0.659168 0.801370
vt 0.660429 0.795495
vt 0.725199 0.748874
vt 0.726070 0.750042
vt 0.530403 0.803317
vt 0.739423 0.765414
vt 0.743144 0.766148
vt 0.733566 0.762830
vt 0.727212 0.762630
vt 0.736014 0.741109
vt 0.737665 0.749582
vt 0.694732 0.777121
vt 0.701333 0.764677
vt 0.710758 0.758535
vt 0.588804 0.643782
vt 0.895801 0.522750
vt 0.666254 0.752920
vt 0.669214 0.760092
vt 0.680013 0.779711
vt 0.666660 0.779504
vt 0.674315 0.704767
vt 0.679960 0.686491
vt 0.686516 0.704851
vt 0.642805 0.775790
vt 0.675834 0.627921
vt 0.684196 0.619983
vt 0.583424 0.861901
vt 0.533703 0.766401
vt 0.527187 0.770372
vt 0.534965 0.913690
vt 0.516334 0.898164
vt 0.658029 0.611872
vt 0.600476 0.982445
vt 0.604287 0.950909
vt 0.610381 0.951930
vt 0.678978 0.654542
vt 0.611282 0.643234
vt 0.597516 0.947978
vt 0.598668 0.917696
vt 0.917955 0.585036
vt 0.937823 0.583407
vt 0.425768 0.957247
vt 0.413770 0.951842
vt 0.427712 0.955300
vt 0.589582 0.973478
vt 0.590823 0.943300
vt 0.533620 0.937376
vt 0.592591 0.814996
vt 0.593436 0.816507
vt 0.671999 0.610775
vt 0.520299 0.806613
vt 0.522716 0.773075
vt 0.524225 0.778724
vt 0.516593 0.747634
vt 0.519618 0.760336
vt 0.522707 0.772157
vt 0.889500 0.479246
vt 0.595089 0.815970
vt 0.639207 0.786493
vt 0.743933 0.765125
vt 0.583421 0.756549
vt 0.621953 0.780842
vt 0.378271 0.945362
vt 0.387030 0.942948
vt 0.383206 0.953335
vt 0.567692 0.927940
vt 0.576218 0.919646
vt 0.557827 0.930321
vt 0.547317 0.926646
vt 0.556345 0.922644
vt 0.582847 0.905952
vt 0.566968 0.909506
vt 0.367153 0.953381
vt 0.385912 0.955709
vt 0.365507 0.954779
vt 0.579715 0.764515
vt 0.540957 0.801692
vt 0.602542 0.842882
vt 0.588952 0.858126
vt 0.478590 0.879452
vt 0.592943 0.650817
vt 0.449156 0.925004
vt 0.473557 0.941585
vt 0.687596 0.796890
vt 0.506034 0.884001
vt 0.524893 0.727529
vt 0.607280 0.636179
vt 0.706866 0.678058
vt 0.696976 0.642925
vt 0.525104 0.924269
vt 0.389879 0.943759
vt 0.428628 0.973337
vt 0.431526 0.977180
vt 0.414240 0.959237
vt 0.413971 0.953759
vt 0.367166 0.946381
vt 0.375829 0.940181
vt 0.424676 0.972613
vt 0.421110 0.973191
vt 0.420870 0.963032
vt 0.414060 0.972940
vt 0.411717 0.969376
vt 0.415718 0.970152
vt 0.412769 0.965008
vt 0.372019 0.928977
vt 0.374098 0.933540
vt 0.370094 0.932680
vt 0.383737 0.939448
vt 0.374708 0.936611
vt 0.377590 0.932698
vt 0.379326 0.934609
vt 0.368580 0.935809
vt 0.412375 0.976625
vt 0.411019 0.972763
vt 0.418502 0.974200
vt 0.374252 0.926803
vt 0.374086 0.929594
vt 0.416339 0.975661
vt 0.431557 0.948995
vt 0.376036 0.929412
vt 0.411023 0.979995
vt 0.410474 0.976914
vt 0.413749 0.978281
vt 0.366141 0.974116
vt 0.449406 0.983215
vt 0.591103 0.934277
vt 0.595319 0.923983
vt 0.594977 0.933434
vt 0.367599 0.940146
vt 0.406705 0.952899
vt 0.893163 0.461063
vt 0.906612 0.376186
vt 0.906712 0.557841
vt 0.529841 0.928376
vt 0.918824 0.339001
vt 0.938101 0.342408
vt 0.463509 0.869257
vt 0.563439 0.750447
vt 0.611512 0.827566
vt 0.659459 0.785637
vt 0.510161 0.773757
vt 0.427514 0.878397
vt 0.530282 0.670575
vt 0.527261 0.664720
vt 0.732248 0.751822
vt 0.651640 0.818519
vt 0.733773 0.731307
vt 0.726677 0.732553
vt 0.726848 0.717213
vt 0.558371 0.993726
vt 0.433287 0.912562
vt 0.567115 0.920113
vt 0.579779 0.910538
vt 0.589057 0.915281
vt 0.553020 0.912407
vt 0.540739 0.918139
vt 0.549978 0.934237
vt 0.539135 0.932857
vt 0.525622 0.935307
vt 0.916653 0.352701
vt 0.936439 0.369800
vt 0.912570 0.364125
vt 0.962402 0.577672
vt 0.913219 0.570495
vt 0.543581 0.938714
vt 0.974572 0.523072
vt 0.964853 0.536905
vt 0.186545 0.768876
vt 0.211616 0.741328
vt 0.198587 0.649997
vt 0.148453 0.657292
vt 0.115523 0.680762
vt 0.146086 0.773133
vt 0.210957 0.692108
vt 0.565941 0.169870
vt 0.561248 0.167739
vt 0.630606 0.186123
vt 0.676780 0.202678
vt 0.629650 0.189560
vt 0.788600 0.507466
vt 0.791141 0.505491
vt 0.549793 0.169911
vt 0.797885 0.252558
vt 0.788980 0.473286
vt 0.587520 0.174502
vt 0.606933 0.183584
vt 0.585899 0.177507
vt 0.546929 0.169050
vt 0.783352 0.221578
vt 0.775606 0.228301
vt 0.729021 0.210402
vt 0.755482 0.222725
vt 0.726174 0.215900
vt 0.568037 0.167687
vt 0.792299 0.500584
vt 0.678008 0.198936
vt 0.788564 0.334183
vt 0.608138 0.180426
vt 0.764562 0.224708
vt 0.773565 0.262330
vt 0.758136 0.240595
vt 0.605367 0.189945
vt 0.585735 0.183202
vt 0.675455 0.208374
vt 0.627991 0.196352
vt 0.557218 0.172515
vt 0.562112 0.171398
vt 0.560824 0.175185
vt 0.569899 0.175498
vt 0.722301 0.224350
vt 0.557126 0.172437
vt 0.601944 0.198601
vt 0.715028 0.237242
vt 0.671034 0.219156
vt 0.568195 0.180126
vt 0.740929 0.255207
vt 0.582620 0.189424
vt 0.626041 0.206773
vt 0.786763 0.496195
vt 0.783247 0.471617
vt 0.782356 0.420140
vt 0.774460 0.419708
vt 0.778638 0.336697
vt 0.787865 0.502743
vt 0.757200 0.293232
vt 0.772241 0.305372
vt 0.757627 0.301438
vt 0.777751 0.290044
vt 0.752288 0.271746
vt 0.768389 0.431228
vt 0.764092 0.416878
vt 0.785358 0.504206
vt 0.781410 0.495827
vt 0.776390 0.474566
vt 0.913983 0.592767
vt 0.324441 0.941907
vt 0.829744 0.188136
vt 0.829613 0.178392
vt 0.763767 0.431081
vt 0.753067 0.436262
vt 0.771807 0.308501
vt 0.773036 0.346323
vt 0.768635 0.346889
vt 0.776068 0.345677
vt 0.767853 0.346765
vt 0.757701 0.304465
vt 0.755706 0.410160
vt 0.755760 0.347632
vt 0.760490 0.411680
vt 0.748439 0.434333
vt 0.739351 0.458094
vt 0.736592 0.456904
vt 0.739902 0.427600
vt 0.748088 0.405255
vt 0.732988 0.458969
vt 0.735335 0.456634
vt 0.757327 0.439732
vt 0.738738 0.461116
vt 0.756247 0.410321
vt 0.744886 0.433856
vt 0.880834 0.761554
vt 0.851282 0.765894
vt 0.825602 0.183854
vt 0.836174 0.187690
vt 0.980954 0.108035
vt 0.978234 0.137622
vt 0.947101 0.029658
vt 0.981457 0.066589
vt 0.886032 0.045859
vt 0.824059 0.075984
vt 0.096352 0.107155
vt 0.104268 0.089723
vt 0.110624 0.093692
vt 0.101342 0.114925
vt 0.117699 0.098139
vt 0.075111 0.098146
vt 0.092096 0.100892
vt 0.076853 0.107504
vt 0.096639 0.084529
vt 0.080711 0.082905
vt 0.086740 0.077360
vt 0.069650 0.065074
vt 0.073060 0.085843
vt 0.087096 0.093199
vt 0.102173 0.072735
vt 0.111175 0.074695
vt 0.090087 0.069848
vt 0.102275 0.059720
vt 0.090301 0.061690
vt 0.126013 0.077208
vt 0.119022 0.056509
vt 0.126013 0.055438
vt 0.111811 0.057946
vt 0.119261 0.033661
vt 0.111568 0.038533
vt 0.097862 0.047557
vt 0.105319 0.042629
vt 0.087495 0.054029
vt 0.102661 0.017400
vt 0.098276 0.024315
vt 0.089137 0.037921
vt 0.094355 0.030547
vt 0.081945 0.047995
vt 0.081975 0.009078
vt 0.080622 0.016453
vt 0.077194 0.032776
vt 0.074458 0.044659
vt 0.079352 0.023595
vt 0.061432 0.015653
vt 0.060476 0.008947
vt 0.066275 0.044318
vt 0.064198 0.032041
vt 0.062709 0.022727
vt 0.039111 0.015389
vt 0.043433 0.022745
vt 0.047526 0.029018
vt 0.058614 0.047251
vt 0.052062 0.036817
vt 0.022999 0.031197
vt 0.028653 0.035652
vt 0.035256 0.039958
vt 0.042632 0.045732
vt 0.052580 0.052800
vt 0.020529 0.053753
vt 0.012405 0.051160
vt 0.028160 0.055096
vt 0.037421 0.057539
vt 0.049252 0.060272
vt 0.020196 0.073572
vt 0.010159 0.075201
vt 0.027413 0.071835
vt 0.048905 0.068438
vt 0.036592 0.070548
vt 0.027071 0.092151
vt 0.019868 0.097452
vt 0.051748 0.076166
vt 0.041357 0.082736
vt 0.033191 0.087540
vt 0.040877 0.106389
vt 0.036661 0.113497
vt 0.057408 0.082093
vt 0.050387 0.091992
vt 0.044740 0.099841
vt 0.058895 0.114159
vt 0.057609 0.121760
vt 0.064838 0.085516
vt 0.062072 0.097543
vt 0.060088 0.106830
vt 0.078334 0.114707
vt 0.079442 0.121743
vt 0.118427 0.075867
vt 0.989050 0.991696
vt 0.894470 0.690260
vt 0.491696 0.500316
vt 0.565879 0.281125
vt 0.402956 0.868001
vt 0.536633 0.673406
vt 0.498627 0.889834
vt 0.417871 0.967211
vt 0.409381 0.932969
vt 0.399808 0.975236
vt 0.590760 0.928322
vt 0.381361 0.936666
vt 0.896604 0.549069
vt 0.733155 0.460265
vt 0.744461 0.433666
vt 0.491737 0.047997
vt 0.753452 0.916789
vt 0.889526 0.597277
vt 0.400575 0.849848
vt 0.890937 0.441310
vt 0.977367 0.024934
s 1
usemtl Creature.002
f 1/1/1 110/2/2 5/3/3
f 126/4/4 12/5/5 123/6/6
f 928/7/7 834/8/8 1850/9/9
f 3/10/10 7/11/11 8/12/12
f 78/13/13 13/14/14 7/11/11
f 11/15/15 943/16/16 931/17/17
f 13/14/14 110/2/2 7/11/11
f 121/18/18 12/5/5 6/19/19
f 80/20/20 101/21/21 100/22/22
f 10/23/23 944/24/24 943/16/16
f 15/25/25 121/18/18 6/19/19
f 16/26/26 111/27/27 101/21/21
f 18/28/28 944/24/24 4/29/29
f 780/30/30 19/31/31 15/25/25
f 19/31/31 4/29/29 15/25/25
f 782/32/32 31/33/33 784/34/34
f 21/35/35 968/36/36 32/37/37
f 22/38/38 32/37/37 31/33/33
f 786/39/39 25/40/40 36/41/41
f 38/42/42 957/43/43 974/44/44
f 36/41/41 24/45/45 38/42/42
f 23/46/46 26/47/47 25/40/40
f 26/47/47 957/43/43 24/45/45
f 25/40/40 26/47/47 24/45/45
f 28/48/48 34/49/49 35/50/50
f 34/49/49 964/51/51 972/52/52
f 785/53/53 28/48/48 35/50/50
f 31/33/33 18/28/28 19/31/31
f 32/37/37 949/54/54 18/28/28
f 781/55/55 31/33/33 19/31/31
f 785/53/53 22/38/38 782/32/32
f 34/49/49 953/56/56 21/35/35
f 35/50/50 21/35/35 22/38/38
f 28/48/48 38/42/42 29/57/57
f 29/57/57 974/44/44 964/51/51
f 783/58/58 36/41/41 28/48/48
f 41/59/59 43/60/60 1/1/1
f 2/61/61 45/62/62 41/59/59
f 1/1/1 43/60/60 49/63/63
f 40/64/64 48/65/65 42/66/66
f 42/66/66 46/67/67 39/68/68
f 151/69/69 50/70/70 150/71/71
f 1/1/1 49/63/63 53/72/72
f 152/73/73 52/74/74 151/69/69
f 51/75/75 56/76/76 52/74/74
f 52/74/74 54/77/77 50/70/70
f 60/78/78 58/79/79 59/80/80
f 62/81/81 59/80/80 57/82/82
f 56/76/76 62/81/81 54/77/77
f 55/83/83 60/78/78 56/76/76
f 59/80/80 64/84/84 65/85/85
f 59/80/80 63/86/86 57/82/82
f 58/79/79 1008/87/87 1007/88/88
f 55/83/83 1005/89/89 1006/90/90
f 61/91/91 1006/90/90 1008/87/87
f 152/73/73 1004/92/92 1110/93/93
f 58/79/79 1009/94/94 64/84/84
f 44/95/95 1010/96/96 1012/97/97
f 39/68/68 49/63/63 43/60/60
f 1011/98/98 47/99/99 40/64/64
f 841/100/100 14/101/101 122/102/102
f 1857/103/103 9/104/104 928/7/7
f 41/59/59 67/105/105 2/61/61
f 5/3/3 66/106/106 1/1/1
f 1010/96/96 67/105/105 1020/107/107
f 103/108/108 85/109/109 86/110/110
f 70/111/111 5/3/3 16/26/26
f 41/59/59 66/106/106 71/112/112
f 67/105/105 1028/113/113 1020/107/107
f 66/106/106 76/114/114 72/115/115
f 68/116/116 1848/117/117 833/118/118
f 66/106/106 77/119/119 71/112/112
f 71/112/112 73/120/120 67/105/105
f 104/121/121 82/122/122 106/123/123
f 124/124/124 833/118/118 832/125/125
f 102/126/126 86/110/110 89/127/127
f 105/128/128 83/129/129 104/121/121
f 14/101/101 100/22/22 99/130/130
f 6/19/19 79/131/131 78/13/13
f 117/132/132 93/133/133 94/134/134
f 117/132/132 97/135/135 116/136/136
f 113/137/137 821/138/138 93/133/133
f 116/136/136 95/139/139 115/140/140
f 105/128/128 88/141/141 84/142/142
f 108/143/143 87/144/144 88/141/141
f 109/145/145 89/127/127 87/144/144
f 107/146/146 82/122/122 85/109/109
f 90/147/147 822/148/148 98/149/149
f 91/150/150 92/151/151 98/149/149
f 96/152/152 95/139/139 98/149/149
f 92/151/151 96/152/152 98/149/149
f 119/153/153 96/152/152 92/151/151
f 118/154/154 95/139/139 96/152/152
f 119/153/153 91/150/150 120/155/155
f 114/156/156 822/148/148 90/147/147
f 95/139/139 97/135/135 98/149/149
f 93/133/133 821/138/138 98/149/149
f 97/135/135 94/134/134 98/149/149
f 94/134/134 93/133/133 98/149/149
f 100/22/22 12/5/5 99/130/130
f 126/4/4 834/8/8 835/157/157
f 101/21/21 79/131/131 100/22/22
f 16/26/26 106/123/123 107/146/146
f 81/158/158 102/126/126 109/145/145
f 75/159/159 109/145/145 108/143/143
f 69/160/160 108/143/143 105/128/128
f 839/161/161 104/121/121 14/101/101
f 76/114/114 103/108/108 102/126/126
f 80/20/20 104/121/121 106/123/123
f 70/111/111 107/146/146 103/108/108
f 101/21/21 111/27/27 13/14/14
f 110/2/2 111/27/27 5/3/3
f 110/2/2 8/12/12 7/11/11
f 790/162/162 119/153/153 120/155/155
f 794/163/163 115/140/140 118/154/154
f 789/164/164 118/154/154 119/153/153
f 792/165/165 115/140/140 788/166/166
f 823/167/167 790/162/162 120/155/155
f 793/168/168 116/136/136 792/165/165
f 787/169/169 117/132/132 793/168/168
f 99/130/130 835/157/157 14/101/101
f 69/160/160 832/125/125 75/159/159
f 840/170/170 122/102/102 9/104/104
f 4/29/29 123/6/6 121/18/18
f 11/15/15 123/6/6 10/23/23
f 121/18/18 15/25/25 4/29/29
f 136/171/171 134/172/172 135/173/173
f 1090/174/174 129/175/175 136/171/171
f 130/176/176 135/173/173 134/172/172
f 145/177/177 149/178/178 826/179/179
f 149/178/178 827/180/180 826/179/179
f 148/181/181 1085/182/182 1105/183/183
f 1101/184/184 828/185/185 144/186/186
f 143/187/187 133/188/188 131/189/189
f 146/190/190 128/191/191 148/181/181
f 144/186/186 827/180/180 147/192/192
f 143/187/187 127/193/193 142/194/194
f 142/194/194 132/195/195 146/190/190
f 72/115/115 76/114/114 139/196/196
f 74/197/197 837/198/198 125/199/199
f 81/158/158 139/196/196 76/114/114
f 1022/200/200 836/201/201 74/197/197
f 125/199/199 838/202/202 75/159/159
f 81/158/158 838/202/202 141/203/203
f 72/115/115 146/204/190 77/119/119
f 139/196/196 142/205/194 72/115/115
f 140/206/204 831/207/205 137/208/206
f 77/119/119 148/209/181 73/120/120
f 139/196/196 145/210/177 143/211/187
f 1096/212/207 829/213/208 140/206/204
f 73/120/120 1105/214/183 1028/113/113
f 138/215/209 831/207/205 830/216/210
f 830/216/210 145/210/177 141/203/203
f 51/75/75 1110/93/93 1005/89/89
f 47/99/99 151/69/69 48/65/65
f 46/67/67 151/69/69 150/71/71
f 45/62/62 39/68/68 43/60/60
f 44/95/95 42/66/66 45/62/62
f 150/71/71 53/72/72 49/63/63
f 50/70/70 772/217/211 53/72/72
f 49/63/63 46/67/67 150/71/71
f 196/218/212 173/219/213 198/220/214
f 187/221/215 160/222/216 188/223/217
f 188/223/217 161/224/218 190/225/219
f 231/226/220 153/227/221 229/228/222
f 232/229/223 154/230/224 158/231/225
f 183/232/226 236/233/227 245/234/228
f 157/235/229 209/236/230 207/237/231
f 159/238/232 233/239/233 231/240/220
f 158/231/225 234/241/234 232/229/223
f 179/242/235 238/243/236 243/244/237
f 189/245/238 164/246/239 158/231/225
f 186/247/240 211/248/241 220/249/242
f 244/250/243 166/251/244 235/252/245
f 228/253/246 175/254/247 215/255/248
f 226/256/249 176/257/250 222/258/251
f 182/259/252 213/260/253 219/261/254
f 242/262/255 170/263/256 237/264/257
f 255/265/258 201/266/259 258/267/260
f 223/268/261 239/269/262 248/270/263
f 222/258/251 240/271/264 247/272/265
f 203/273/266 172/274/267 179/242/235
f 224/275/268 194/276/269 169/277/270
f 215/255/248 175/254/247 178/278/271
f 239/269/262 177/279/272 241/280/273
f 811/281/274 242/262/255 819/282/275
f 817/283/276 182/259/252 219/261/254
f 815/284/277 179/242/235 812/285/278
f 812/285/278 243/244/237 818/286/279
f 220/249/242 253/287/280 186/247/240
f 185/288/281 254/289/282 250/290/283
f 204/291/284 257/292/285 259/293/286
f 257/292/285 245/234/228 262/294/287
f 814/295/288 180/296/289 200/297/290
f 225/298/291 173/219/213 196/218/212
f 200/297/290 169/277/270 194/276/269
f 204/291/284 168/299/292 183/232/226
f 201/266/259 165/300/293 192/301/294
f 158/231/225 202/302/295 189/245/238
f 205/303/296 188/223/217 206/304/297
f 206/304/297 190/225/219 208/305/298
f 189/245/238 218/306/299 207/237/231
f 201/266/259 210/307/300 217/308/301
f 216/309/302 194/276/269 212/310/303
f 227/311/304 196/218/212 214/312/305
f 241/313/273 199/314/306 178/278/271
f 196/218/212 177/279/272 214/312/305
f 814/295/288 216/309/302 816/315/307
f 260/316/308 201/266/259 217/308/301
f 260/316/308 185/288/281 256/317/309
f 816/315/307 181/318/310 811/281/274
f 174/319/311 214/312/305 177/279/272
f 227/311/304 174/319/311 223/268/261
f 216/309/302 170/263/256 181/318/310
f 217/308/301 166/251/244 185/288/281
f 207/237/231 153/227/221 157/235/229
f 159/238/232 208/305/298 162/320/312
f 155/321/313 206/304/297 159/238/232
f 261/322/314 204/291/284 259/293/286
f 815/284/277 219/261/254 203/273/266
f 197/323/315 178/278/271 199/314/306
f 219/261/254 195/324/316 203/273/266
f 228/253/246 197/323/315 226/256/249
f 204/291/284 211/248/241 193/325/317
f 207/237/231 191/326/318 189/245/238
f 213/260/253 226/256/249 195/324/316
f 212/310/303 223/268/261 170/263/256
f 240/327/264 198/220/214 173/219/213
f 212/310/303 225/298/291 227/311/304
f 195/324/316 222/258/251 172/274/267
f 172/274/267 247/272/265 238/243/236
f 170/263/256 248/270/263 237/264/257
f 213/260/253 221/328/319 228/253/246
f 171/329/320 248/330/263 221/328/319
f 169/277/270 247/331/265 224/275/268
f 198/220/214 241/280/273 177/279/272
f 161/224/218 258/267/260 190/225/219
f 255/265/258 245/332/228 184/333/321
f 244/334/243 253/287/280 254/335/282
f 810/336/322 243/337/237 180/296/289
f 813/338/323 242/339/255 182/259/252
f 239/340/262 178/278/271 175/254/247
f 224/275/268 240/327/264 173/219/213
f 221/328/319 239/340/262 175/254/247
f 242/339/255 171/329/320 182/259/252
f 186/247/240 235/341/245 167/342/324
f 180/296/289 238/343/236 169/277/270
f 160/222/216 234/344/234 161/224/218
f 231/226/220 163/345/325 157/235/229
f 184/333/321 236/346/227 165/300/293
f 156/347/326 232/348/223 160/222/216
f 159/238/232 229/349/222 155/321/313
f 264/350/327 250/290/283 254/289/282
f 251/351/328 263/352/329 253/287/280
f 264/353/327 253/287/280 263/352/329
f 261/322/314 209/236/230 251/351/328
f 209/236/230 252/354/330 251/351/328
f 256/317/309 185/288/281 250/290/283
f 233/355/233 252/354/330 163/345/325
f 162/320/312 249/356/331 233/239/233
f 162/320/312 256/317/309 250/290/283
f 220/249/242 261/322/314 251/351/328
f 249/357/331 263/352/329 252/354/330
f 251/351/328 252/354/330 263/352/329
f 249/356/331 250/290/283 264/350/327
f 161/224/218 262/358/287 255/265/258
f 209/236/230 259/293/286 191/326/318
f 162/320/312 260/316/308 256/317/309
f 208/305/298 258/267/260 260/316/308
f 164/246/239 259/293/286 257/292/285
f 164/246/239 262/294/287 234/241/234
f 298/359/332 265/360/333 269/361/334
f 300/362/335 270/363/336 268/364/337
f 299/365/338 268/364/337 265/360/333
f 303/366/339 271/367/340 302/368/341
f 309/369/342 282/370/343 308/371/344
f 298/359/332 266/372/345 304/373/346
f 1273/374/347 267/375/348 303/366/339
f 304/373/346 1229/376/349 1274/377/350
f 302/368/341 270/363/336 301/378/351
f 288/379/352 273/380/353 287/381/354
f 1254/382/355 274/383/356 289/384/357
f 287/381/354 1238/385/358 1255/386/359
f 291/387/360 276/388/361 288/379/352
f 290/389/362 275/390/363 292/391/364
f 291/387/360 275/390/363 272/392/365
f 286/393/366 274/383/356 278/394/367
f 306/395/368 284/396/369 305/397/370
f 307/398/371 279/399/372 306/395/368
f 309/369/342 281/400/373 285/401/374
f 315/402/375 308/371/344 316/403/376
f 305/397/370 280/404/377 311/405/378
f 1282/406/379 281/400/373 310/407/380
f 1283/408/381 280/404/377 1248/409/382
f 267/375/348 286/393/366 271/367/340
f 265/360/333 292/391/364 291/387/360
f 270/363/336 292/391/364 268/364/337
f 265/360/333 288/379/352 269/361/334
f 290/389/362 278/394/367 277/410/383
f 266/372/345 1255/386/359 1229/376/349
f 1224/411/384 289/384/357 267/375/348
f 269/361/334 287/381/354 266/372/345
f 926/412/385 340/413/386 924/414/387
f 325/415/388 1260/416/389 295/417/390
f 323/418/391 1265/419/392 1305/420/393
f 326/421/394 283/422/395 282/370/343
f 328/423/396 293/424/397 327/425/398
f 271/367/340 290/389/362 270/363/336
f 128/191/191 1274/377/350 1085/182/182
f 1079/426/399 303/366/339 129/175/175
f 132/195/195 304/373/346 128/191/191
f 129/175/175 302/368/341 134/172/172
f 127/193/193 300/362/335 299/365/338
f 133/188/188 300/362/335 131/189/189
f 127/193/193 298/359/332 132/195/195
f 278/394/367 316/403/376 277/410/383
f 313/427/400 1283/408/381 1286/428/401
f 1291/429/402 310/407/380 317/430/403
f 312/431/404 311/405/378 313/427/400
f 317/430/403 309/369/342 315/402/375
f 230/432/405 272/392/365 275/390/363
f 154/433/224 275/390/363 277/410/383
f 314/434/406 305/397/370 312/431/404
f 154/433/224 316/403/376 202/435/295
f 276/388/361 314/434/406 312/431/404
f 229/436/222 307/398/371 155/437/313
f 307/398/371 229/438/222 153/439/221
f 276/388/361 313/427/400 273/380/353
f 273/380/353 1286/428/401 1238/385/358
f 274/383/356 315/402/375 278/394/367
f 1233/440/407 317/430/403 274/383/356
f 218/441/299 316/403/376 308/371/344
f 314/434/406 156/442/326 187/443/215
f 176/257/250 197/323/315 199/314/306
f 306/395/368 187/443/215 205/444/296
f 307/398/371 205/444/296 155/437/313
f 153/439/221 308/371/344 307/398/371
f 307/398/371 282/370/343 283/422/395
f 64/84/84 1293/445/408 65/85/85
f 65/85/85 1292/446/409 63/86/86
f 922/447/410 335/448/411 342/449/412
f 360/450/413 341/451/414 338/452/415
f 1260/416/389 320/453/416 295/417/390
f 294/454/417 1300/455/418 1265/419/392
f 318/456/419 296/457/420 321/458/421
f 282/370/343 285/401/374 326/421/394
f 285/401/374 325/415/388 326/421/394
f 283/422/395 327/425/398 279/399/372
f 279/399/372 324/459/422 284/396/369
f 280/404/377 1305/420/393 1248/409/382
f 281/400/373 1304/460/423 325/415/388
f 280/404/377 324/459/422 323/418/391
f 319/461/424 333/462/425 330/463/426
f 319/461/424 1313/464/427 1300/455/418
f 320/453/416 1315/465/428 331/466/429
f 334/467/430 1314/468/431 329/469/432
f 329/469/432 1316/470/433 332/471/434
f 330/463/435 1316/470/433 1313/464/427
f 320/453/416 334/467/436 321/458/421
f 330/463/426 322/472/437 332/471/438
f 332/471/438 318/456/419 329/469/439
f 361/473/440 342/474/412 341/451/414
f 295/417/390 321/458/421 296/457/420
f 329/469/439 321/458/421 334/467/436
f 322/472/437 297/475/441 318/456/419
f 326/421/394 297/475/441 328/423/396
f 296/457/420 325/415/388 295/417/390
f 368/476/442 728/477/443 349/478/444
f 367/479/445 346/480/446 345/481/447
f 363/482/448 344/483/449 362/484/450
f 731/485/451 726/486/452 364/487/453
f 923/488/454 339/489/455 926/412/385
f 924/414/387 336/490/456 925/491/457
f 359/492/458 336/490/456 335/448/411
f 923/488/454 338/452/415 337/493/459
f 366/494/460 735/495/461 346/480/446
f 369/496/462 348/497/463 363/482/448
f 362/484/450 343/498/464 365/499/465
f 367/479/445 347/500/466 369/496/462
f 743/501/467 352/502/468 357/503/469
f 739/504/470 351/505/471 740/506/472
f 738/507/473 358/508/474 739/504/470
f 742/509/475 357/503/469 355/510/476
f 737/511/477 354/512/478 353/513/479
f 294/514/417 353/513/479 352/502/468
f 741/515/480 351/505/471 354/516/478
f 742/509/475 356/517/481 738/507/473
f 357/503/469 360/450/482 923/488/483
f 358/508/474 359/492/484 351/505/471
f 356/517/481 925/491/485 358/508/474
f 357/503/469 926/412/486 355/510/476
f 353/513/479 922/518/487 361/473/488
f 352/502/468 361/473/488 360/450/482
f 354/516/478 359/492/484 922/447/487
f 355/510/476 924/414/489 356/517/481
f 337/519/459 369/496/462 339/520/455
f 336/521/456 365/499/465 335/522/411
f 339/520/455 363/482/448 340/523/386
f 342/524/412 731/485/451 364/487/453
f 340/523/386 362/484/450 336/521/456
f 337/519/459 366/494/460 367/479/445
f 342/525/412 368/476/442 341/526/414
f 746/527/490 583/528/491 586/529/492
f 549/530/493 745/531/494 746/527/490
f 587/532/495 375/533/496 585/534/497
f 373/535/498 583/528/491 584/536/499
f 668/537/500 584/536/499 667/538/501
f 675/539/502 523/540/503 582/541/504
f 434/542/505 380/543/506 665/544/507
f 613/545/508 550/546/509 614/547/510
f 378/548/511 577/549/512 573/550/513
f 576/551/514 376/552/515 575/553/516
f 744/554/517 600/555/518 461/556/519
f 684/557/520 384/558/521 683/559/522
f 377/560/523 381/561/524 378/548/511
f 442/562/525 385/563/526 383/564/527
f 692/565/528 412/566/529 691/567/530
f 555/568/531 382/569/532 379/570/533
f 561/571/534 388/572/535 386/573/536
f 562/574/537 444/575/538 566/576/539
f 438/577/540 400/578/541 436/579/542
f 443/580/543 387/581/544 385/563/526
f 559/582/545 386/573/536 384/558/521
f 564/583/546 390/584/547 389/585/548
f 389/585/548 379/570/533 376/552/515
f 615/586/549 592/587/550 620/588/551
f 615/586/549 588/589/552 593/590/553
f 591/591/554 401/592/555 590/593/556
f 399/594/557 403/595/558 397/596/559
f 395/597/560 616/598/561 394/599/562
f 398/600/563 588/589/552 589/601/564
f 710/602/565 610/603/566 625/604/567
f 703/605/568 589/601/564 705/606/569
f 399/594/557 593/590/553 588/589/552
f 402/607/570 410/608/571 671/609/572
f 407/610/573 409/611/574 439/612/575
f 593/590/553 396/613/576 592/587/550
f 406/614/577 401/592/555 400/578/541
f 408/615/578 428/616/579 406/614/577
f 704/617/580 398/600/563 703/605/568
f 397/596/559 402/607/570 396/613/576
f 671/618/572 410/619/571 438/577/540
f 404/620/581 399/594/557 398/600/563
f 410/608/571 403/595/558 411/621/582
f 693/622/583 446/623/584 691/624/530
f 418/625/585 693/622/583 696/626/586
f 405/627/587 411/621/582 403/595/558
f 414/628/588 409/611/574 408/615/578
f 712/629/589 617/630/590 395/597/560
f 417/631/591 420/632/592 416/633/593
f 692/565/528 416/633/593 695/634/594
f 683/559/522 442/635/525 685/636/595
f 695/634/594 445/637/596 694/638/597
f 419/639/598 448/640/599 446/623/584
f 426/641/600 423/642/601 422/643/602
f 420/632/592 445/637/596 416/633/593
f 424/644/603 447/645/604 420/632/592
f 425/646/605 449/647/606 424/644/603
f 446/648/584 421/649/607 417/631/591
f 422/643/602 419/639/598 418/625/585
f 421/649/607 424/644/603 420/632/592
f 614/547/510 601/650/608 587/532/495
f 448/651/599 425/646/605 421/649/607
f 388/572/535 443/652/543 386/573/536
f 430/653/609 429/654/610 428/616/579
f 428/616/579 407/610/573 406/614/577
f 409/611/574 430/653/609 408/615/578
f 429/654/610 409/611/574 407/610/573
f 427/655/611 448/640/599 423/642/601
f 704/617/580 412/566/529 404/620/581
f 434/542/505 666/656/612 578/657/613
f 382/569/532 434/542/505 379/570/533
f 665/658/507 574/659/614 666/660/612
f 447/661/604 426/641/600 422/643/602
f 447/661/604 418/625/585 445/662/596
f 438/577/540 408/615/578 406/614/577
f 696/626/586 410/619/571 694/663/597
f 401/592/555 439/612/575 437/664/615
f 439/665/575 412/566/529 704/617/580
f 672/666/616 436/579/542 595/667/617
f 401/592/555 596/668/618 590/593/556
f 670/669/619 438/577/540 436/579/542
f 605/670/620 630/671/621 604/672/622
f 348/497/463 456/673/623 344/483/449
f 440/674/624 436/579/542 400/578/541
f 597/675/625 594/676/626 432/677/627
f 619/678/628 629/679/629 391/680/630
f 432/677/627 595/667/617 597/675/625
f 375/533/496 441/681/631 440/674/624
f 455/682/632 452/683/633 454/684/634
f 591/591/554 619/678/628 598/685/635
f 619/678/628 370/686/636 613/545/508
f 594/676/626 669/687/637 432/677/627
f 381/561/524 685/688/595 686/689/638
f 621/690/639 612/691/640 601/650/608
f 473/692/641 532/693/642 475/694/643
f 454/684/634 451/695/644 457/696/645
f 451/695/644 452/683/633 567/697/646
f 569/698/647 571/699/648 568/700/649
f 624/701/650 709/702/651 710/703/565
f 370/686/636 454/684/634 457/696/645
f 458/704/652 456/705/623 394/599/562
f 482/706/653 543/707/654 524/708/655
f 370/686/636 457/696/645 550/546/509
f 712/629/589 455/709/632 435/710/656
f 547/711/657 722/712/658 546/713/659
f 746/527/490 460/714/660 549/530/493
f 587/532/495 464/715/661 552/716/662
f 599/717/663 462/718/664 600/555/518
f 600/555/518 676/719/665 677/720/666
f 577/549/512 467/721/667 579/722/668
f 523/540/503 674/723/669 469/724/670
f 614/547/510 459/725/671 621/690/639
f 580/726/672 674/727/669 675/728/502
f 576/551/514 465/729/673 553/730/674
f 589/601/564 706/731/675 705/606/569
f 684/557/520 473/692/641 559/582/545
f 466/732/676 470/733/677 469/734/670
f 474/735/678 531/736/679 472/737/680
f 697/738/681 501/739/682 502/740/683
f 555/568/531 471/741/684 557/742/685
f 561/571/534 477/743/686 563/744/687
f 562/574/537 533/745/688 476/746/689
f 489/747/690 527/748/691 525/749/692
f 532/750/642 476/746/689 533/745/688
f 559/582/545 475/694/643 561/571/534
f 564/583/546 479/751/693 565/752/694
f 468/753/695 478/754/696 465/729/673
f 606/755/697 622/756/698 627/757/699
f 607/758/700 623/759/701 622/756/698
f 604/672/622 489/747/690 605/670/620
f 488/760/702 492/761/703 494/762/704
f 484/763/705 623/759/701 624/701/650
f 602/764/706 487/765/707 603/766/708
f 609/767/709 682/768/710 521/769/711
f 603/766/708 708/770/712 709/702/651
f 602/764/706 486/771/713 488/760/702
f 679/772/714 808/773/715 499/774/716
f 607/758/700 485/775/717 486/771/713
f 490/776/718 495/777/719 489/747/690
f 497/778/720 517/779/721 519/780/722
f 487/765/707 707/781/723 708/770/712
f 486/771/713 491/782/724 492/761/703
f 496/783/725 528/784/726 498/785/727
f 491/782/724 679/786/714 499/787/716
f 488/760/702 493/788/728 487/765/707
f 499/787/716 492/761/703 491/782/724
f 535/789/729 699/790/730 698/791/731
f 699/790/730 507/792/732 702/793/733
f 494/762/704 500/794/734 502/740/683
f 498/785/727 503/795/735 497/778/720
f 713/796/736 624/701/650 710/703/565
f 506/797/737 509/798/738 510/799/739
f 697/738/681 505/800/740 506/797/737
f 531/801/679 687/802/741 689/803/742
f 534/804/743 700/805/744 701/806/745
f 508/807/746 537/808/747 512/809/748
f 511/810/749 516/811/750 515/812/751
f 534/804/743 509/798/738 505/800/740
f 536/813/752 513/814/753 509/798/738
f 538/815/754 514/816/755 513/814/753
f 510/799/739 535/817/729 506/797/737
f 508/807/746 511/810/749 507/792/732
f 510/799/739 513/814/753 514/816/755
f 450/818/756 426/641/600 449/819/606
f 537/820/747 514/816/755 539/821/757
f 532/693/642 477/743/686 475/694/643
f 518/822/758 519/780/722 517/779/721
f 496/783/725 517/779/721 495/777/719
f 498/785/727 519/780/722 520/823/759
f 498/785/727 518/822/758 496/783/725
f 537/808/747 516/811/750 512/809/748
f 501/739/682 707/781/723 493/788/728
f 579/722/668 551/824/760 577/549/512
f 468/753/695 469/724/670 471/741/684
f 376/552/515 434/542/505 578/657/613
f 536/825/752 515/812/751 538/826/754
f 507/792/732 536/825/752 534/827/743
f 495/777/719 808/773/715 527/748/691
f 701/828/745 503/795/735 702/793/733
f 490/776/718 528/784/726 496/783/725
f 528/784/726 707/829/723 501/830/682
f 681/831/761 525/749/692 680/832/762
f 610/603/566 490/776/718 604/672/622
f 525/749/692 809/833/763 679/772/714
f 618/834/764 590/593/556 596/668/618
f 548/835/765 345/481/447 346/480/446
f 529/836/766 525/749/692 530/837/767
f 611/838/768 521/769/711 608/839/769
f 626/840/770 480/841/771 631/842/772
f 521/769/711 611/838/768 609/767/709
f 464/715/661 530/837/767 522/843/773
f 543/707/654 540/844/774 541/845/775
f 626/840/770 605/670/620 612/691/640
f 459/725/671 626/840/770 621/690/639
f 600/555/518 678/846/776 461/556/519
f 689/847/742 470/733/677 688/848/777
f 371/849/778 372/850/779 745/531/494
f 453/851/780 567/697/646 452/683/633
f 541/852/775 545/853/781 711/854/782
f 451/695/644 542/855/783 457/696/645
f 540/844/774 451/695/644 567/697/646
f 459/725/671 542/855/783 480/841/771
f 454/684/634 391/680/630 393/856/784
f 484/763/705 544/857/785 483/858/786
f 457/696/645 459/725/671 550/546/509
f 570/859/787 728/477/443 350/860/788
f 633/861/789 653/862/790 654/863/791
f 572/864/792 548/865/765 544/857/785
f 394/599/562 720/866/793 458/704/652
f 444/867/538 563/744/687 566/868/539
f 541/845/775 567/697/646 569/869/647
f 374/870/794 586/529/492 583/528/491
f 378/548/511 556/871/795 554/872/796
f 383/564/527 560/873/797 558/874/798
f 686/689/638 558/874/798 690/875/799
f 387/581/544 560/873/797 385/563/526
f 390/584/547 555/568/531 379/570/533
f 553/730/674 389/585/548 376/552/515
f 572/876/792 347/500/466 345/481/447
f 563/744/687 533/877/688 566/868/539
f 676/878/665 582/541/504 522/843/773
f 515/812/751 539/879/757 538/826/754
f 433/880/800 575/553/516 578/657/613
f 602/764/706 624/701/650 623/759/701
f 467/721/667 556/871/795 470/733/677
f 582/541/504 465/729/673 581/881/801
f 472/737/680 560/873/797 474/735/678
f 470/733/677 690/875/799 688/848/777
f 476/746/689 560/873/797 562/574/537
f 479/751/693 555/568/531 565/752/694
f 553/730/674 478/754/696 564/583/546
f 638/882/802 632/883/803 634/884/804
f 730/885/805 721/886/806 547/711/657
f 544/857/785 545/853/781 572/864/792
f 570/887/787 727/888/807 715/889/808
f 394/599/562 456/705/623 395/597/560
f 481/890/809 716/891/810 460/714/660
f 635/892/811 655/893/812 653/894/790
f 522/843/773 581/881/801 464/715/661
f 668/895/500 578/657/613 666/656/612
f 552/716/662 581/881/801 576/551/514
f 463/896/813 580/726/672 462/718/664
f 573/550/513 551/824/760 374/870/794
f 552/716/662 575/553/516 375/533/496
f 574/659/614 374/870/794 373/535/498
f 524/708/655 630/671/621 482/706/653
f 463/896/813 586/529/492 551/824/760
f 589/601/564 616/598/561 617/630/590
f 625/604/567 604/672/622 630/671/621
f 681/897/761 627/757/699 682/898/710
f 672/899/616 620/588/551 592/587/550
f 489/747/690 612/691/640 605/670/620
f 609/767/709 530/837/767 525/749/692
f 530/837/767 608/839/769 522/843/773
f 529/836/766 601/650/608 612/691/640
f 585/534/497 614/547/510 587/532/495
f 744/554/517 586/529/492 599/717/663
f 628/900/814 591/591/554 590/593/556
f 596/901/618 706/731/675 618/902/764
f 682/768/710 678/903/776 521/769/711
f 400/578/541 598/685/635 440/674/624
f 441/681/631 595/667/617 436/579/542
f 441/681/631 594/676/626 597/675/625
f 440/674/624 585/534/497 375/533/496
f 598/685/635 613/545/508 585/534/497
f 584/536/499 669/904/637 667/538/501
f 482/706/653 631/842/772 480/841/771
f 669/687/637 673/905/815 432/677/627
f 435/906/656 628/900/814 618/834/764
f 483/858/786 622/756/698 623/759/701
f 393/856/784 629/679/629 628/900/814
f 461/556/519 627/757/699 481/890/809
f 435/906/656 454/684/634 393/856/784
f 713/907/736 543/707/654 711/908/782
f 394/599/562 615/586/549 392/909/816
f 480/841/771 542/855/783 482/706/653
f 372/850/779 392/909/816 620/588/551
f 634/884/804 656/910/817 655/893/812
f 632/911/803 654/863/791 656/912/817
f 633/861/789 639/913/818 635/914/811
f 639/915/818 642/916/819 638/882/802
f 635/892/811 638/882/802 634/884/804
f 636/917/820 633/861/789 632/911/803
f 640/918/821 637/919/822 636/917/820
f 645/920/823 661/921/824 662/922/825
f 637/919/822 643/923/826 639/913/818
f 651/924/827 646/925/828 647/926/829
f 642/916/819 636/927/820 638/882/802
f 664/928/830 644/929/831 663/930/832
f 661/931/824 646/925/828 664/928/830
f 649/932/833 647/933/829 645/920/823
f 663/934/832 645/920/823 662/922/825
f 651/924/827 652/935/834 650/936/835
f 644/937/831 649/932/833 645/920/823
f 653/862/790 657/938/836 654/863/791
f 646/925/828 648/939/837 644/929/831
f 649/932/833 652/940/834 651/941/827
f 648/942/837 652/940/834 649/932/833
f 650/936/835 652/935/834 648/939/837
f 655/893/812 658/943/838 653/894/790
f 654/863/791 660/944/839 656/912/817
f 546/713/659 659/945/840 548/865/765
f 657/946/836 546/713/659 483/858/786
f 548/865/765 660/947/839 544/857/785
f 660/947/839 483/858/786 544/857/785
f 643/923/826 662/922/825 661/921/824
f 664/928/830 643/948/826 661/931/824
f 662/922/825 640/918/821 663/934/832
f 384/558/521 443/652/543 442/635/525
f 663/930/832 642/916/819 664/928/830
f 660/949/839 655/893/812 656/910/817
f 673/905/815 595/667/617 432/677/627
f 568/950/649 348/497/463 347/500/466
f 458/951/652 344/483/449 456/673/623
f 547/952/657 735/495/461 349/478/444
f 371/849/778 718/953/841 392/909/816
f 726/486/452 570/954/787 350/955/788
f 620/588/551 669/904/637 372/850/779
f 678/903/776 608/839/769 521/769/711
f 373/535/498 666/660/612 574/659/614
f 396/613/576 671/609/572 670/956/619
f 592/587/550 670/956/619 672/899/616
f 579/722/668 466/732/676 580/726/672
f 433/880/800 667/957/501 594/676/626
f 627/757/699 678/846/776 682/898/710
f 462/718/664 675/728/502 676/719/665
f 485/775/717 679/786/714 491/782/724
f 606/755/697 680/958/762 485/775/717
f 502/740/683 493/788/728 494/762/704
f 677/959/666 522/843/773 608/839/769
f 665/658/507 380/960/506 377/560/523
f 469/734/670 674/727/669 466/732/676
f 472/737/680 690/875/799 558/874/798
f 686/689/638 556/871/795 381/561/524
f 531/736/679 688/848/777 472/737/680
f 689/803/742 471/741/684 469/724/670
f 557/742/685 687/802/741 684/557/520
f 686/689/638 442/562/525 383/564/527
f 382/569/532 685/636/595 380/543/506
f 557/742/685 683/559/522 382/569/532
f 696/626/586 445/662/596 418/625/585
f 410/608/571 695/634/594 694/638/597
f 413/961/842 695/634/594 411/621/582
f 414/628/588 693/622/583 415/962/843
f 412/963/529 693/622/583 691/624/530
f 417/631/591 691/567/530 446/648/584
f 534/827/743 702/793/733 507/792/732
f 499/787/716 700/805/744 500/794/734
f 502/740/683 700/805/744 697/738/681
f 503/795/735 699/790/730 702/793/733
f 501/830/682 699/790/730 504/964/844
f 506/797/737 698/965/731 697/738/681
f 484/763/705 711/854/782 545/853/781
f 541/845/775 711/908/782 543/707/654
f 524/708/655 710/602/565 625/604/567
f 708/966/712 528/784/726 526/967/845
f 709/968/651 526/967/845 610/603/566
f 395/597/560 455/709/632 712/629/589
f 453/969/780 456/705/623 571/699/648
f 572/864/792 569/698/647 568/700/649
f 618/902/764 712/629/589 435/710/656
f 439/665/575 703/605/568 437/970/615
f 437/970/615 705/606/569 596/901/618
f 716/891/810 721/886/806 729/971/846
f 722/712/658 719/972/847 723/973/848
f 717/974/849 727/888/807 714/975/850
f 725/976/851 733/977/852 727/888/807
f 726/486/452 350/955/788 364/487/453
f 481/890/809 723/973/848 719/972/847
f 549/530/493 714/975/850 371/849/778
f 483/858/786 722/712/658 723/973/848
f 460/714/660 717/974/849 549/530/493
f 392/909/816 724/978/853 394/599/562
f 714/975/850 733/977/852 718/953/841
f 725/979/851 734/980/854 732/981/855
f 730/885/805 715/889/808 729/971/846
f 728/477/443 364/982/453 350/860/788
f 730/983/805 349/478/444 728/477/443
f 729/971/846 717/974/849 716/891/810
f 731/485/451 335/522/411 365/499/465
f 718/953/841 720/866/793 724/978/853
f 732/981/855 343/498/464 458/951/652
f 734/980/854 365/499/465 343/498/464
f 732/984/855 720/866/793 733/977/852
f 338/985/415 736/986/856 366/494/460
f 735/495/461 548/835/765 346/480/446
f 736/986/856 349/478/444 735/495/461
f 341/526/414 368/476/442 736/986/856
f 322/472/437 742/987/475 738/988/473
f 324/459/422 740/989/472 741/990/480
f 294/454/417 323/418/391 737/991/477
f 323/418/391 741/990/480 737/991/477
f 333/462/425 743/992/467 742/987/475
f 293/424/397 738/988/473 739/993/470
f 293/424/397 740/989/472 327/425/398
f 319/461/424 294/454/417 743/992/467
f 23/46/46 767/994/857 769/995/858
f 20/996/859 764/997/860 766/998/861
f 63/86/86 1773/999/862 777/1000/863
f 23/46/46 1735/1001/864 26/47/47
f 53/72/72 760/1002/865 1/1/1
f 57/82/82 775/1003/866 62/81/81
f 27/1004/867 765/1005/868 768/1006/869
f 26/47/47 1735/1001/864 960/1007/870
f 112/1008/871 760/1002/865 759/1009/872
f 17/1010/873 761/1011/874 763/1012/875
f 37/1013/876 768/1006/869 767/994/857
f 63/86/86 776/1014/877 57/82/82
f 30/1015/878 763/1012/875 764/997/860
f 54/77/77 774/1016/879 50/70/70
f 33/1017/880 766/998/861 765/1005/868
f 3/10/881 762/1018/882 761/1011/874
f 759/1009/872 751/1019/883 747/1020/884
f 768/1006/869 750/1021/885 770/1022/886
f 766/998/861 752/1023/887 756/1024/888
f 1734/1025/889 771/1026/890 1766/1027/891
f 768/1006/869 749/1028/892 767/994/857
f 765/1005/868 756/1024/888 750/1021/885
f 764/997/860 748/1029/893 752/1023/887
f 761/1011/874 748/1029/893 763/1012/875
f 762/1018/882 759/1009/872 747/1020/884
f 8/12/894 759/1009/872 762/1018/882
f 1734/1030/889 23/46/46 769/995/858
f 749/1028/892 1766/1027/891 771/1026/890
f 756/1024/888 1762/1031/895 750/1021/885
f 752/1023/887 1760/1032/896 1761/1033/897
f 770/1022/886 1764/1034/898 749/1028/892
f 748/1029/893 1758/1035/899 1760/1032/896
f 751/1019/883 1758/1035/899 747/1020/884
f 770/1022/886 1762/1031/895 1765/1036/900
f 752/1023/887 1763/1037/901 756/1024/888
f 767/994/857 771/1026/890 769/995/858
f 761/1011/874 762/1018/882 747/1020/884
f 775/1003/866 757/1038/902 758/1039/903
f 773/1040/904 758/1039/903 753/1041/905
f 773/1040/904 754/1042/906 774/1016/879
f 772/217/211 751/1019/883 760/1002/865
f 1773/999/862 778/1043/907 777/1000/863
f 1776/1044/908 797/1045/909 1802/1046/910
f 54/77/77 775/1003/866 773/1040/904
f 774/1016/879 755/1047/911 772/217/211
f 751/1019/883 1776/1044/908 1759/1048/912
f 40/64/64 1012/97/97 1011/98/98
f 758/1039/903 1777/1049/913 753/1041/905
f 1777/1049/913 795/1050/914 753/1041/905
f 757/1038/902 1775/1051/915 1780/1052/916
f 758/1039/903 1780/1052/916 1779/1053/917
f 776/1014/877 778/1043/907 757/1038/902
f 37/1013/918 783/58/58 27/1004/919
f 33/1017/920 782/32/32 20/996/921
f 17/1010/922 784/34/34 781/55/55
f 27/1004/919 785/53/53 33/1017/920
f 37/1013/918 23/46/46 786/39/39
f 20/996/921 784/34/34 30/1015/923
f 3/10/10 781/55/55 780/30/30
f 780/30/30 6/19/19 78/13/13
f 240/271/264 199/314/306 246/1054/924
f 130/176/176 302/368/341 301/378/351
f 301/378/351 133/188/188 130/176/176
f 377/560/523 573/550/513 574/659/614
f 404/620/581 413/961/842 405/627/587
f 584/536/499 745/531/494 372/850/779
f 1788/1055/925 331/466/926 1315/465/927
f 85/109/109 793/168/168 86/110/110
f 86/110/110 792/165/165 89/127/127
f 85/109/109 824/1056/928 787/169/169
f 89/127/127 788/166/166 87/144/144
f 88/141/141 789/164/164 84/142/142
f 87/144/144 794/163/163 88/141/141
f 84/142/142 790/162/162 83/129/129
f 83/129/129 825/1057/929 82/122/122
f 620/588/551 392/909/816 615/586/549
f 481/890/809 627/757/699 622/756/698
f 1800/1058/930 800/1059/931 795/1050/914
f 799/1060/932 804/1061/933 798/1062/934
f 753/1041/905 796/1063/935 754/1042/906
f 754/1042/906 797/1045/909 755/1047/911
f 798/1064/934 1807/1065/936 799/1060/932
f 779/1066/937 1806/1067/938 798/1064/934
f 805/1068/939 798/1062/934 804/1061/933
f 806/1069/940 802/1070/941 807/1071/942
f 795/1050/914 806/1069/940 805/1068/939
f 779/1066/937 1809/1072/943 1805/1073/944
f 807/1071/942 1813/1074/945 803/1075/946
f 1809/1072/943 803/1075/946 1813/1074/945
f 1801/1076/947 802/1070/941 800/1059/931
f 1811/1077/948 807/1071/942 802/1070/941
f 779/1078/937 806/1069/940 801/1079/949
f 801/1079/949 807/1071/942 803/1075/946
f 796/1063/935 805/1068/939 804/1061/933
f 797/1045/909 1807/1065/936 1802/1046/910
f 796/1063/935 799/1060/932 797/1045/909
f 409/611/574 412/963/529 439/612/575
f 408/615/578 410/619/571 414/628/588
f 578/657/613 575/553/516 376/552/515
f 465/729/673 523/540/503 468/753/695
f 498/785/727 501/830/682 504/964/844
f 808/773/715 809/833/763 527/748/691
f 497/778/720 499/774/716 808/773/715
f 7/11/11 780/30/30 78/13/13
f 167/342/324 819/1080/275 813/338/323
f 165/300/293 818/1081/279 810/336/322
f 193/325/317 817/283/276 815/284/277
f 210/307/300 811/281/274 166/251/244
f 192/301/294 816/315/307 210/307/300
f 192/301/294 810/336/322 814/295/288
f 168/299/292 818/286/279 236/233/227
f 193/325/317 812/285/278 168/299/292
f 211/248/241 813/338/323 817/283/276
f 235/252/245 811/281/274 819/282/275
f 824/1056/928 82/122/122 791/1082/950
f 820/1083/951 90/147/147 821/138/138
f 820/1083/951 787/169/169 824/1056/928
f 823/167/167 91/150/150 822/148/148
f 114/156/156 824/1056/928 791/1082/950
f 825/1057/929 791/1082/950 82/122/122
f 825/1057/929 114/156/156 791/1082/950
f 98/149/149 821/138/138 90/147/147
f 98/149/149 822/148/148 91/150/150
f 827/180/180 136/171/171 135/173/173
f 828/185/185 1090/174/174 136/171/171
f 826/179/179 133/188/188 145/177/177
f 826/179/179 135/173/173 130/176/176
f 830/216/210 147/1084/192 149/1085/178
f 830/216/210 141/203/203 138/215/209
f 1843/1086/952 144/1087/186 829/213/208
f 829/213/208 147/1084/192 831/207/205
f 75/159/159 832/125/125 125/199/199
f 833/118/118 1022/200/200 74/197/197
f 832/125/125 74/197/197 125/199/199
f 835/157/157 9/104/104 122/102/102
f 1850/9/9 11/15/15 931/17/17
f 14/101/101 835/157/157 122/102/102
f 141/203/203 838/202/202 138/215/209
f 1855/1088/953 140/206/204 836/201/201
f 837/198/198 138/215/209 838/202/202
f 836/201/201 137/208/206 837/198/198
f 105/128/128 839/161/161 69/160/160
f 839/161/161 124/124/124 69/160/160
f 841/100/100 68/116/116 124/124/124
f 840/170/170 1014/1089/954 68/116/116
f 461/556/519 460/714/660 744/554/517
f 845/1090/955 849/1091/956 850/1092/957
f 846/1093/958 850/1092/957 851/1094/959
f 918/1095/960 844/1096/961 919/1097/962
f 848/1098/963 842/1099/964 847/1100/965
f 891/1101/966 847/1100/965 842/1099/964
f 844/1096/961 848/1098/963 849/1091/956
f 917/1102/967 843/1103/968 918/1095/960
f 849/1091/956 853/1104/969 854/1105/970
f 891/1101/966 852/1106/971 847/1100/965
f 858/1107/972 852/1106/971 857/1108/973
f 856/1109/974 860/1110/975 1879/1111/976
f 859/1112/977 853/1104/969 858/1107/972
f 865/1113/978 860/1110/975 864/1114/979
f 859/1112/977 862/1115/980 863/1116/981
f 860/1110/975 863/1116/981 864/1114/979
f 858/1107/972 861/1117/982 862/1115/980
f 891/1101/966 857/1108/973 852/1106/971
f 870/1118/983 864/1114/979 869/1119/984
f 863/1116/981 867/1120/985 868/1121/986
f 864/1114/979 868/1121/986 869/1119/984
f 862/1115/980 866/1122/987 867/1120/985
f 891/1101/966 861/1117/982 857/1108/973
f 875/1123/988 869/1119/984 874/1124/989
f 872/1125/990 866/1122/987 871/1126/991
f 869/1119/984 873/1127/992 874/1124/989
f 891/1101/966 866/1122/987 861/1117/982
f 875/1123/988 879/1128/993 880/1129/994
f 868/1121/986 872/1125/990 873/1127/992
f 872/1125/990 876/1130/995 877/1131/996
f 874/1124/989 878/1132/997 879/1128/993
f 891/1101/966 871/1126/991 866/1122/987
f 873/1127/992 877/1131/996 878/1132/997
f 885/1133/998 879/1128/993 884/1134/999
f 891/1101/966 876/1130/995 871/1126/991
f 879/1128/993 883/1135/1000 884/1134/999
f 877/1131/996 881/1136/1001 882/1137/1002
f 883/1135/1000 877/1131/996 882/1137/1002
f 890/1138/1003 884/1134/999 889/1139/1004
f 889/1139/1004 883/1135/1000 888/1140/1005
f 891/1101/966 881/1136/1001 876/1130/995
f 887/1141/1006 881/1136/1001 886/1142/1007
f 888/1140/1005 882/1137/1002 887/1141/1006
f 890/1138/1003 895/1143/1008 896/1144/1009
f 895/1143/1008 888/1140/1005 894/1145/1010
f 891/1101/966 886/1142/1007 881/1136/1001
f 893/1146/1011 886/1142/1007 892/1147/1012
f 894/1145/1010 887/1141/1006 893/1146/1011
f 896/1144/1009 900/1148/1013 901/1149/1014
f 900/1148/1013 894/1145/1010 899/1150/1015
f 891/1101/966 892/1147/1012 886/1142/1007
f 893/1146/1011 897/1151/1016 898/1152/1017
f 899/1150/1015 893/1146/1011 898/1152/1017
f 901/1149/1014 905/1153/1018 906/1154/1019
f 891/1101/966 897/1151/1016 892/1147/1012
f 898/1152/1017 902/1155/1020 903/1156/1021
f 905/1153/1018 899/1150/1015 904/1157/1022
f 904/1157/1022 898/1152/1017 903/1156/1021
f 906/1154/1019 910/1158/1023 911/1159/1024
f 891/1101/966 902/1155/1020 897/1151/1016
f 903/1156/1021 907/1160/1025 908/1161/1026
f 910/1158/1023 904/1157/1022 909/1162/1027
f 909/1162/1027 903/1156/1021 908/1161/1026
f 911/1159/1024 915/1163/1028 916/1164/1029
f 908/1161/1026 912/1165/1030 913/1166/1031
f 915/1163/1028 909/1162/1027 914/1167/1032
f 891/1101/966 907/1160/1025 902/1155/1020
f 914/1167/1032 908/1161/1026 913/1166/1031
f 916/1164/1029 920/1168/1033 921/1169/1034
f 918/1095/960 912/1165/1030 917/1102/967
f 920/1168/1033 914/1167/1032 919/1097/962
f 891/1101/966 912/1165/1030 907/1160/1025
f 919/1097/962 913/1166/1031 918/1095/960
f 891/1101/966 917/1102/967 912/1165/1030
f 891/1101/966 842/1099/964 917/1102/967
f 844/1096/961 920/1168/1033 919/1097/962
f 845/1090/955 921/1169/1034 920/1168/1033
f 860/1110/975 854/1105/970 859/1112/977
f 850/1092/957 854/1105/970 855/1170/1035
f 853/1104/969 847/1100/965 852/1106/971
f 851/1094/959 855/1170/1035 856/1109/974
f 927/1/1036 1061/2/1037 1063/1008/1038
f 940/5/1039 1077/4/1040 1074/6/1041
f 928/7/7 1849/8/1042 937/104/1043
f 935/11/1044 930/10/1045 936/12/1046
f 1029/13/1047 941/14/1048 1030/131/1049
f 943/16/16 939/15/1050 931/17/17
f 1061/2/1037 941/14/1048 935/11/1044
f 1072/18/1051 940/5/1039 1074/6/1041
f 1031/20/1052 1052/21/1053 946/26/1054
f 944/24/24 938/23/1055 943/16/16
f 945/25/1056 934/19/1057 1072/18/1051
f 946/26/1054 1062/27/1058 933/3/1059
f 944/24/24 948/28/1060 932/29/1061
f 1781/30/1062 950/31/1063 1782/55/1064
f 932/29/1061 950/31/1063 945/25/1056
f 966/33/1065 1783/32/1066 1785/34/1067
f 968/36/36 952/35/1068 967/37/1069
f 967/37/1069 954/38/1070 966/33/1065
f 1787/39/1071 958/40/1072 955/46/1073
f 976/42/1074 957/43/43 956/45/1075
f 973/41/1076 956/45/1075 958/40/1072
f 955/46/1073 958/40/1072 959/47/1077
f 957/43/43 959/47/1077 956/45/1075
f 958/40/1072 956/45/1075 959/47/1077
f 970/49/1078 962/48/1079 971/50/1080
f 970/49/1078 964/51/51 963/57/1081
f 1786/53/1082 962/48/1079 1784/58/1083
f 948/28/1060 966/33/1065 950/31/1063
f 949/54/54 967/37/1069 948/28/1060
f 1782/55/1064 966/33/1065 1785/34/1067
f 954/38/1070 1786/53/1082 1783/32/1066
f 953/56/56 970/49/1078 952/35/1068
f 952/35/1068 971/50/1080 954/38/1070
f 962/48/1079 976/42/1074 973/41/1076
f 963/57/1081 974/44/44 976/42/1074
f 1784/58/1083 973/41/1076 1787/39/1071
f 981/60/1084 979/59/1085 927/1/1036
f 983/62/1086 929/61/1087 979/59/1085
f 927/1/1036 987/63/1088 981/60/1084
f 986/65/1089 978/64/1090 980/66/1091
f 984/67/1092 980/66/1091 977/68/1093
f 988/70/1094 1108/69/1095 1107/71/1096
f 927/1/1036 991/72/1097 987/63/1088
f 990/74/1098 1109/73/1099 1108/69/1095
f 994/76/1100 989/75/1101 990/74/1098
f 992/77/1102 990/74/1098 988/70/1094
f 998/78/1103 996/79/1104 999/91/1105
f 1000/81/1106 997/80/1107 998/78/1103
f 1000/81/1106 994/76/1100 992/77/1102
f 998/78/1103 993/83/1108 994/76/1100
f 997/80/1107 1002/84/1109 996/79/1104
f 1001/86/1110 997/80/1107 995/82/1111
f 996/79/1104 1008/87/87 999/91/1105
f 993/83/1108 1005/89/89 989/75/1101
f 999/91/1105 1006/90/90 993/83/1108
f 1109/73/1099 1004/92/92 985/99/1112
f 1009/94/94 996/79/1104 1002/84/1109
f 1012/97/97 929/61/1087 982/95/1113
f 987/63/1088 977/68/1093 981/60/1084
f 985/99/1112 1011/98/98 978/64/1090
f 942/101/1114 1859/100/1115 1073/102/1116
f 937/104/1043 1857/103/103 928/7/7
f 1015/105/1117 979/59/1085 929/61/1087
f 933/3/1059 927/1/1036 1013/106/1118
f 1010/96/96 1015/105/1117 929/61/1087
f 1054/108/1119 1036/109/1120 1058/146/1121
f 933/3/1059 1018/111/1122 946/26/1054
f 979/59/1085 1013/106/1118 927/1/1036
f 1020/107/107 1023/120/1123 1015/105/1117
f 1013/106/1118 1026/114/1124 1018/111/1122
f 1016/116/1125 1848/117/117 1014/1089/954
f 1019/112/1126 1021/115/1127 1013/106/1118
f 1015/105/1117 1027/119/1128 1019/112/1126
f 1033/122/1129 1055/121/1130 1057/123/1131
f 1075/124/1132 1847/118/1133 1016/116/1125
f 1053/126/1134 1037/110/1135 1054/108/1119
f 1034/129/1136 1056/128/1137 1055/121/1130
f 942/101/1114 1051/22/1138 1031/20/1052
f 934/19/1057 1030/131/1049 940/5/1039
f 1068/132/1139 1044/133/1140 1064/137/1141
f 1048/135/1142 1068/132/1139 1067/136/1143
f 1064/137/1141 1833/138/1144 1832/1083/1145
f 1046/139/1146 1067/136/1143 1066/140/1147
f 1056/128/1137 1039/141/1148 1059/143/1149
f 1059/143/1149 1038/144/1150 1060/145/1151
f 1060/145/1151 1040/127/1152 1053/126/1134
f 1058/146/1121 1033/122/1129 1057/123/1131
f 1041/147/1153 1049/149/1154 1834/148/1155
f 1042/150/1156 1049/149/1154 1043/151/1157
f 1047/152/1158 1049/149/1154 1046/139/1146
f 1043/151/1157 1049/149/1154 1047/152/1158
f 1070/153/1159 1047/152/1158 1069/154/1160
f 1069/154/1160 1046/139/1146 1066/140/1147
f 1042/150/1156 1070/153/1159 1071/155/1161
f 1065/156/1162 1834/148/1155 1835/167/1163
f 1046/139/1146 1049/149/1154 1048/135/1142
f 1044/133/1140 1049/149/1154 1833/138/1144
f 1048/135/1142 1049/149/1154 1045/134/1164
f 1045/134/1164 1049/149/1154 1044/133/1140
f 940/5/1039 1051/22/1138 1050/130/1165
f 1077/4/1040 1849/8/1042 939/15/1050
f 1030/131/1049 1052/21/1053 1051/22/1138
f 946/26/1054 1057/123/1131 1031/20/1052
f 1032/158/1166 1053/126/1134 1026/114/1124
f 1059/143/1149 1032/158/1166 1025/159/1167
f 1056/128/1137 1025/159/1167 1017/160/1168
f 1055/121/1130 1856/161/1169 942/101/1114
f 1026/114/1124 1054/108/1119 1018/111/1122
f 1031/20/1052 1055/121/1130 942/101/1114
f 1018/111/1122 1058/146/1121 946/26/1054
f 1052/21/1053 941/14/1048 1062/27/1058
f 1061/2/1037 933/3/1059 1062/27/1058
f 1061/2/1037 936/12/1046 1063/1008/1038
f 1792/162/1170 1070/153/1159 1791/164/1171
f 1796/163/1172 1066/140/1147 1790/166/1173
f 1791/164/1171 1069/154/1160 1796/163/1172
f 1066/140/1147 1794/165/1174 1790/166/1173
f 1835/167/1163 1792/162/1170 1837/1057/1175
f 1067/136/1143 1795/168/1176 1794/165/1174
f 1068/132/1139 1789/169/1177 1795/168/1176
f 1050/130/1165 1851/157/1178 1077/4/1040
f 1017/160/1168 1846/125/1179 1075/124/1132
f 1073/102/1116 1858/170/1180 937/104/1043
f 932/29/1061 1074/6/1041 938/23/1055
f 1074/6/1041 939/15/1050 938/23/1055
f 1072/18/1051 932/29/1061 945/25/1056
f 1088/173/1181 1081/175/1182 1089/171/1183
f 1089/171/1183 1079/426/399 1090/174/174
f 1082/176/1184 1087/172/1185 1088/173/1181
f 1100/177/1186 1838/179/1187 1106/178/1188
f 1106/178/1188 1840/180/1189 1103/192/1190
f 1105/183/183 1080/191/1191 1104/181/1192
f 1841/185/1193 1101/184/184 1099/186/1194
f 1098/187/1195 1086/188/1196 1100/177/1186
f 1104/181/1192 1084/195/1197 1102/190/1198
f 1840/180/1189 1099/186/1194 1103/192/1190
f 1097/194/1199 1083/189/1200 1098/187/1195
f 1102/190/1198 1078/193/1201 1097/194/1199
f 1021/115/1127 1093/196/1202 1026/114/1124
f 1853/198/1203 1024/197/1204 1076/199/1205
f 1093/196/1202 1032/158/1166 1026/114/1124
f 1852/201/1206 1022/200/200 1024/197/1204
f 1854/202/1207 1076/199/1205 1025/159/1167
f 1032/158/1166 1854/202/1207 1025/159/1167
f 1102/204/1198 1021/115/1127 1027/119/1128
f 1097/205/1199 1093/196/1202 1021/115/1127
f 1845/207/1208 1094/206/1209 1091/208/1210
f 1104/209/1192 1027/119/1128 1023/120/1123
f 1098/211/1195 1095/203/1211 1093/196/1202
f 1842/213/1212 1096/212/207 1094/206/1209
f 1028/113/113 1104/209/1192 1023/120/1123
f 1092/215/1213 1845/207/1208 1091/208/1210
f 1100/210/1186 1844/216/1214 1095/203/1211
f 989/75/1101 1110/93/93 1109/73/1099
f 1108/69/1095 985/99/1112 986/65/1089
f 984/67/1092 1108/69/1095 986/65/1089
f 983/62/1086 977/68/1093 980/66/1091
f 982/95/1113 980/66/1091 978/64/1090
f 991/72/1097 1107/71/1096 987/63/1088
f 1767/217/1215 988/70/1094 991/72/1097
f 987/63/1088 1107/71/1096 984/67/1092
f 1154/218/1216 1156/220/1217 1131/219/1218
f 1145/221/1219 1118/222/1220 1114/347/1221
f 1146/223/1222 1119/224/1223 1118/222/1220
f 1111/227/1224 1189/226/1225 1187/228/1226
f 1190/229/1227 1112/230/1228 1188/1171/1229
f 1194/233/1230 1141/232/1231 1203/234/1232
f 1167/236/1233 1115/235/1234 1165/237/1235
f 1191/239/1236 1117/238/1237 1189/240/1225
f 1192/241/1238 1116/231/1239 1190/229/1227
f 1196/243/1240 1137/242/1241 1201/244/1242
f 1122/246/1243 1147/245/1244 1116/231/1239
f 1169/248/1245 1144/247/1246 1178/249/1247
f 1202/250/1248 1124/251/1249 1143/288/1250
f 1186/253/1251 1133/254/1252 1179/328/1253
f 1184/256/1254 1134/257/1255 1155/323/1256
f 1171/260/1257 1140/259/1258 1177/261/1259
f 1200/262/1260 1128/263/1261 1139/318/1262
f 1159/266/1263 1213/265/1264 1216/267/1265
f 1197/269/1266 1181/268/1267 1206/270/1268
f 1198/271/1269 1180/258/1270 1205/272/1271
f 1130/274/1272 1161/273/1273 1137/242/1241
f 1152/276/1274 1182/275/1275 1127/277/1276
f 1173/255/1277 1136/278/1278 1133/254/1252
f 1197/269/1266 1135/279/1279 1132/319/1280
f 1200/262/1260 1823/281/1281 1831/282/1282
f 1829/283/1283 1140/259/1258 1825/338/1284
f 1137/242/1241 1827/284/1285 1824/285/1286
f 1201/244/1242 1824/285/1286 1830/286/1287
f 1211/287/1288 1178/249/1247 1144/247/1246
f 1143/288/1250 1212/289/1289 1202/250/1248
f 1215/292/1290 1162/291/1291 1217/293/1292
f 1203/234/1232 1215/292/1290 1220/294/1293
f 1826/295/1294 1138/296/1295 1822/336/1296
f 1183/298/1297 1131/219/1218 1182/275/1275
f 1158/297/1298 1127/277/1276 1138/296/1295
f 1126/299/1299 1162/291/1291 1141/232/1231
f 1159/266/1263 1123/300/1300 1142/333/1301
f 1160/302/1302 1116/231/1239 1147/245/1244
f 1163/303/1303 1146/223/1222 1145/221/1219
f 1164/304/1304 1148/225/1305 1146/223/1222
f 1176/306/1306 1147/245/1244 1165/237/1235
f 1168/307/1307 1159/266/1263 1175/308/1308
f 1174/309/1309 1152/276/1274 1158/297/1298
f 1185/311/1310 1154/218/1216 1183/298/1297
f 1199/313/1311 1157/314/1312 1204/1054/1313
f 1135/279/1279 1154/218/1216 1172/312/1314
f 1174/309/1309 1826/295/1294 1828/315/1315
f 1218/316/1316 1159/266/1263 1216/267/1265
f 1143/288/1250 1218/316/1316 1214/317/1317
f 1139/318/1262 1828/315/1315 1823/281/1281
f 1132/319/1280 1135/279/1279 1172/312/1314
f 1132/319/1280 1185/311/1310 1181/268/1267
f 1128/263/1261 1174/309/1309 1139/318/1262
f 1124/251/1249 1175/308/1308 1143/288/1250
f 1111/227/1224 1165/237/1235 1115/235/1234
f 1117/238/1237 1166/305/1318 1164/304/1304
f 1113/321/1319 1164/304/1304 1163/303/1303
f 1162/291/1291 1219/322/1320 1217/293/1292
f 1827/284/1285 1177/261/1259 1829/283/1283
f 1155/323/1256 1136/278/1278 1173/255/1277
f 1153/324/1321 1177/261/1259 1161/273/1273
f 1155/323/1256 1186/253/1251 1184/256/1254
f 1162/291/1291 1169/248/1245 1178/249/1247
f 1149/326/1322 1165/237/1235 1147/245/1244
f 1184/256/1254 1171/260/1257 1153/324/1321
f 1181/268/1267 1170/310/1323 1128/263/1261
f 1156/220/1217 1198/327/1269 1131/219/1218
f 1170/310/1323 1183/298/1297 1152/276/1274
f 1180/258/1270 1153/324/1321 1130/274/1272
f 1205/272/1271 1130/274/1272 1196/243/1240
f 1206/270/1268 1128/263/1261 1195/264/1324
f 1171/260/1257 1179/328/1253 1129/329/1325
f 1129/329/1325 1206/330/1268 1195/1172/1324
f 1127/277/1276 1205/331/1271 1196/343/1240
f 1199/280/1311 1156/220/1217 1135/279/1279
f 1119/224/1223 1216/267/1265 1213/265/1264
f 1213/265/1264 1203/332/1232 1220/358/1293
f 1202/334/1248 1211/287/1288 1144/247/1246
f 1822/336/1296 1201/337/1242 1830/1081/1287
f 1825/338/1284 1200/339/1260 1831/1080/1282
f 1136/278/1278 1197/340/1266 1133/254/1252
f 1182/275/1275 1198/327/1269 1205/331/1271
f 1179/328/1253 1197/340/1266 1206/330/1268
f 1129/329/1325 1200/339/1260 1140/259/1258
f 1144/247/1246 1193/341/1326 1202/334/1248
f 1138/296/1295 1196/343/1240 1201/337/1242
f 1118/222/1220 1192/344/1238 1190/348/1227
f 1121/345/1327 1189/226/1225 1115/235/1234
f 1142/333/1301 1194/346/1230 1203/332/1232
f 1190/348/1227 1114/347/1221 1118/222/1220
f 1187/349/1226 1117/238/1237 1113/321/1319
f 1222/350/1328 1212/289/1289 1208/290/1329
f 1209/351/1330 1211/287/1288 1221/352/1331
f 1211/287/1288 1222/353/1328 1221/352/1331
f 1219/322/1320 1209/351/1330 1167/236/1233
f 1167/236/1233 1210/354/1332 1121/345/1327
f 1214/317/1317 1208/290/1329 1143/288/1250
f 1210/354/1332 1191/355/1236 1121/345/1327
f 1207/356/1333 1120/320/1334 1191/239/1236
f 1120/320/1334 1208/290/1329 1214/317/1317
f 1178/249/1247 1209/351/1330 1219/322/1320
f 1221/352/1331 1207/357/1333 1210/354/1332
f 1209/351/1330 1221/352/1331 1210/354/1332
f 1207/356/1333 1222/350/1328 1208/290/1329
f 1119/224/1223 1220/358/1293 1192/344/1238
f 1217/293/1292 1167/236/1233 1149/326/1322
f 1120/320/1334 1218/316/1316 1166/305/1318
f 1166/305/1318 1216/267/1265 1148/225/1305
f 1122/246/1243 1217/293/1292 1149/326/1322
f 1220/294/1293 1122/246/1243 1192/241/1238
f 1266/359/1335 1223/360/1336 1267/365/1337
f 1268/362/1338 1230/363/1339 1269/378/1340
f 1267/365/1337 1227/364/1341 1268/362/1338
f 1270/368/1342 1226/375/1343 1271/366/1344
f 1245/370/1345 1279/369/1346 1278/371/1347
f 1272/373/1348 1228/361/1349 1266/359/1335
f 1271/366/1344 1224/411/384 1273/374/347
f 1229/376/349 1272/373/1348 1274/377/350
f 1269/378/1340 1231/367/1350 1270/368/1342
f 1234/380/1351 1252/379/1352 1251/381/1353
f 1253/384/1354 1233/440/407 1254/382/355
f 1255/386/359 1234/380/1351 1251/381/1353
f 1252/379/1352 1232/392/1355 1257/387/1356
f 1258/391/1357 1239/410/1358 1256/389/1359
f 1257/387/1356 1236/390/1360 1258/391/1357
f 1250/393/1361 1235/383/1362 1253/384/1354
f 1247/396/1363 1276/395/1364 1275/397/1365
f 1241/399/1366 1277/398/1367 1276/395/1364
f 1279/369/1346 1244/400/1368 1280/407/1369
f 1288/402/1370 1278/371/1347 1279/369/1346
f 1243/404/1371 1275/397/1365 1281/405/1372
f 1244/400/1368 1282/406/379 1280/407/1369
f 1283/408/381 1243/404/1371 1281/405/1372
f 1231/367/1350 1253/384/1354 1226/375/1343
f 1223/360/1336 1258/391/1357 1227/364/1341
f 1227/364/1341 1256/389/1359 1230/363/1339
f 1228/361/1349 1257/387/1356 1223/360/1336
f 1256/389/1359 1240/394/1373 1250/393/1361
f 1229/376/349 1251/381/1353 1225/372/1374
f 1226/375/1343 1254/382/355 1224/411/384
f 1225/372/1374 1252/379/1352 1228/361/1349
f 1324/413/1375 1945/412/1376 1943/414/1377
f 1303/415/1378 1260/416/389 1304/460/423
f 1265/419/392 1301/418/1379 1305/420/393
f 1246/422/1380 1306/421/1381 1245/370/1345
f 1259/424/1382 1308/423/1383 1307/425/1384
f 1230/363/1339 1250/393/1361 1231/367/1350
f 1085/182/182 1272/373/1348 1080/191/1191
f 1081/175/1182 1273/374/347 1079/426/399
f 1080/191/1191 1266/359/1335 1084/195/1197
f 1087/172/1185 1271/366/1344 1081/175/1182
f 1078/193/1201 1268/362/1338 1083/189/1200
f 1083/189/1200 1269/378/1340 1086/188/1196
f 1084/195/1197 1267/365/1337 1078/193/1201
f 1289/403/1385 1240/394/1373 1239/410/1358
f 1283/408/381 1285/427/1386 1286/428/401
f 1280/407/1369 1291/429/402 1290/430/1387
f 1281/405/1372 1284/431/1388 1285/427/1386
f 1279/369/1346 1290/430/1387 1288/402/1370
f 1188/432/1229 1232/392/1355 1114/442/1221
f 1112/433/1228 1236/390/1360 1188/432/1229
f 1275/397/1365 1287/434/1389 1284/431/1388
f 1112/433/1228 1289/403/1385 1239/410/1358
f 1237/388/1390 1287/434/1389 1232/392/1355
f 1187/436/1226 1113/437/1319 1277/398/1367
f 1277/398/1367 1111/439/1224 1187/438/1226
f 1285/427/1386 1237/388/1390 1234/380/1351
f 1286/428/401 1234/380/1351 1238/385/358
f 1240/394/1373 1290/430/1387 1235/383/1362
f 1235/383/1362 1291/429/402 1233/440/407
f 1176/441/1306 1289/403/1385 1160/435/1302
f 1114/442/1221 1287/434/1389 1145/443/1219
f 1134/257/1255 1157/314/1312 1155/323/1256
f 1145/443/1219 1276/395/1364 1163/444/1303
f 1163/444/1303 1277/398/1367 1113/437/1319
f 1278/371/1347 1111/439/1224 1277/398/1367
f 1245/370/1345 1277/398/1367 1246/422/1380
f 1293/445/408 1002/84/1109 1003/85/1391
f 1292/446/409 1003/85/1391 1001/86/1110
f 1941/447/1392 1319/448/1393 1343/492/1394
f 1344/450/1395 1325/451/1396 1345/473/1397
f 1297/453/1398 1260/416/389 1262/417/1399
f 1300/455/418 1261/454/1400 1265/419/392
f 1294/456/1401 1263/457/1402 1264/475/1403
f 1245/370/1345 1306/421/1381 1249/401/1404
f 1249/401/1404 1303/415/1378 1244/400/1368
f 1307/425/1384 1246/422/1380 1241/399/1366
f 1302/459/1405 1241/399/1366 1247/396/1363
f 1305/420/393 1243/404/1371 1248/409/382
f 1244/400/1368 1304/460/423 1242/1173/1406
f 1243/404/1371 1302/459/1405 1247/396/1363
f 1296/461/1407 1310/463/1408 1317/462/1409
f 1313/464/427 1296/461/1407 1300/455/418
f 1315/465/428 1297/453/1398 1311/466/1410
f 1314/468/431 1318/467/1411 1309/469/1412
f 1316/470/433 1309/469/1412 1312/471/1413
f 1310/463/1414 1316/470/433 1312/471/1413
f 1318/467/1415 1297/453/1398 1298/458/1416
f 1310/463/1408 1299/472/1417 1317/462/1409
f 1312/471/1418 1294/456/1401 1299/472/1417
f 1345/473/1397 1326/474/1419 1941/518/1392
f 1298/458/1416 1262/417/1399 1263/457/1402
f 1298/458/1416 1309/469/1420 1318/467/1415
f 1299/472/1417 1264/475/1403 1259/424/1382
f 1264/475/1403 1306/421/1381 1308/423/1383
f 1303/415/1378 1263/457/1402 1262/417/1399
f 1352/476/1421 1712/477/1422 1348/982/1423
f 1351/479/1424 1330/480/1425 1350/494/1426
f 1328/483/1427 1347/482/1428 1346/484/1429
f 1710/486/1430 1715/485/1431 1348/487/1423
f 1323/489/1432 1942/488/1433 1945/412/1376
f 1320/490/1434 1943/414/1377 1944/491/1435
f 1343/492/1394 1320/490/1434 1944/491/1435
f 1942/488/1433 1322/452/1436 1344/450/1395
f 1350/494/1426 1719/495/1437 1720/986/1438
f 1332/497/1439 1353/496/1440 1347/482/1428
f 1327/498/1441 1346/484/1429 1349/499/1442
f 1331/500/1443 1351/479/1424 1353/496/1440
f 1727/501/1444 1336/502/1445 1261/514/1400
f 1335/505/1446 1723/504/1447 1724/506/1448
f 1342/508/1449 1722/507/1450 1723/504/1447
f 1726/509/1451 1341/503/1452 1727/501/1444
f 1721/511/1453 1338/512/1454 1725/1174/1455
f 1261/514/1400 1337/513/1456 1721/511/1453
f 1725/515/1455 1335/505/1446 1724/506/1448
f 1340/517/1457 1726/509/1451 1722/507/1450
f 1341/503/1452 1344/450/1458 1336/502/1445
f 1343/492/1459 1342/508/1449 1335/505/1446
f 1944/491/1460 1340/517/1457 1342/508/1449
f 1945/412/1461 1341/503/1452 1339/510/1462
f 1337/513/1456 1941/518/1463 1338/512/1454
f 1336/502/1445 1345/473/1464 1337/513/1456
f 1338/516/1454 1343/492/1459 1335/505/1446
f 1943/414/1465 1339/510/1462 1340/517/1457
f 1353/496/1440 1321/519/1466 1323/520/1432
f 1349/499/1442 1320/521/1434 1319/522/1393
f 1347/482/1428 1323/520/1432 1324/523/1375
f 1326/524/1419 1715/485/1431 1319/522/1393
f 1346/484/1429 1324/523/1375 1320/521/1434
f 1321/519/1466 1350/494/1426 1322/985/1436
f 1352/476/1421 1326/525/1419 1325/526/1396
f 1730/527/1467 1567/528/1468 1729/531/1469
f 1533/530/1470 1729/531/1469 1355/849/1471
f 1571/532/1472 1359/533/1473 1536/716/1474
f 1567/528/1468 1357/535/1475 1568/536/1476
f 1568/536/1476 1652/537/1477 1651/538/1478
f 1659/539/1479 1507/540/1480 1658/723/1481
f 1418/542/1482 1649/544/1483 1364/543/1484
f 1534/546/1485 1597/545/1486 1598/547/1487
f 1561/549/1488 1362/548/1489 1557/550/1490
f 1560/551/1491 1360/552/1492 1537/730/1493
f 1584/555/1494 1728/554/1495 1445/556/1496
f 1668/557/1497 1368/558/1498 1543/582/1499
f 1361/560/1500 1365/561/1501 1364/960/1484
f 1369/563/1502 1426/562/1503 1367/564/1504
f 1676/565/1505 1396/566/1506 1397/961/1507
f 1539/568/1508 1366/569/1509 1541/742/1510
f 1545/571/1511 1372/572/1512 1547/744/1513
f 1546/574/1514 1428/575/1515 1371/581/1516
f 1384/578/1517 1422/577/1518 1420/579/1519
f 1427/580/1520 1371/581/1516 1428/575/1515
f 1543/582/1499 1370/573/1521 1545/571/1511
f 1548/583/1522 1374/584/1523 1549/752/1524
f 1363/570/1525 1373/585/1526 1360/552/1492
f 1599/586/1527 1576/587/1528 1577/590/1529
f 1599/586/1527 1572/589/1530 1600/598/1531
f 1575/591/1532 1385/592/1533 1384/578/1517
f 1383/594/1534 1387/595/1535 1389/627/1536
f 1379/597/1537 1600/598/1531 1601/630/1538
f 1572/589/1530 1382/600/1539 1573/601/1540
f 1594/603/1541 1694/602/1542 1609/604/1543
f 1573/601/1540 1687/605/1544 1689/606/1545
f 1577/590/1529 1383/594/1534 1572/589/1530
f 1386/607/1546 1655/609/1547 1394/608/1548
f 1391/610/1549 1423/612/1550 1393/611/1551
f 1577/590/1529 1380/613/1552 1381/596/1553
f 1385/592/1533 1390/614/1554 1384/578/1517
f 1392/615/1555 1412/616/1556 1414/653/1557
f 1382/600/1539 1688/617/1558 1687/605/1544
f 1381/596/1553 1386/607/1546 1387/595/1535
f 1655/618/1547 1422/577/1518 1394/619/1548
f 1383/594/1534 1388/620/1559 1382/600/1539
f 1387/595/1535 1394/608/1548 1395/621/1560
f 1430/623/1561 1677/622/1562 1675/624/1563
f 1677/622/1562 1402/625/1564 1680/626/1565
f 1389/627/1536 1395/621/1560 1397/961/1507
f 1393/611/1551 1398/628/1566 1392/615/1555
f 1696/629/1567 1601/630/1538 1690/731/1568
f 1401/631/1569 1404/632/1570 1405/649/1571
f 1676/565/1505 1400/633/1572 1401/631/1569
f 1426/635/1503 1667/559/1573 1669/636/1574
f 1429/637/1575 1679/634/1576 1678/638/1577
f 1403/639/1578 1432/640/1579 1407/642/1580
f 1407/642/1580 1410/641/1581 1406/643/1582
f 1429/637/1575 1404/632/1570 1400/633/1572
f 1431/645/1583 1408/644/1584 1404/632/1570
f 1433/647/1585 1409/646/1586 1408/644/1584
f 1405/649/1571 1430/648/1561 1401/631/1569
f 1403/639/1578 1406/643/1582 1402/625/1564
f 1405/649/1571 1408/644/1584 1409/646/1586
f 1585/650/1587 1598/547/1487 1571/532/1472
f 1432/651/1579 1409/646/1586 1434/1175/1588
f 1427/652/1520 1372/572/1512 1370/573/1521
f 1413/654/1589 1414/653/1557 1412/616/1556
f 1391/610/1549 1412/616/1556 1390/614/1554
f 1393/611/1551 1414/653/1557 1415/1176/1590
f 1393/611/1551 1413/654/1589 1391/610/1549
f 1432/640/1579 1411/655/1591 1407/642/1580
f 1688/617/1558 1388/620/1559 1396/566/1506
f 1650/656/1592 1418/542/1482 1562/657/1593
f 1418/542/1482 1366/569/1509 1363/570/1525
f 1558/659/1594 1649/658/1483 1650/660/1592
f 1431/661/1583 1410/641/1581 1433/819/1585
f 1402/625/1564 1431/661/1583 1429/662/1575
f 1422/577/1518 1390/614/1554 1392/615/1555
f 1680/626/1565 1394/619/1548 1398/628/1566
f 1385/592/1533 1423/612/1550 1391/610/1549
f 1423/665/1550 1688/617/1558 1396/566/1506
f 1656/666/1595 1420/579/1519 1654/669/1596
f 1580/668/1597 1385/592/1533 1574/593/1598
f 1654/669/1596 1422/577/1518 1655/618/1547
f 1589/670/1599 1614/671/1600 1615/842/1601
f 1440/673/1602 1332/497/1439 1328/483/1427
f 1424/674/1603 1420/579/1519 1425/681/1604
f 1581/675/1605 1416/677/1606 1578/676/1607
f 1603/678/1608 1375/680/1609 1613/679/1610
f 1416/677/1606 1581/675/1605 1579/667/1611
f 1359/533/1473 1425/681/1604 1417/880/1612
f 1439/682/1613 1436/683/1614 1437/851/1615
f 1575/591/1532 1603/678/1608 1613/679/1610
f 1354/686/1616 1603/678/1608 1597/545/1486
f 1653/687/1617 1578/676/1607 1416/677/1606
f 1669/688/1574 1365/561/1501 1670/689/1618
f 1596/691/1619 1605/690/1620 1585/650/1587
f 1457/692/1621 1516/693/1622 1515/801/1623
f 1435/695/1624 1438/684/1625 1441/696/1626
f 1435/695/1624 1551/697/1627 1436/683/1614
f 1553/698/1628 1555/699/1629 1437/969/1615
f 1608/701/1630 1693/702/1631 1587/766/1632
f 1354/686/1616 1438/684/1625 1375/680/1609
f 1442/704/1633 1378/599/1634 1440/705/1602
f 1527/707/1635 1466/706/1636 1508/708/1637
f 1354/686/1616 1534/546/1485 1441/696/1626
f 1696/629/1567 1419/710/1638 1439/709/1613
f 1706/712/1639 1531/711/1640 1530/713/1641
f 1444/714/1642 1730/527/1467 1533/530/1470
f 1571/532/1472 1448/715/1643 1585/650/1587
f 1446/718/1644 1583/717/1645 1584/555/1494
f 1660/719/1646 1584/555/1494 1661/720/1647
f 1451/721/1648 1561/549/1488 1563/722/1649
f 1507/540/1480 1453/724/1650 1658/723/1481
f 1598/547/1487 1443/725/1651 1534/546/1485
f 1658/727/1481 1564/726/1652 1659/728/1479
f 1560/551/1491 1449/729/1653 1565/881/1654
f 1573/601/1540 1690/731/1568 1601/630/1538
f 1668/557/1497 1457/692/1621 1671/802/1655
f 1450/732/1656 1454/733/1657 1451/721/1648
f 1515/736/1623 1458/735/1658 1456/737/1659
f 1681/738/1660 1485/739/1661 1682/965/1662
f 1539/568/1508 1455/741/1663 1452/753/1664
f 1545/571/1511 1461/743/1665 1459/694/1666
f 1546/574/1514 1517/745/1667 1550/576/1668
f 1511/748/1669 1473/747/1670 1509/749/1671
f 1516/750/1622 1460/746/1672 1458/735/1658
f 1543/582/1499 1459/694/1666 1457/692/1621
f 1548/583/1522 1463/751/1673 1462/754/1674
f 1462/754/1674 1452/753/1664 1449/729/1653
f 1606/756/1675 1590/755/1676 1611/757/1677
f 1607/759/1678 1591/758/1679 1606/756/1675
f 1473/747/1670 1588/672/1680 1589/670/1599
f 1472/760/1681 1476/761/1682 1470/771/1683
f 1468/763/1684 1607/759/1678 1467/858/1685
f 1471/765/1686 1586/764/1687 1587/766/1632
f 1666/768/1688 1593/767/1689 1505/769/1690
f 1692/770/1691 1587/766/1632 1693/702/1631
f 1586/764/1687 1470/771/1683 1591/758/1679
f 1820/773/1692 1663/772/1693 1483/774/1694
f 1591/758/1679 1469/775/1695 1590/755/1676
f 1479/777/1696 1474/776/1697 1473/747/1670
f 1481/778/1698 1501/779/1699 1479/777/1696
f 1691/781/1700 1471/765/1686 1692/770/1691
f 1470/771/1683 1475/782/1701 1469/775/1695
f 1480/783/1702 1482/785/1703 1512/784/1704
f 1475/782/1701 1483/787/1694 1663/786/1693
f 1477/788/1705 1472/760/1681 1471/765/1686
f 1476/761/1682 1483/787/1694 1475/782/1701
f 1683/790/1706 1519/789/1707 1682/791/1662
f 1491/792/1708 1683/790/1706 1686/793/1709
f 1478/762/1710 1484/794/1711 1476/761/1682
f 1487/795/1712 1482/785/1703 1481/778/1698
f 1697/796/1713 1608/701/1630 1468/763/1684
f 1490/797/1714 1493/798/1715 1489/800/1716
f 1681/738/1660 1489/800/1716 1684/805/1717
f 1671/802/1655 1515/801/1623 1673/803/1718
f 1684/805/1717 1518/804/1719 1685/806/1720
f 1492/807/1721 1521/808/1722 1519/789/1707
f 1495/810/1723 1500/811/1724 1496/809/1725
f 1493/798/1715 1518/804/1719 1489/800/1716
f 1497/814/1726 1520/813/1727 1493/798/1715
f 1498/816/1728 1522/815/1729 1497/814/1726
f 1519/817/1707 1494/799/1730 1490/797/1714
f 1495/810/1723 1492/807/1721 1491/792/1708
f 1494/799/1730 1497/814/1726 1493/798/1715
f 1410/641/1581 1434/818/1588 1433/819/1585
f 1521/820/1722 1498/816/1728 1494/799/1730
f 1461/743/1665 1516/693/1622 1459/694/1666
f 1503/780/1731 1502/822/1732 1501/779/1699
f 1501/779/1699 1480/783/1702 1479/777/1696
f 1482/785/1703 1503/780/1731 1481/778/1698
f 1502/822/1732 1482/785/1703 1480/783/1702
f 1500/811/1724 1521/808/1722 1496/809/1725
f 1485/739/1661 1477/788/1705 1691/781/1700
f 1563/722/1649 1535/824/1733 1447/896/1734
f 1452/753/1664 1453/724/1650 1507/540/1480
f 1360/552/1492 1418/542/1482 1363/570/1525
f 1520/825/1727 1499/812/1735 1495/810/1723
f 1520/825/1727 1491/792/1708 1518/827/1719
f 1820/773/1692 1479/777/1696 1511/748/1669
f 1487/795/1712 1685/828/1720 1686/793/1709
f 1474/776/1697 1512/784/1704 1510/967/1736
f 1512/784/1704 1485/830/1661 1691/829/1700
f 1665/831/1737 1509/749/1671 1593/767/1689
f 1474/776/1697 1594/603/1541 1588/672/1680
f 1663/772/1693 1511/748/1669 1509/749/1671
f 1574/593/1598 1602/834/1738 1580/668/1597
f 1532/835/1739 1329/481/1740 1556/876/1741
f 1513/836/1742 1509/749/1671 1473/747/1670
f 1595/838/1743 1592/839/1744 1505/769/1690
f 1610/840/1745 1615/842/1601 1464/841/1746
f 1505/769/1690 1593/767/1689 1595/838/1743
f 1448/715/1643 1514/837/1747 1513/836/1742
f 1527/707/1635 1524/844/1748 1526/855/1749
f 1589/670/1599 1610/840/1745 1596/691/1619
f 1610/840/1745 1443/725/1651 1605/690/1620
f 1662/846/1750 1584/555/1494 1445/556/1496
f 1454/733/1657 1673/847/1718 1672/848/1751
f 1356/850/1752 1355/849/1471 1729/531/1469
f 1551/697/1627 1437/851/1615 1436/683/1614
f 1525/852/1753 1529/853/1754 1556/864/1741
f 1526/855/1749 1435/695/1624 1441/696/1626
f 1524/844/1748 1551/697/1627 1435/695/1624
f 1443/725/1651 1526/855/1749 1441/696/1626
f 1438/684/1625 1377/856/1755 1375/680/1609
f 1528/857/1756 1468/763/1684 1467/858/1685
f 1441/696/1626 1534/546/1485 1443/725/1651
f 1554/859/1757 1712/477/1422 1714/983/1758
f 1637/862/1759 1617/861/1760 1638/863/1761
f 1556/864/1741 1528/857/1756 1532/865/1739
f 1704/866/1762 1378/599/1634 1442/704/1633
f 1547/744/1513 1428/867/1515 1550/868/1668
f 1525/845/1753 1551/697/1627 1524/844/1748
f 1570/529/1763 1358/870/1764 1567/528/1468
f 1362/548/1489 1540/871/1765 1365/561/1501
f 1367/564/1504 1544/873/1766 1369/563/1502
f 1670/689/1618 1542/874/1767 1367/564/1504
f 1544/873/1766 1371/581/1516 1369/563/1502
f 1539/568/1508 1374/584/1523 1363/570/1525
f 1537/730/1493 1373/585/1526 1548/583/1522
f 1556/876/1741 1331/500/1443 1552/950/1768
f 1517/877/1667 1547/744/1513 1550/868/1668
f 1660/878/1646 1566/541/1769 1659/539/1479
f 1523/879/1770 1499/812/1735 1522/826/1729
f 1559/553/1771 1417/880/1612 1562/657/1593
f 1608/701/1630 1586/764/1687 1607/759/1678
f 1540/871/1765 1451/721/1648 1454/733/1657
f 1566/541/1769 1565/881/1654 1449/729/1653
f 1544/873/1766 1456/737/1659 1458/735/1658
f 1674/875/1772 1454/733/1657 1672/848/1751
f 1460/746/1672 1544/873/1766 1458/735/1658
f 1463/751/1673 1539/568/1508 1452/753/1664
f 1537/730/1493 1462/754/1674 1449/729/1653
f 1616/883/1773 1622/882/1774 1618/884/1775
f 1705/886/1776 1714/885/1758 1531/711/1640
f 1528/857/1756 1556/864/1741 1529/853/1754
f 1554/887/1757 1711/888/1777 1709/976/1778
f 1378/599/1634 1379/597/1537 1440/705/1602
f 1700/891/1779 1465/890/1780 1444/714/1642
f 1639/893/1781 1619/892/1782 1637/894/1759
f 1506/843/1783 1565/881/1654 1566/541/1769
f 1562/657/1593 1652/895/1477 1650/656/1592
f 1536/716/1474 1565/881/1654 1448/715/1643
f 1564/726/1652 1447/896/1734 1446/718/1644
f 1535/824/1733 1557/550/1490 1358/870/1764
f 1536/716/1474 1559/553/1771 1560/551/1491
f 1358/870/1764 1558/659/1594 1357/535/1475
f 1614/671/1600 1508/708/1637 1466/706/1636
f 1447/896/1734 1570/529/1763 1583/717/1645
f 1600/598/1531 1573/601/1540 1601/630/1538
f 1609/604/1543 1588/672/1680 1594/603/1541
f 1665/897/1737 1611/757/1677 1590/755/1676
f 1656/899/1595 1604/588/1784 1657/1177/1785
f 1473/747/1670 1596/691/1619 1513/836/1742
f 1514/837/1747 1593/767/1689 1509/749/1671
f 1514/837/1747 1592/839/1744 1595/838/1743
f 1513/836/1742 1585/650/1587 1448/715/1643
f 1569/534/1786 1598/547/1487 1597/545/1486
f 1728/554/1495 1570/529/1763 1730/527/1467
f 1612/900/1787 1575/591/1532 1613/679/1610
f 1690/731/1568 1580/901/1597 1602/902/1738
f 1666/768/1688 1505/769/1690 1662/903/1750
f 1384/578/1517 1582/685/1788 1575/591/1532
f 1579/667/1611 1425/681/1604 1420/579/1519
f 1425/681/1604 1578/676/1607 1417/880/1612
f 1424/674/1603 1569/534/1786 1582/685/1788
f 1582/685/1788 1597/545/1486 1603/678/1608
f 1568/536/1476 1653/904/1617 1356/850/1752
f 1615/842/1601 1466/706/1636 1464/841/1746
f 1653/687/1617 1416/677/1606 1657/905/1785
f 1612/900/1787 1419/906/1638 1602/834/1738
f 1606/756/1675 1467/858/1685 1607/759/1678
f 1613/679/1610 1377/856/1755 1612/900/1787
f 1445/556/1496 1465/890/1780 1611/757/1677
f 1419/906/1638 1438/684/1625 1439/682/1613
f 1697/907/1713 1527/707/1635 1508/708/1637
f 1378/599/1634 1599/586/1527 1600/598/1531
f 1464/841/1746 1466/706/1636 1526/855/1749
f 1356/850/1752 1604/588/1784 1376/909/1789
f 1640/910/1790 1618/884/1775 1639/893/1781
f 1638/863/1761 1616/911/1773 1640/912/1790
f 1617/861/1760 1623/913/1791 1621/919/1792
f 1623/915/1791 1626/916/1793 1627/948/1794
f 1619/892/1782 1622/882/1774 1623/915/1791
f 1617/861/1760 1620/917/1795 1616/911/1773
f 1621/919/1792 1624/918/1796 1620/917/1795
f 1645/921/1797 1629/920/1798 1646/922/1799
f 1621/919/1792 1627/923/1794 1625/1178/1800
f 1630/925/1801 1635/924/1802 1631/926/1803
f 1620/927/1795 1626/916/1793 1622/882/1774
f 1648/928/1804 1628/929/1805 1630/925/1801
f 1645/931/1797 1630/925/1801 1631/926/1803
f 1631/933/1803 1633/932/1806 1629/920/1798
f 1647/934/1807 1629/920/1798 1628/937/1805
f 1635/924/1802 1634/936/1808 1636/935/1809
f 1628/937/1805 1633/932/1806 1632/942/1810
f 1637/862/1759 1641/938/1811 1642/1179/1812
f 1630/925/1801 1632/939/1810 1634/936/1808
f 1633/932/1806 1635/941/1802 1636/940/1809
f 1632/942/1810 1633/932/1806 1636/940/1809
f 1634/936/1808 1632/939/1810 1636/935/1809
f 1639/893/1781 1642/943/1812 1643/1180/1813
f 1638/863/1761 1644/944/1814 1641/938/1811
f 1530/713/1641 1643/945/1813 1642/1181/1812
f 1530/713/1641 1641/946/1811 1467/858/1685
f 1532/865/1739 1644/947/1814 1643/945/1813
f 1467/858/1685 1644/947/1814 1528/857/1756
f 1646/922/1799 1627/923/1794 1645/921/1797
f 1648/928/1804 1627/948/1794 1626/916/1793
f 1646/922/1799 1624/918/1796 1625/1178/1800
f 1368/558/1498 1427/652/1520 1370/573/1521
f 1647/930/1807 1626/916/1793 1624/1182/1796
f 1639/893/1781 1644/949/1814 1640/910/1790
f 1579/667/1611 1657/905/1785 1416/677/1606
f 1332/497/1439 1552/950/1768 1331/500/1443
f 1442/951/1633 1328/483/1427 1327/498/1441
f 1531/952/1640 1719/495/1437 1530/1183/1641
f 1702/953/1815 1355/849/1471 1376/909/1789
f 1554/954/1757 1710/486/1430 1334/955/1816
f 1653/904/1617 1604/588/1784 1356/850/1752
f 1592/839/1744 1662/903/1750 1505/769/1690
f 1650/660/1592 1357/535/1475 1558/659/1594
f 1380/613/1552 1655/609/1547 1386/607/1546
f 1576/587/1528 1654/956/1596 1380/613/1552
f 1563/722/1649 1450/732/1656 1451/721/1648
f 1651/957/1478 1417/880/1612 1578/676/1607
f 1611/757/1677 1662/846/1750 1445/556/1496
f 1446/718/1644 1659/728/1479 1564/726/1652
f 1469/775/1695 1663/786/1693 1664/958/1817
f 1590/755/1676 1664/958/1817 1665/897/1737
f 1477/788/1705 1486/740/1818 1478/762/1710
f 1506/843/1783 1661/959/1647 1592/839/1744
f 1649/658/1483 1361/560/1500 1364/960/1484
f 1453/734/1650 1450/732/1656 1658/727/1481
f 1456/737/1659 1674/875/1772 1672/848/1751
f 1540/871/1765 1670/689/1618 1365/561/1501
f 1672/848/1751 1515/736/1623 1456/737/1659
f 1455/741/1663 1673/803/1718 1453/724/1650
f 1541/742/1510 1671/802/1655 1455/741/1663
f 1426/562/1503 1670/689/1618 1367/564/1504
f 1669/636/1574 1366/569/1509 1364/543/1484
f 1541/742/1510 1667/559/1573 1668/557/1497
f 1429/662/1575 1680/626/1565 1402/625/1564
f 1394/608/1548 1679/634/1576 1395/621/1560
f 1397/961/1507 1679/634/1576 1676/565/1505
f 1398/628/1566 1677/622/1562 1680/626/1565
f 1396/963/1506 1677/622/1562 1399/962/1819
f 1401/631/1569 1675/567/1563 1676/565/1505
f 1686/793/1709 1518/827/1719 1491/792/1708
f 1483/787/1694 1684/805/1717 1685/806/1720
f 1486/740/1818 1684/805/1717 1484/794/1711
f 1487/795/1712 1683/790/1706 1488/964/1820
f 1485/830/1661 1683/790/1706 1682/791/1662
f 1490/797/1714 1682/965/1662 1519/817/1707
f 1468/763/1684 1695/854/1821 1697/796/1713
f 1525/845/1753 1527/707/1635 1695/908/1821
f 1508/708/1637 1694/602/1542 1697/907/1713
f 1512/784/1704 1692/966/1691 1510/967/1736
f 1510/967/1736 1693/968/1631 1594/603/1541
f 1379/597/1537 1439/709/1613 1440/705/1602
f 1440/705/1602 1437/969/1615 1555/699/1629
f 1556/864/1741 1553/698/1628 1525/852/1753
f 1696/629/1567 1602/902/1738 1419/710/1638
f 1687/605/1544 1423/665/1550 1421/970/1822
f 1689/606/1545 1421/970/1822 1580/901/1597
f 1700/891/1779 1705/886/1776 1703/972/1823
f 1703/972/1823 1706/712/1639 1707/973/1824
f 1701/974/1825 1711/888/1777 1699/889/1826
f 1717/977/1827 1709/976/1778 1711/888/1777
f 1710/486/1430 1348/487/1423 1334/955/1816
f 1465/890/1780 1707/973/1824 1467/858/1685
f 1698/975/1828 1533/530/1470 1355/849/1471
f 1467/858/1685 1706/712/1639 1530/713/1641
f 1701/974/1825 1444/714/1642 1533/530/1470
f 1708/978/1829 1376/909/1789 1378/599/1634
f 1698/975/1828 1717/977/1827 1711/888/1777
f 1709/979/1778 1718/980/1830 1710/486/1430
f 1699/889/1826 1714/885/1758 1713/971/1831
f 1712/477/1422 1334/860/1816 1348/982/1423
f 1333/478/1832 1714/983/1758 1712/477/1422
f 1713/971/1831 1701/974/1825 1699/889/1826
f 1715/485/1431 1349/499/1442 1319/522/1393
f 1702/953/1815 1704/866/1762 1717/977/1827
f 1716/981/1833 1327/498/1441 1718/980/1830
f 1718/980/1830 1349/499/1442 1715/485/1431
f 1704/866/1762 1716/984/1833 1717/977/1827
f 1322/985/1436 1720/986/1438 1325/526/1396
f 1719/495/1437 1532/835/1739 1530/1183/1641
f 1333/478/1832 1720/986/1438 1719/495/1437
f 1325/526/1396 1720/986/1438 1352/476/1421
f 1299/472/1417 1726/987/1451 1317/462/1409
f 1302/459/1405 1724/989/1448 1307/425/1384
f 1261/454/1400 1721/991/1453 1301/418/1379
f 1301/418/1379 1725/990/1455 1302/459/1405
f 1317/462/1409 1727/992/1444 1296/461/1407
f 1259/424/1382 1722/988/1450 1299/472/1417
f 1724/989/1448 1259/424/1382 1307/425/1384
f 1296/461/1407 1727/992/1444 1261/454/1400
f 955/46/1073 1753/994/1834 975/1013/1835
f 951/996/1836 1750/997/1837 965/1015/1838
f 1001/86/1110 1773/999/862 1292/446/409
f 1735/1001/864 955/46/1073 959/47/1077
f 1746/1002/1839 991/72/1097 927/1/1036
f 1770/1003/1840 995/82/1111 1000/81/1106
f 961/1004/1841 1751/1005/1842 969/1017/1843
f 959/47/1077 960/1007/870 1735/1001/864
f 1063/1008/1844 1746/1002/1839 927/1/1036
f 947/1010/1845 1747/1011/1846 930/10/1847
f 975/1013/1835 1754/1006/1848 961/1004/1841
f 1771/1014/1849 1001/86/1110 995/82/1111
f 965/1015/1838 1749/1012/1850 947/1010/1845
f 1769/1016/1851 992/77/1102 988/70/1094
f 969/1017/1843 1752/998/1852 951/996/1836
f 930/10/1847 1748/1018/1853 936/12/1854
f 1745/1009/1855 1737/1019/1856 1746/1002/1839
f 1754/1006/1848 1736/1021/1857 1751/1005/1842
f 1752/998/1852 1738/1023/1858 1750/997/1837
f 1734/1025/889 1757/1026/1859 1755/995/1860
f 1733/1028/1861 1754/1006/1848 1753/994/1834
f 1751/1005/1842 1742/1024/1862 1752/998/1852
f 1750/997/1837 1732/1029/1863 1749/1012/1850
f 1732/1029/1863 1747/1011/1846 1749/1012/1850
f 1748/1018/1853 1731/1020/1864 1745/1009/1855
f 936/12/1854 1745/1009/1855 1063/1008/1844
f 1734/1030/889 1755/995/1860 955/46/1073
f 1766/1027/891 1733/1028/1861 1757/1026/1859
f 1762/1031/895 1742/1024/1862 1736/1021/1857
f 1738/1023/1858 1760/1032/896 1732/1029/1863
f 1764/1034/898 1756/1022/1865 1733/1028/1861
f 1732/1029/1863 1758/1035/899 1731/1020/1864
f 1758/1035/899 1737/1019/1856 1731/1020/1864
f 1756/1022/1865 1762/1031/895 1736/1021/1857
f 1763/1037/901 1738/1023/1858 1742/1024/1862
f 1757/1026/1859 1753/994/1834 1755/995/1860
f 1747/1011/1846 1731/1020/1864 1748/1018/1853
f 1770/1003/1840 1743/1038/1866 1771/1014/1849
f 1768/1040/1867 1744/1039/1868 1770/1003/1840
f 1740/1042/1869 1768/1040/1867 1769/1016/1851
f 1737/1019/1856 1767/217/1215 1746/1002/1839
f 1774/1043/1870 1773/999/862 1772/1000/1871
f 1776/1044/908 1799/1045/1872 1741/1047/1873
f 992/77/1102 1770/1003/1840 1000/81/1106
f 1769/1016/1851 1741/1047/1873 1740/1042/1869
f 1737/1019/1856 1776/1044/908 1741/1047/1873
f 978/64/1090 1012/97/97 982/95/1113
f 1777/1049/913 1744/1039/1868 1739/1041/1874
f 1797/1050/1875 1777/1049/913 1739/1041/1874
f 1743/1038/1866 1775/1051/915 1774/1043/1870
f 1744/1039/1868 1780/1052/916 1743/1038/1866
f 1771/1014/1849 1774/1043/1870 1772/1000/1871
f 1784/58/1083 975/1013/1876 961/1004/1877
f 1783/32/1066 969/1017/1878 951/996/1879
f 947/1010/1880 1785/34/1067 965/1015/1881
f 1786/53/1082 961/1004/1877 969/1017/1878
f 975/1013/1876 1787/39/1071 955/46/1073
f 1785/34/1067 951/996/1879 965/1015/1881
f 930/10/1045 1782/55/1064 947/1010/1880
f 934/19/1057 1781/30/1062 1029/13/1047
f 1157/314/1312 1198/271/1269 1204/1054/1313
f 1082/176/1184 1270/368/1342 1087/172/1185
f 1269/378/1340 1082/176/1184 1086/188/1196
f 1361/560/1500 1557/550/1490 1362/548/1489
f 1388/620/1559 1397/961/1507 1396/566/1506
f 1729/531/1469 1568/536/1476 1356/850/1752
f 1788/1055/925 1311/466/1882 1318/467/1411
f 1795/168/1176 1036/109/1120 1037/110/1135
f 1794/165/1174 1037/110/1135 1040/127/1152
f 1036/109/1120 1836/1056/1883 1033/122/1129
f 1790/166/1173 1040/127/1152 1038/144/1150
f 1791/164/1171 1039/141/1148 1035/142/1884
f 1796/163/1172 1038/144/1150 1039/141/1148
f 1792/162/1170 1035/142/1884 1034/129/1136
f 1837/1057/1175 1034/129/1136 1033/122/1129
f 1604/588/1784 1599/586/1527 1376/909/1789
f 1465/890/1780 1606/756/1675 1611/757/1677
f 1808/1059/1885 1800/1058/930 1797/1050/1875
f 1804/1060/1886 1803/1062/1887 1815/1061/1888
f 1798/1063/1889 1739/1041/1874 1740/1042/1869
f 1799/1045/1872 1740/1042/1869 1741/1047/1873
f 1807/1065/936 1803/1064/1887 1804/1060/1886
f 1806/1067/938 1778/1066/1890 1803/1064/1887
f 1803/1062/1887 1816/1068/1891 1815/1061/1888
f 1817/1069/1892 1812/1070/1893 1808/1059/1885
f 1817/1069/1892 1797/1050/1875 1816/1068/1891
f 1809/1072/943 1778/1066/1890 1805/1073/944
f 1819/1071/1894 1813/1074/945 1818/1184/1895
f 1809/1072/943 1814/1075/1896 1810/1185/1897
f 1812/1070/1893 1801/1076/947 1808/1059/1885
f 1819/1071/1894 1811/1077/948 1812/1070/1893
f 1778/1078/1890 1817/1069/1892 1816/1068/1891
f 1810/1079/1897 1819/1071/1894 1817/1069/1892
f 1798/1063/1889 1816/1068/1891 1797/1050/1875
f 1807/1065/936 1799/1045/1872 1802/1046/910
f 1804/1060/1886 1798/1063/1889 1799/1045/1872
f 1396/963/1506 1393/611/1551 1423/612/1550
f 1392/615/1555 1394/619/1548 1422/577/1518
f 1562/657/1593 1360/552/1492 1559/553/1771
f 1449/729/1653 1507/540/1480 1566/541/1769
f 1482/785/1703 1485/830/1661 1512/784/1704
f 1820/773/1692 1511/748/1669 1821/833/1898
f 1483/774/1694 1481/778/1698 1820/773/1692
f 935/11/1044 1029/13/1047 1781/30/1062
f 1125/342/1899 1831/1080/1282 1193/341/1326
f 1123/300/1300 1830/1081/1287 1194/346/1230
f 1151/325/1900 1829/283/1283 1169/248/1245
f 1823/281/1281 1168/307/1307 1124/251/1249
f 1828/315/1315 1150/301/1901 1168/307/1307
f 1150/301/1901 1822/336/1296 1123/300/1300
f 1830/286/1287 1126/299/1299 1194/233/1230
f 1824/285/1286 1151/325/1900 1126/299/1299
f 1169/248/1245 1825/338/1284 1125/342/1899
f 1193/252/1326 1823/281/1281 1124/251/1249
f 1836/1056/1883 1793/1082/1902 1033/122/1129
f 1041/147/1153 1832/1083/1145 1833/138/1144
f 1789/169/1177 1832/1083/1145 1836/1056/1883
f 1042/150/1156 1835/167/1163 1834/148/1155
f 1836/1056/1883 1065/156/1162 1793/1082/1902
f 1837/1057/1175 1033/122/1129 1793/1082/1902
f 1837/1057/1175 1065/156/1162 1835/167/1163
f 1049/149/1154 1041/147/1153 1833/138/1144
f 1049/149/1154 1042/150/1156 1834/148/1155
f 1840/180/1189 1089/171/1183 1841/185/1193
f 1841/185/1193 1090/174/174 1839/1186/1903
f 1100/177/1186 1082/176/1184 1838/179/1187
f 1838/179/1187 1088/173/1181 1840/180/1189
f 1106/1085/1188 1845/207/1208 1844/216/1214
f 1844/216/1214 1092/215/1213 1095/203/1211
f 1099/1087/1194 1843/1086/952 1842/213/1212
f 1103/1084/1190 1842/213/1212 1845/207/1208
f 1025/159/1167 1076/199/1205 1846/125/1179
f 1847/118/1133 1022/200/200 1848/117/117
f 1846/125/1179 1024/197/1204 1847/118/1133
f 1851/157/1178 937/104/1043 1849/8/1042
f 1850/9/9 939/15/1050 1849/8/1042
f 942/101/1114 1073/102/1116 1851/157/1178
f 1095/203/1211 1092/215/1213 1854/202/1207
f 1094/206/1209 1855/1088/953 1852/201/1206
f 1092/215/1213 1853/198/1203 1854/202/1207
f 1091/208/1210 1852/201/1206 1853/198/1203
f 1056/128/1137 1017/160/1168 1856/161/1169
f 1856/161/1169 1075/124/1132 1859/100/1115
f 1859/100/1115 1016/116/1125 1858/170/1180
f 1858/170/1180 1014/1089/954 1857/103/103
f 1445/556/1496 1444/714/1642 1465/890/1780
f 1867/1091/1904 1863/1090/1905 1868/1092/1906
f 1868/1092/1906 1864/1093/1907 1869/1094/1908
f 1937/1095/1909 1862/1096/1910 1861/1103/1911
f 1866/1098/1912 1860/1099/1913 1861/1103/1911
f 1910/1101/1914 1860/1099/1913 1865/1100/1915
f 1866/1098/1912 1862/1096/1910 1867/1091/1904
f 1861/1103/1911 1936/1102/1916 1937/1095/1909
f 1871/1104/1917 1867/1091/1904 1872/1105/1918
f 1910/1101/1914 1865/1100/1915 1870/1106/1919
f 1876/1107/1920 1870/1106/1919 1871/1104/1917
f 1878/1110/1921 1874/1109/1922 1879/1111/1923
f 1877/1112/1924 1871/1104/1917 1872/1105/1918
f 1884/1113/1925 1878/1110/1921 1879/1111/1923
f 1881/1115/1926 1877/1112/1924 1882/1116/1927
f 1882/1116/1927 1878/1110/1921 1883/1114/1928
f 1880/1117/1929 1876/1107/1920 1881/1115/1926
f 1910/1101/1914 1870/1106/1919 1875/1108/1930
f 1889/1118/1931 1883/1114/1928 1884/1113/1925
f 1886/1120/1932 1882/1116/1927 1887/1121/1933
f 1887/1121/1933 1883/1114/1928 1888/1119/1934
f 1885/1122/1935 1881/1115/1926 1886/1120/1932
f 1910/1101/1914 1875/1108/1930 1880/1117/1929
f 1894/1123/1936 1888/1119/1934 1889/1118/1931
f 1891/1125/1937 1885/1122/1935 1886/1120/1932
f 1892/1127/1938 1888/1119/1934 1893/1124/1939
f 1910/1101/1914 1880/1117/1929 1885/1122/1935
f 1898/1128/1940 1894/1123/1936 1899/1129/1941
f 1891/1125/1937 1887/1121/1933 1892/1127/1938
f 1895/1130/1942 1891/1125/1937 1896/1131/1943
f 1897/1132/1944 1893/1124/1939 1898/1128/1940
f 1910/1101/1914 1885/1122/1935 1890/1126/1945
f 1896/1131/1943 1892/1127/1938 1897/1132/1944
f 1904/1133/1946 1898/1128/1940 1899/1129/1941
f 1910/1101/1914 1890/1126/1945 1895/1130/1942
f 1902/1135/1947 1898/1128/1940 1903/1134/1948
f 1900/1136/1949 1896/1131/1943 1901/1137/1950
f 1902/1135/1947 1896/1131/1943 1897/1132/1944
f 1909/1138/1951 1903/1134/1948 1904/1133/1946
f 1908/1139/1952 1902/1135/1947 1903/1134/1948
f 1910/1101/1914 1895/1130/1942 1900/1136/1949
f 1906/1141/1953 1900/1136/1949 1901/1137/1950
f 1907/1140/1954 1901/1137/1950 1902/1135/1947
f 1914/1143/1955 1909/1138/1951 1915/1144/1956
f 1914/1143/1955 1907/1140/1954 1908/1139/1952
f 1910/1101/1914 1900/1136/1949 1905/1142/1957
f 1912/1146/1958 1905/1142/1957 1906/1141/1953
f 1913/1145/1959 1906/1141/1953 1907/1140/1954
f 1919/1148/1960 1915/1144/1956 1920/1149/1961
f 1919/1148/1960 1913/1145/1959 1914/1143/1955
f 1910/1101/1914 1905/1142/1957 1911/1147/1962
f 1916/1151/1963 1912/1146/1958 1917/1152/1964
f 1918/1150/1965 1912/1146/1958 1913/1145/1959
f 1924/1153/1966 1920/1149/1961 1925/1154/1967
f 1910/1101/1914 1911/1147/1962 1916/1151/1963
f 1921/1155/1968 1917/1152/1964 1922/1156/1969
f 1924/1153/1966 1918/1150/1965 1919/1148/1960
f 1923/1157/1970 1917/1152/1964 1918/1150/1965
f 1929/1158/1971 1925/1154/1967 1930/1159/1972
f 1910/1101/1914 1916/1151/1963 1921/1155/1968
f 1926/1160/1973 1922/1156/1969 1927/1161/1974
f 1929/1158/1971 1923/1157/1970 1924/1153/1966
f 1928/1162/1975 1922/1156/1969 1923/1157/1970
f 1934/1163/1976 1930/1159/1972 1935/1164/1977
f 1931/1165/1978 1927/1161/1974 1932/1166/1979
f 1934/1163/1976 1928/1162/1975 1929/1158/1971
f 1910/1101/1914 1921/1155/1968 1926/1160/1973
f 1933/1167/1980 1927/1161/1974 1928/1162/1975
f 1939/1168/1981 1935/1164/1977 1940/1169/1982
f 1937/1095/1909 1931/1165/1978 1932/1166/1979
f 1939/1168/1981 1933/1167/1980 1934/1163/1976
f 1910/1101/1914 1926/1160/1973 1931/1165/1978
f 1938/1097/1983 1932/1166/1979 1933/1167/1980
f 1910/1101/1914 1931/1165/1978 1936/1102/1916
f 1910/1101/1914 1936/1102/1916 1860/1099/1913
f 1939/1168/1981 1862/1096/1910 1938/1097/1983
f 1940/1169/1982 1863/1090/1905 1939/1168/1981
f 1878/1110/1921 1872/1105/1918 1873/1170/1984
f 1872/1105/1918 1868/1092/1906 1873/1170/1984
f 1871/1104/1917 1865/1100/1915 1866/1098/1912
f 1873/1170/1984 1869/1094/1908 1874/1109/1922
f 1/1/1 112/1008/1985 110/2/2
f 126/4/4 99/130/130 12/5/5
f 928/7/7 9/104/104 834/8/8
f 3/10/10 780/30/30 7/11/11
f 78/13/13 79/131/131 13/14/14
f 11/15/15 10/23/23 943/16/16
f 13/14/14 111/27/27 110/2/2
f 121/18/18 123/6/6 12/5/5
f 80/20/20 16/26/26 101/21/21
f 10/23/23 4/29/29 944/24/24
f 16/26/26 5/3/3 111/27/27
f 18/28/28 949/54/54 944/24/24
f 780/30/30 781/55/55 19/31/31
f 19/31/31 18/28/28 4/29/29
f 782/32/32 22/38/38 31/33/33
f 21/35/35 953/56/56 968/36/36
f 22/38/38 21/35/35 32/37/37
f 786/39/39 23/46/46 25/40/40
f 38/42/42 24/45/45 957/43/43
f 36/41/41 25/40/40 24/45/45
f 26/47/47 960/1007/870 957/43/43
f 28/48/48 29/57/57 34/49/49
f 34/49/49 29/57/57 964/51/51
f 785/53/53 783/58/58 28/48/48
f 31/33/33 32/37/37 18/28/28
f 32/37/37 968/36/36 949/54/54
f 781/55/55 784/34/34 31/33/33
f 785/53/53 35/50/50 22/38/38
f 34/49/49 972/52/52 953/56/56
f 35/50/50 34/49/49 21/35/35
f 28/48/48 36/41/41 38/42/42
f 29/57/57 38/42/42 974/44/44
f 783/58/58 786/39/39 36/41/41
f 41/59/59 45/62/62 43/60/60
f 2/61/61 44/95/95 45/62/62
f 40/64/64 47/99/99 48/65/65
f 42/66/66 48/65/65 46/67/67
f 151/69/69 52/74/74 50/70/70
f 152/73/73 51/75/75 52/74/74
f 51/75/75 55/83/83 56/76/76
f 52/74/74 56/76/76 54/77/77
f 60/78/78 61/91/91 58/79/79
f 62/81/81 60/78/78 59/80/80
f 56/76/76 60/78/78 62/81/81
f 55/83/83 61/91/91 60/78/78
f 59/80/80 58/79/79 64/84/84
f 59/80/80 65/85/85 63/86/86
f 58/79/79 61/91/91 1008/87/87
f 55/83/83 51/75/75 1005/89/89
f 61/91/91 55/83/83 1006/90/90
f 152/73/73 47/99/99 1004/92/92
f 58/79/79 1007/88/88 1009/94/94
f 44/95/95 2/61/61 1010/96/96
f 39/68/68 46/67/67 49/63/63
f 1011/98/98 1004/92/92 47/99/99
f 841/100/100 839/161/161 14/101/101
f 1857/103/103 840/170/170 9/104/104
f 41/59/59 71/112/112 67/105/105
f 1010/96/96 2/61/61 67/105/105
f 103/108/108 107/146/146 85/109/109
f 70/111/111 66/106/106 5/3/3
f 41/59/59 1/1/1 66/106/106
f 67/105/105 73/120/120 1028/113/113
f 66/106/106 70/111/111 76/114/114
f 68/116/116 1014/1089/954 1848/117/117
f 66/106/106 72/115/115 77/119/119
f 71/112/112 77/119/119 73/120/120
f 104/121/121 83/129/129 82/122/122
f 124/124/124 68/116/116 833/118/118
f 102/126/126 103/108/108 86/110/110
f 105/128/128 84/142/142 83/129/129
f 14/101/101 80/20/20 100/22/22
f 6/19/19 12/5/5 79/131/131
f 117/132/132 113/137/137 93/133/133
f 117/132/132 94/134/134 97/135/135
f 113/137/137 820/1083/951 821/138/138
f 116/136/136 97/135/135 95/139/139
f 105/128/128 108/143/143 88/141/141
f 108/143/143 109/145/145 87/144/144
f 109/145/145 102/126/126 89/127/127
f 107/146/146 106/123/123 82/122/122
f 119/153/153 118/154/154 96/152/152
f 118/154/154 115/140/140 95/139/139
f 119/153/153 92/151/151 91/150/150
f 114/156/156 823/167/167 822/148/148
f 100/22/22 79/131/131 12/5/5
f 126/4/4 11/15/15 834/8/8
f 101/21/21 13/14/14 79/131/131
f 16/26/26 80/20/20 106/123/123
f 81/158/158 76/114/114 102/126/126
f 75/159/159 81/158/158 109/145/145
f 69/160/160 75/159/159 108/143/143
f 839/161/161 105/128/128 104/121/121
f 76/114/114 70/111/111 103/108/108
f 80/20/20 14/101/101 104/121/121
f 70/111/111 16/26/26 107/146/146
f 110/2/2 112/1008/1985 8/12/12
f 790/162/162 789/164/164 119/153/153
f 794/163/163 788/166/166 115/140/140
f 789/164/164 794/163/163 118/154/154
f 792/165/165 116/136/136 115/140/140
f 823/167/167 825/1057/929 790/162/162
f 793/168/168 117/132/132 116/136/136
f 787/169/169 113/137/137 117/132/132
f 99/130/130 126/4/4 835/157/157
f 69/160/160 124/124/124 832/125/125
f 840/170/170 841/100/100 122/102/102
f 4/29/29 10/23/23 123/6/6
f 11/15/15 126/4/4 123/6/6
f 136/171/171 129/175/175 134/172/172
f 1090/174/174 1079/426/399 129/175/175
f 149/178/178 147/192/192 827/180/180
f 148/181/181 128/191/191 1085/182/182
f 1101/184/184 1839/1186/1903 828/185/185
f 143/187/187 145/177/177 133/188/188
f 146/190/190 132/195/195 128/191/191
f 144/186/186 828/185/185 827/180/180
f 143/187/187 131/189/189 127/193/193
f 142/194/194 127/193/193 132/195/195
f 74/197/197 836/201/201 837/198/198
f 81/158/158 141/203/203 139/196/196
f 1022/200/200 1855/1088/953 836/201/201
f 125/199/199 837/198/198 838/202/202
f 81/158/158 75/159/159 838/202/202
f 72/115/115 142/205/194 146/204/190
f 139/196/196 143/211/187 142/205/194
f 140/206/204 829/213/208 831/207/205
f 77/119/119 146/204/190 148/209/181
f 139/196/196 141/203/203 145/210/177
f 1096/212/207 1843/1086/952 829/213/208
f 73/120/120 148/209/181 1105/214/183
f 138/215/209 137/208/206 831/207/205
f 830/216/210 149/1085/178 145/210/177
f 51/75/75 152/73/73 1110/93/93
f 47/99/99 152/73/73 151/69/69
f 46/67/67 48/65/65 151/69/69
f 45/62/62 42/66/66 39/68/68
f 44/95/95 40/64/64 42/66/66
f 150/71/71 50/70/70 53/72/72
f 50/70/70 774/1016/879 772/217/211
f 187/221/215 156/347/326 160/222/216
f 188/223/217 160/222/216 161/224/218
f 231/226/220 157/235/229 153/227/221
f 232/229/223 230/1171/405 154/230/224
f 183/232/226 168/299/292 236/233/227
f 157/235/229 163/345/325 209/236/230
f 159/238/232 162/320/312 233/239/233
f 158/231/225 164/246/239 234/241/234
f 179/242/235 172/274/267 238/243/236
f 189/245/238 191/326/318 164/246/239
f 186/247/240 167/342/324 211/248/241
f 244/250/243 185/288/281 166/251/244
f 228/253/246 221/328/319 175/254/247
f 226/256/249 197/323/315 176/257/250
f 182/259/252 171/329/320 213/260/253
f 242/262/255 181/318/310 170/263/256
f 255/265/258 184/333/321 201/266/259
f 223/268/261 174/319/311 239/269/262
f 222/258/251 176/257/250 240/271/264
f 203/273/266 195/324/316 172/274/267
f 224/275/268 225/298/291 194/276/269
f 239/269/262 174/319/311 177/279/272
f 811/281/274 181/318/310 242/262/255
f 817/283/276 813/338/323 182/259/252
f 815/284/277 203/273/266 179/242/235
f 812/285/278 179/242/235 243/244/237
f 220/249/242 251/351/328 253/287/280
f 185/288/281 244/250/243 254/289/282
f 204/291/284 183/232/226 257/292/285
f 257/292/285 183/232/226 245/234/228
f 814/295/288 810/336/322 180/296/289
f 225/298/291 224/275/268 173/219/213
f 200/297/290 180/296/289 169/277/270
f 204/291/284 193/325/317 168/299/292
f 201/266/259 184/333/321 165/300/293
f 158/231/225 154/230/224 202/302/295
f 205/303/296 187/221/215 188/223/217
f 206/304/297 188/223/217 190/225/219
f 189/245/238 202/302/295 218/306/299
f 201/266/259 192/301/294 210/307/300
f 216/309/302 200/297/290 194/276/269
f 227/311/304 225/298/291 196/218/212
f 241/313/273 246/1054/924 199/314/306
f 196/218/212 198/220/214 177/279/272
f 814/295/288 200/297/290 216/309/302
f 260/316/308 258/267/260 201/266/259
f 260/316/308 217/308/301 185/288/281
f 816/315/307 216/309/302 181/318/310
f 227/311/304 214/312/305 174/319/311
f 216/309/302 212/310/303 170/263/256
f 217/308/301 210/307/300 166/251/244
f 207/237/231 218/306/299 153/227/221
f 159/238/232 206/304/297 208/305/298
f 155/321/313 205/303/296 206/304/297
f 261/322/314 220/249/242 204/291/284
f 815/284/277 817/283/276 219/261/254
f 197/323/315 215/255/248 178/278/271
f 219/261/254 213/260/253 195/324/316
f 228/253/246 215/255/248 197/323/315
f 204/291/284 220/249/242 211/248/241
f 207/237/231 209/236/230 191/326/318
f 213/260/253 228/253/246 226/256/249
f 212/310/303 227/311/304 223/268/261
f 240/327/264 246/1187/924 198/220/214
f 212/310/303 194/276/269 225/298/291
f 195/324/316 226/256/249 222/258/251
f 172/274/267 222/258/251 247/272/265
f 170/263/256 223/268/261 248/270/263
f 213/260/253 171/329/320 221/328/319
f 171/329/320 237/1172/257 248/330/263
f 169/277/270 238/343/236 247/331/265
f 198/220/214 246/1187/924 241/280/273
f 161/224/218 255/265/258 258/267/260
f 255/265/258 262/358/287 245/332/228
f 244/334/243 186/247/240 253/287/280
f 810/336/322 818/1081/279 243/337/237
f 813/338/323 819/1080/275 242/339/255
f 239/340/262 241/313/273 178/278/271
f 224/275/268 247/331/265 240/327/264
f 221/328/319 248/330/263 239/340/262
f 242/339/255 237/1172/257 171/329/320
f 186/247/240 244/334/243 235/341/245
f 180/296/289 243/337/237 238/343/236
f 160/222/216 232/348/223 234/344/234
f 231/226/220 233/355/233 163/345/325
f 184/333/321 245/332/228 236/346/227
f 156/347/326 230/1188/405 232/348/223
f 159/238/232 231/240/220 229/349/222
f 264/353/327 254/335/282 253/287/280
f 209/236/230 163/345/325 252/354/330
f 233/355/233 249/357/331 252/354/330
f 162/320/312 250/290/283 249/356/331
f 249/357/331 264/353/327 263/352/329
f 161/224/218 234/344/234 262/358/287
f 209/236/230 261/322/314 259/293/286
f 162/320/312 208/305/298 260/316/308
f 208/305/298 190/225/219 258/267/260
f 164/246/239 191/326/318 259/293/286
f 164/246/239 257/292/285 262/294/287
f 298/359/332 299/365/338 265/360/333
f 300/362/335 301/378/351 270/363/336
f 299/365/338 300/362/335 268/364/337
f 303/366/339 267/375/348 271/367/340
f 309/369/342 285/401/374 282/370/343
f 298/359/332 269/361/334 266/372/345
f 1273/374/347 1224/411/384 267/375/348
f 304/373/346 266/372/345 1229/376/349
f 302/368/341 271/367/340 270/363/336
f 288/379/352 276/388/361 273/380/353
f 1254/382/355 1233/440/407 274/383/356
f 287/381/354 273/380/353 1238/385/358
f 291/387/360 272/392/365 276/388/361
f 290/389/362 277/410/383 275/390/363
f 291/387/360 292/391/364 275/390/363
f 286/393/366 289/384/357 274/383/356
f 306/395/368 279/399/372 284/396/369
f 307/398/371 283/422/395 279/399/372
f 309/369/342 310/407/380 281/400/373
f 315/402/375 309/369/342 308/371/344
f 305/397/370 284/396/369 280/404/377
f 1282/406/379 1242/1173/1406 281/400/373
f 1283/408/381 311/405/378 280/404/377
f 267/375/348 289/384/357 286/393/366
f 265/360/333 268/364/337 292/391/364
f 270/363/336 290/389/362 292/391/364
f 265/360/333 291/387/360 288/379/352
f 290/389/362 286/393/366 278/394/367
f 266/372/345 287/381/354 1255/386/359
f 1224/411/384 1254/382/355 289/384/357
f 269/361/334 288/379/352 287/381/354
f 926/412/385 339/489/455 340/413/386
f 325/415/388 1304/460/423 1260/416/389
f 323/418/391 294/454/417 1265/419/392
f 326/421/394 328/423/396 283/422/395
f 328/423/396 297/475/441 293/424/397
f 271/367/340 286/393/366 290/389/362
f 128/191/191 304/373/346 1274/377/350
f 1079/426/399 1273/374/347 303/366/339
f 132/195/195 298/359/332 304/373/346
f 129/175/175 303/366/339 302/368/341
f 127/193/193 131/189/189 300/362/335
f 133/188/188 301/378/351 300/362/335
f 127/193/193 299/365/338 298/359/332
f 278/394/367 315/402/375 316/403/376
f 313/427/400 311/405/378 1283/408/381
f 1291/429/402 1282/406/379 310/407/380
f 312/431/404 305/397/370 311/405/378
f 317/430/403 310/407/380 309/369/342
f 230/432/405 156/442/326 272/392/365
f 154/433/224 230/432/405 275/390/363
f 314/434/406 306/395/368 305/397/370
f 154/433/224 277/410/383 316/403/376
f 276/388/361 272/392/365 314/434/406
f 276/388/361 312/431/404 313/427/400
f 273/380/353 313/427/400 1286/428/401
f 274/383/356 317/430/403 315/402/375
f 1233/440/407 1291/429/402 317/430/403
f 218/441/299 202/435/295 316/403/376
f 314/434/406 272/392/365 156/442/326
f 306/395/368 314/434/406 187/443/215
f 307/398/371 306/395/368 205/444/296
f 153/439/221 218/441/299 308/371/344
f 307/398/371 308/371/344 282/370/343
f 64/84/84 1009/94/94 1293/445/408
f 65/85/85 1293/445/408 1292/446/409
f 922/447/410 359/492/458 335/448/411
f 360/450/413 361/473/440 341/451/414
f 1260/416/389 1295/1189/1986 320/453/416
f 294/454/417 319/461/424 1300/455/418
f 318/456/419 297/475/441 296/457/420
f 285/401/374 281/400/373 325/415/388
f 283/422/395 328/423/396 327/425/398
f 279/399/372 327/425/398 324/459/422
f 280/404/377 323/418/391 1305/420/393
f 281/400/373 1242/1173/1406 1304/460/423
f 280/404/377 284/396/369 324/459/422
f 319/461/424 330/463/435 1313/464/427
f 320/453/416 1295/1189/1986 1315/465/428
f 334/467/430 1788/1055/925 1314/468/431
f 329/469/432 1314/468/431 1316/470/433
f 330/463/435 332/471/434 1316/470/433
f 320/453/416 331/466/429 334/467/436
f 330/463/426 333/462/425 322/472/437
f 332/471/438 322/472/437 318/456/419
f 361/473/440 922/518/410 342/474/412
f 295/417/390 320/453/416 321/458/421
f 329/469/439 318/456/419 321/458/421
f 322/472/437 293/424/397 297/475/441
f 326/421/394 296/457/420 297/475/441
f 296/457/420 326/421/394 325/415/388
f 368/476/442 364/982/453 728/477/443
f 367/479/445 366/494/460 346/480/446
f 363/482/448 348/497/463 344/483/449
f 731/485/451 734/980/854 726/486/452
f 923/488/454 337/493/459 339/489/455
f 924/414/387 340/413/386 336/490/456
f 359/492/458 925/491/457 336/490/456
f 923/488/454 360/450/413 338/452/415
f 366/494/460 736/986/856 735/495/461
f 369/496/462 347/500/466 348/497/463
f 362/484/450 344/483/449 343/498/464
f 367/479/445 345/481/447 347/500/466
f 743/501/467 294/514/417 352/502/468
f 739/504/470 358/508/474 351/505/471
f 738/507/473 356/517/481 358/508/474
f 742/509/475 743/501/467 357/503/469
f 737/511/477 741/1174/480 354/512/478
f 294/514/417 737/511/477 353/513/479
f 741/515/480 740/506/472 351/505/471
f 742/509/475 355/510/476 356/517/481
f 357/503/469 352/502/468 360/450/482
f 358/508/474 925/491/485 359/492/484
f 356/517/481 924/414/489 925/491/485
f 357/503/469 923/488/483 926/412/486
f 353/513/479 354/512/478 922/518/487
f 352/502/468 353/513/479 361/473/488
f 354/516/478 351/505/471 359/492/484
f 355/510/476 926/412/486 924/414/489
f 337/519/459 367/479/445 369/496/462
f 336/521/456 362/484/450 365/499/465
f 339/520/455 369/496/462 363/482/448
f 342/524/412 335/522/411 731/485/451
f 340/523/386 363/482/448 362/484/450
f 337/519/459 338/985/415 366/494/460
f 342/525/412 364/982/453 368/476/442
f 746/527/490 745/531/494 583/528/491
f 549/530/493 371/849/778 745/531/494
f 587/532/495 552/716/662 375/533/496
f 373/535/498 374/870/794 583/528/491
f 668/537/500 373/535/498 584/536/499
f 675/539/502 674/723/669 523/540/503
f 613/545/508 370/686/636 550/546/509
f 378/548/511 554/872/796 577/549/512
f 576/551/514 553/730/674 376/552/515
f 744/554/517 599/717/663 600/555/518
f 684/557/520 559/582/545 384/558/521
f 377/560/523 380/960/506 381/561/524
f 442/562/525 443/580/543 385/563/526
f 692/565/528 413/961/842 412/566/529
f 555/568/531 557/742/685 382/569/532
f 561/571/534 563/744/687 388/572/535
f 562/574/537 387/581/544 444/575/538
f 438/577/540 406/614/577 400/578/541
f 443/580/543 444/575/538 387/581/544
f 559/582/545 561/571/534 386/573/536
f 564/583/546 565/752/694 390/584/547
f 389/585/548 390/584/547 379/570/533
f 615/586/549 593/590/553 592/587/550
f 615/586/549 616/598/561 588/589/552
f 591/591/554 400/578/541 401/592/555
f 399/594/557 405/627/587 403/595/558
f 395/597/560 617/630/590 616/598/561
f 398/600/563 399/594/557 588/589/552
f 710/602/565 709/968/651 610/603/566
f 703/605/568 398/600/563 589/601/564
f 399/594/557 397/596/559 593/590/553
f 593/590/553 397/596/559 396/613/576
f 406/614/577 407/610/573 401/592/555
f 408/615/578 430/653/609 428/616/579
f 704/617/580 404/620/581 398/600/563
f 397/596/559 403/595/558 402/607/570
f 404/620/581 405/627/587 399/594/557
f 410/608/571 402/607/570 403/595/558
f 693/622/583 419/639/598 446/623/584
f 418/625/585 419/639/598 693/622/583
f 405/627/587 413/961/842 411/621/582
f 414/628/588 415/962/843 409/611/574
f 712/629/589 706/731/675 617/630/590
f 417/631/591 421/649/607 420/632/592
f 692/565/528 417/631/591 416/633/593
f 683/559/522 384/558/521 442/635/525
f 695/634/594 416/633/593 445/637/596
f 419/639/598 423/642/601 448/640/599
f 426/641/600 427/655/611 423/642/601
f 420/632/592 447/645/604 445/637/596
f 424/644/603 449/647/606 447/645/604
f 425/646/605 450/1175/756 449/647/606
f 446/648/584 448/651/599 421/649/607
f 422/643/602 423/642/601 419/639/598
f 421/649/607 425/646/605 424/644/603
f 614/547/510 621/690/639 601/650/608
f 448/651/599 450/1175/756 425/646/605
f 388/572/535 444/867/538 443/652/543
f 430/653/609 431/1176/1987 429/654/610
f 428/616/579 429/654/610 407/610/573
f 409/611/574 431/1176/1987 430/653/609
f 429/654/610 431/1176/1987 409/611/574
f 427/655/611 450/818/756 448/640/599
f 434/542/505 665/544/507 666/656/612
f 382/569/532 380/543/506 434/542/505
f 665/658/507 377/560/523 574/659/614
f 447/661/604 449/819/606 426/641/600
f 447/661/604 422/643/602 418/625/585
f 696/626/586 414/628/588 410/619/571
f 401/592/555 407/610/573 439/612/575
f 672/666/616 670/669/619 436/579/542
f 401/592/555 437/664/615 596/668/618
f 670/669/619 671/618/572 438/577/540
f 605/670/620 631/842/772 630/671/621
f 348/497/463 571/1190/648 456/673/623
f 440/674/624 441/681/631 436/579/542
f 375/533/496 433/880/800 441/681/631
f 455/682/632 453/851/780 452/683/633
f 591/591/554 629/679/629 619/678/628
f 619/678/628 391/680/630 370/686/636
f 594/676/626 667/957/501 669/687/637
f 381/561/524 380/960/506 685/688/595
f 621/690/639 626/840/770 612/691/640
f 473/692/641 531/801/679 532/693/642
f 454/684/634 452/683/633 451/695/644
f 569/698/647 453/969/780 571/699/648
f 624/701/650 603/766/708 709/702/651
f 370/686/636 391/680/630 454/684/634
f 482/706/653 542/855/783 543/707/654
f 547/711/657 721/886/806 722/712/658
f 746/527/490 744/554/517 460/714/660
f 587/532/495 601/650/608 464/715/661
f 599/717/663 463/896/813 462/718/664
f 600/555/518 462/718/664 676/719/665
f 577/549/512 554/872/796 467/721/667
f 614/547/510 550/546/509 459/725/671
f 580/726/672 466/732/676 674/727/669
f 576/551/514 581/881/801 465/729/673
f 589/601/564 617/630/590 706/731/675
f 684/557/520 687/802/741 473/692/641
f 466/732/676 467/721/667 470/733/677
f 474/735/678 532/750/642 531/736/679
f 697/738/681 698/965/731 501/739/682
f 555/568/531 468/753/695 471/741/684
f 561/571/534 475/694/643 477/743/686
f 562/574/537 566/576/539 533/745/688
f 489/747/690 495/777/719 527/748/691
f 532/750/642 474/735/678 476/746/689
f 559/582/545 473/692/641 475/694/643
f 564/583/546 478/754/696 479/751/693
f 468/753/695 479/751/693 478/754/696
f 606/755/697 607/758/700 622/756/698
f 607/758/700 602/764/706 623/759/701
f 604/672/622 490/776/718 489/747/690
f 488/760/702 486/771/713 492/761/703
f 484/763/705 483/858/786 623/759/701
f 602/764/706 488/760/702 487/765/707
f 609/767/709 681/831/761 682/768/710
f 603/766/708 487/765/707 708/770/712
f 602/764/706 607/758/700 486/771/713
f 679/772/714 809/833/763 808/773/715
f 607/758/700 606/755/697 485/775/717
f 490/776/718 496/783/725 495/777/719
f 497/778/720 495/777/719 517/779/721
f 487/765/707 493/788/728 707/781/723
f 486/771/713 485/775/717 491/782/724
f 488/760/702 494/762/704 493/788/728
f 499/787/716 500/794/734 492/761/703
f 535/789/729 508/807/746 699/790/730
f 699/790/730 508/807/746 507/792/732
f 494/762/704 492/761/703 500/794/734
f 498/785/727 504/964/844 503/795/735
f 713/796/736 484/763/705 624/701/650
f 506/797/737 505/800/740 509/798/738
f 697/738/681 700/805/744 505/800/740
f 531/801/679 473/692/641 687/802/741
f 534/804/743 505/800/740 700/805/744
f 508/807/746 535/789/729 537/808/747
f 511/810/749 512/809/748 516/811/750
f 534/804/743 536/813/752 509/798/738
f 536/813/752 538/815/754 513/814/753
f 538/815/754 539/821/757 514/816/755
f 510/799/739 537/820/747 535/817/729
f 508/807/746 512/809/748 511/810/749
f 510/799/739 509/798/738 513/814/753
f 450/818/756 427/655/611 426/641/600
f 537/820/747 510/799/739 514/816/755
f 532/693/642 533/877/688 477/743/686
f 518/822/758 520/823/759 519/780/722
f 496/783/725 518/822/758 517/779/721
f 498/785/727 497/778/720 519/780/722
f 498/785/727 520/823/759 518/822/758
f 537/808/747 539/879/757 516/811/750
f 579/722/668 463/896/813 551/824/760
f 468/753/695 523/540/503 469/724/670
f 376/552/515 379/570/533 434/542/505
f 536/825/752 511/810/749 515/812/751
f 507/792/732 511/810/749 536/825/752
f 495/777/719 497/778/720 808/773/715
f 701/828/745 499/774/716 503/795/735
f 490/776/718 526/967/845 528/784/726
f 681/831/761 609/767/709 525/749/692
f 610/603/566 526/967/845 490/776/718
f 679/772/714 680/832/762 525/749/692
f 525/749/692 527/748/691 809/833/763
f 618/834/764 628/900/814 590/593/556
f 548/835/765 572/876/792 345/481/447
f 529/836/766 489/747/690 525/749/692
f 464/715/661 529/836/766 530/837/767
f 543/707/654 542/855/783 540/844/774
f 626/840/770 631/842/772 605/670/620
f 459/725/671 480/841/771 626/840/770
f 600/555/518 677/720/666 678/846/776
f 689/847/742 469/734/670 470/733/677
f 371/849/778 392/909/816 372/850/779
f 453/851/780 569/869/647 567/697/646
f 541/852/775 572/864/792 545/853/781
f 451/695/644 540/844/774 542/855/783
f 459/725/671 457/696/645 542/855/783
f 484/763/705 545/853/781 544/857/785
f 570/859/787 730/983/805 728/477/443
f 633/861/789 635/914/811 653/862/790
f 394/599/562 724/978/853 720/866/793
f 444/867/538 388/572/535 563/744/687
f 541/845/775 540/844/774 567/697/646
f 374/870/794 551/824/760 586/529/492
f 378/548/511 381/561/524 556/871/795
f 383/564/527 385/563/526 560/873/797
f 686/689/638 383/564/527 558/874/798
f 387/581/544 562/574/537 560/873/797
f 390/584/547 565/752/694 555/568/531
f 553/730/674 564/583/546 389/585/548
f 572/876/792 568/950/649 347/500/466
f 563/744/687 477/743/686 533/877/688
f 676/878/665 675/539/502 582/541/504
f 515/812/751 516/811/750 539/879/757
f 433/880/800 375/533/496 575/553/516
f 602/764/706 603/766/708 624/701/650
f 467/721/667 554/872/796 556/871/795
f 472/737/680 558/874/798 560/873/797
f 470/733/677 556/871/795 690/875/799
f 476/746/689 474/735/678 560/873/797
f 479/751/693 468/753/695 555/568/531
f 553/730/674 465/729/673 478/754/696
f 638/882/802 636/927/820 632/883/803
f 730/885/805 729/971/846 721/886/806
f 570/887/787 725/976/851 727/888/807
f 481/890/809 719/972/847 716/891/810
f 635/892/811 634/884/804 655/893/812
f 522/843/773 582/541/504 581/881/801
f 668/895/500 433/880/800 578/657/613
f 552/716/662 464/715/661 581/881/801
f 463/896/813 579/722/668 580/726/672
f 573/550/513 577/549/512 551/824/760
f 552/716/662 576/551/514 575/553/516
f 574/659/614 573/550/513 374/870/794
f 524/708/655 625/604/567 630/671/621
f 463/896/813 599/717/663 586/529/492
f 589/601/564 588/589/552 616/598/561
f 625/604/567 610/603/566 604/672/622
f 681/897/761 606/755/697 627/757/699
f 672/899/616 673/1177/815 620/588/551
f 489/747/690 529/836/766 612/691/640
f 609/767/709 611/838/768 530/837/767
f 530/837/767 611/838/768 608/839/769
f 529/836/766 464/715/661 601/650/608
f 585/534/497 613/545/508 614/547/510
f 744/554/517 746/527/490 586/529/492
f 628/900/814 629/679/629 591/591/554
f 596/901/618 705/606/569 706/731/675
f 400/578/541 591/591/554 598/685/635
f 441/681/631 597/675/625 595/667/617
f 441/681/631 433/880/800 594/676/626
f 440/674/624 598/685/635 585/534/497
f 598/685/635 619/678/628 613/545/508
f 584/536/499 372/850/779 669/904/637
f 482/706/653 630/671/621 631/842/772
f 435/906/656 393/856/784 628/900/814
f 483/858/786 481/890/809 622/756/698
f 393/856/784 391/680/630 629/679/629
f 435/906/656 455/682/632 454/684/634
f 713/907/736 524/708/655 543/707/654
f 394/599/562 616/598/561 615/586/549
f 634/884/804 632/883/803 656/910/817
f 632/911/803 633/861/789 654/863/791
f 633/861/789 637/919/822 639/913/818
f 639/915/818 643/948/826 642/916/819
f 635/892/811 639/915/818 638/882/802
f 636/917/820 637/919/822 633/861/789
f 640/918/821 641/1178/1988 637/919/822
f 645/920/823 647/933/829 661/921/824
f 637/919/822 641/1178/1988 643/923/826
f 651/924/827 650/936/835 646/925/828
f 642/916/819 640/1182/821 636/927/820
f 664/928/830 646/925/828 644/929/831
f 661/931/824 647/926/829 646/925/828
f 649/932/833 651/941/827 647/933/829
f 663/934/832 644/937/831 645/920/823
f 644/937/831 648/942/837 649/932/833
f 653/862/790 658/1179/838 657/938/836
f 646/925/828 650/936/835 648/939/837
f 655/893/812 659/1180/840 658/943/838
f 654/863/791 657/938/836 660/944/839
f 546/713/659 658/1181/838 659/945/840
f 657/946/836 658/1181/838 546/713/659
f 548/865/765 659/945/840 660/947/839
f 660/947/839 657/946/836 483/858/786
f 643/923/826 641/1178/1988 662/922/825
f 664/928/830 642/916/819 643/948/826
f 662/922/825 641/1178/1988 640/918/821
f 384/558/521 386/573/536 443/652/543
f 663/930/832 640/1182/821 642/916/819
f 660/949/839 659/1180/840 655/893/812
f 673/905/815 672/666/616 595/667/617
f 568/950/649 571/1190/648 348/497/463
f 458/951/652 343/498/464 344/483/449
f 547/952/657 546/1183/659 735/495/461
f 371/849/778 714/975/850 718/953/841
f 726/486/452 725/979/851 570/954/787
f 620/588/551 673/1177/815 669/904/637
f 678/903/776 677/959/666 608/839/769
f 373/535/498 668/537/500 666/660/612
f 396/613/576 402/607/570 671/609/572
f 592/587/550 396/613/576 670/956/619
f 579/722/668 467/721/667 466/732/676
f 433/880/800 668/895/500 667/957/501
f 627/757/699 461/556/519 678/846/776
f 462/718/664 580/726/672 675/728/502
f 485/775/717 680/958/762 679/786/714
f 606/755/697 681/897/761 680/958/762
f 502/740/683 501/739/682 493/788/728
f 677/959/666 676/878/665 522/843/773
f 472/737/680 688/848/777 690/875/799
f 686/689/638 690/875/799 556/871/795
f 531/736/679 689/847/742 688/848/777
f 689/803/742 687/802/741 471/741/684
f 557/742/685 471/741/684 687/802/741
f 686/689/638 685/688/595 442/562/525
f 382/569/532 683/559/522 685/636/595
f 557/742/685 684/557/520 683/559/522
f 696/626/586 694/663/597 445/662/596
f 410/608/571 411/621/582 695/634/594
f 413/961/842 692/565/528 695/634/594
f 414/628/588 696/626/586 693/622/583
f 412/963/529 415/962/843 693/622/583
f 417/631/591 692/565/528 691/567/530
f 534/827/743 701/828/745 702/793/733
f 499/787/716 701/806/745 700/805/744
f 502/740/683 500/794/734 700/805/744
f 503/795/735 504/964/844 699/790/730
f 501/830/682 698/791/731 699/790/730
f 506/797/737 535/817/729 698/965/731
f 484/763/705 713/796/736 711/854/782
f 524/708/655 713/907/736 710/602/565
f 708/966/712 707/829/723 528/784/726
f 709/968/651 708/966/712 526/967/845
f 395/597/560 456/705/623 455/709/632
f 453/969/780 455/709/632 456/705/623
f 572/864/792 541/852/775 569/698/647
f 618/902/764 706/731/675 712/629/589
f 439/665/575 704/617/580 703/605/568
f 437/970/615 703/605/568 705/606/569
f 716/891/810 719/972/847 721/886/806
f 722/712/658 721/886/806 719/972/847
f 717/974/849 715/889/808 727/888/807
f 725/976/851 732/984/855 733/977/852
f 481/890/809 483/858/786 723/973/848
f 549/530/493 717/974/849 714/975/850
f 483/858/786 546/713/659 722/712/658
f 460/714/660 716/891/810 717/974/849
f 392/909/816 718/953/841 724/978/853
f 714/975/850 727/888/807 733/977/852
f 725/979/851 726/486/452 734/980/854
f 730/885/805 570/887/787 715/889/808
f 730/983/805 547/952/657 349/478/444
f 729/971/846 715/889/808 717/974/849
f 718/953/841 733/977/852 720/866/793
f 732/981/855 734/980/854 343/498/464
f 734/980/854 731/485/451 365/499/465
f 732/984/855 458/704/652 720/866/793
f 338/985/415 341/526/414 736/986/856
f 735/495/461 546/1183/659 548/835/765
f 736/986/856 368/476/442 349/478/444
f 322/472/437 333/462/425 742/987/475
f 324/459/422 327/425/398 740/989/472
f 323/418/391 324/459/422 741/990/480
f 333/462/425 319/461/424 743/992/467
f 293/424/397 322/472/437 738/988/473
f 293/424/397 739/993/470 740/989/472
f 23/46/46 37/1013/876 767/994/857
f 20/996/859 30/1015/878 764/997/860
f 63/86/86 1292/446/409 1773/999/862
f 23/46/46 1734/1030/889 1735/1001/864
f 53/72/72 772/217/211 760/1002/865
f 57/82/82 776/1014/877 775/1003/866
f 27/1004/867 33/1017/880 765/1005/868
f 112/1008/871 1/1/1 760/1002/865
f 17/1010/873 3/10/881 761/1011/874
f 37/1013/876 27/1004/867 768/1006/869
f 63/86/86 777/1000/863 776/1014/877
f 30/1015/878 17/1010/873 763/1012/875
f 54/77/77 773/1040/904 774/1016/879
f 33/1017/880 20/996/859 766/998/861
f 3/10/881 8/12/894 762/1018/882
f 759/1009/872 760/1002/865 751/1019/883
f 768/1006/869 765/1005/868 750/1021/885
f 766/998/861 764/997/860 752/1023/887
f 1734/1025/889 769/995/858 771/1026/890
f 768/1006/869 770/1022/886 749/1028/892
f 765/1005/868 766/998/861 756/1024/888
f 764/997/860 763/1012/875 748/1029/893
f 761/1011/874 747/1020/884 748/1029/893
f 8/12/894 112/1008/871 759/1009/872
f 749/1028/892 1764/1034/898 1766/1027/891
f 756/1024/888 1763/1037/901 1762/1031/895
f 752/1023/887 748/1029/893 1760/1032/896
f 770/1022/886 1765/1036/900 1764/1034/898
f 748/1029/893 747/1020/884 1758/1035/899
f 751/1019/883 1759/1048/912 1758/1035/899
f 770/1022/886 750/1021/885 1762/1031/895
f 752/1023/887 1761/1033/897 1763/1037/901
f 767/994/857 749/1028/892 771/1026/890
f 775/1003/866 776/1014/877 757/1038/902
f 773/1040/904 775/1003/866 758/1039/903
f 773/1040/904 753/1041/905 754/1042/906
f 772/217/211 755/1047/911 751/1019/883
f 1773/999/862 1775/1051/915 778/1043/907
f 1776/1044/908 755/1047/911 797/1045/909
f 54/77/77 62/81/81 775/1003/866
f 774/1016/879 754/1042/906 755/1047/911
f 751/1019/883 755/1047/911 1776/1044/908
f 40/64/64 44/95/95 1012/97/97
f 758/1039/903 1779/1053/917 1777/1049/913
f 1777/1049/913 1800/1058/930 795/1050/914
f 757/1038/902 778/1043/907 1775/1051/915
f 758/1039/903 757/1038/902 1780/1052/916
f 776/1014/877 777/1000/863 778/1043/907
f 37/1013/918 786/39/39 783/58/58
f 33/1017/920 785/53/53 782/32/32
f 17/1010/922 30/1015/923 784/34/34
f 27/1004/919 783/58/58 785/53/53
f 20/996/921 782/32/32 784/34/34
f 3/10/10 17/1010/922 781/55/55
f 780/30/30 15/25/25 6/19/19
f 240/271/264 176/257/250 199/314/306
f 130/176/176 134/172/172 302/368/341
f 377/560/523 378/548/511 573/550/513
f 404/620/581 412/566/529 413/961/842
f 584/536/499 583/528/491 745/531/494
f 1788/1055/925 334/467/430 331/466/926
f 85/109/109 787/169/169 793/168/168
f 86/110/110 793/168/168 792/165/165
f 85/109/109 82/122/122 824/1056/928
f 89/127/127 792/165/165 788/166/166
f 88/141/141 794/163/163 789/164/164
f 87/144/144 788/166/166 794/163/163
f 84/142/142 789/164/164 790/162/162
f 83/129/129 790/162/162 825/1057/929
f 1800/1058/930 1801/1076/947 800/1059/931
f 753/1041/905 795/1050/914 796/1063/935
f 754/1042/906 796/1063/935 797/1045/909
f 798/1064/934 1806/1067/938 1807/1065/936
f 779/1066/937 1805/1073/944 1806/1067/938
f 805/1068/939 779/1078/937 798/1062/934
f 806/1069/940 800/1059/931 802/1070/941
f 795/1050/914 800/1059/931 806/1069/940
f 779/1066/937 801/1185/949 1809/1072/943
f 807/1071/942 1818/1184/1895 1813/1074/945
f 1809/1072/943 801/1185/949 803/1075/946
f 1801/1076/947 1811/1077/948 802/1070/941
f 1811/1077/948 1818/1184/1895 807/1071/942
f 779/1078/937 805/1068/939 806/1069/940
f 801/1079/949 806/1069/940 807/1071/942
f 796/1063/935 795/1050/914 805/1068/939
f 797/1045/909 799/1060/932 1807/1065/936
f 796/1063/935 804/1061/933 799/1060/932
f 409/611/574 415/962/843 412/963/529
f 408/615/578 438/577/540 410/619/571
f 465/729/673 582/541/504 523/540/503
f 498/785/727 528/784/726 501/830/682
f 497/778/720 503/795/735 499/774/716
f 167/342/324 235/341/245 819/1080/275
f 165/300/293 236/346/227 818/1081/279
f 193/325/317 211/248/241 817/283/276
f 210/307/300 816/315/307 811/281/274
f 192/301/294 814/295/288 816/315/307
f 192/301/294 165/300/293 810/336/322
f 168/299/292 812/285/278 818/286/279
f 193/325/317 815/284/277 812/285/278
f 211/248/241 167/342/324 813/338/323
f 235/252/245 166/251/244 811/281/274
f 820/1083/951 114/156/156 90/147/147
f 820/1083/951 113/137/137 787/169/169
f 823/167/167 120/155/155 91/150/150
f 114/156/156 820/1083/951 824/1056/928
f 825/1057/929 823/167/167 114/156/156
f 827/180/180 828/185/185 136/171/171
f 828/185/185 1839/1186/1903 1090/174/174
f 826/179/179 130/176/176 133/188/188
f 826/179/179 827/180/180 135/173/173
f 830/216/210 831/207/205 147/1084/192
f 1843/1086/952 1101/1191/184 144/1087/186
f 829/213/208 144/1087/186 147/1084/192
f 833/118/118 1848/117/117 1022/200/200
f 832/125/125 833/118/118 74/197/197
f 835/157/157 834/8/8 9/104/104
f 1850/9/9 834/8/8 11/15/15
f 1855/1088/953 1096/212/207 140/206/204
f 837/198/198 137/208/206 138/215/209
f 836/201/201 140/206/204 137/208/206
f 839/161/161 841/100/100 124/124/124
f 841/100/100 840/170/170 68/116/116
f 840/170/170 1857/103/103 1014/1089/954
f 461/556/519 481/890/809 460/714/660
f 845/1090/955 844/1096/961 849/1091/956
f 846/1093/958 845/1090/955 850/1092/957
f 918/1095/960 843/1103/968 844/1096/961
f 848/1098/963 843/1103/968 842/1099/964
f 844/1096/961 843/1103/968 848/1098/963
f 917/1102/967 842/1099/964 843/1103/968
f 849/1091/956 848/1098/963 853/1104/969
f 858/1107/972 853/1104/969 852/1106/971
f 856/1109/974 855/1170/1035 860/1110/975
f 859/1112/977 854/1105/970 853/1104/969
f 865/1113/978 1879/1111/976 860/1110/975
f 859/1112/977 858/1107/972 862/1115/980
f 860/1110/975 859/1112/977 863/1116/981
f 858/1107/972 857/1108/973 861/1117/982
f 870/1118/983 865/1113/978 864/1114/979
f 863/1116/981 862/1115/980 867/1120/985
f 864/1114/979 863/1116/981 868/1121/986
f 862/1115/980 861/1117/982 866/1122/987
f 875/1123/988 870/1118/983 869/1119/984
f 872/1125/990 867/1120/985 866/1122/987
f 869/1119/984 868/1121/986 873/1127/992
f 875/1123/988 874/1124/989 879/1128/993
f 868/1121/986 867/1120/985 872/1125/990
f 872/1125/990 871/1126/991 876/1130/995
f 874/1124/989 873/1127/992 878/1132/997
f 873/1127/992 872/1125/990 877/1131/996
f 885/1133/998 880/1129/994 879/1128/993
f 879/1128/993 878/1132/997 883/1135/1000
f 877/1131/996 876/1130/995 881/1136/1001
f 883/1135/1000 878/1132/997 877/1131/996
f 890/1138/1003 885/1133/998 884/1134/999
f 889/1139/1004 884/1134/999 883/1135/1000
f 887/1141/1006 882/1137/1002 881/1136/1001
f 888/1140/1005 883/1135/1000 882/1137/1002
f 890/1138/1003 889/1139/1004 895/1143/1008
f 895/1143/1008 889/1139/1004 888/1140/1005
f 893/1146/1011 887/1141/1006 886/1142/1007
f 894/1145/1010 888/1140/1005 887/1141/1006
f 896/1144/1009 895/1143/1008 900/1148/1013
f 900/1148/1013 895/1143/1008 894/1145/1010
f 893/1146/1011 892/1147/1012 897/1151/1016
f 899/1150/1015 894/1145/1010 893/1146/1011
f 901/1149/1014 900/1148/1013 905/1153/1018
f 898/1152/1017 897/1151/1016 902/1155/1020
f 905/1153/1018 900/1148/1013 899/1150/1015
f 904/1157/1022 899/1150/1015 898/1152/1017
f 906/1154/1019 905/1153/1018 910/1158/1023
f 903/1156/1021 902/1155/1020 907/1160/1025
f 910/1158/1023 905/1153/1018 904/1157/1022
f 909/1162/1027 904/1157/1022 903/1156/1021
f 911/1159/1024 910/1158/1023 915/1163/1028
f 908/1161/1026 907/1160/1025 912/1165/1030
f 915/1163/1028 910/1158/1023 909/1162/1027
f 914/1167/1032 909/1162/1027 908/1161/1026
f 916/1164/1029 915/1163/1028 920/1168/1033
f 918/1095/960 913/1166/1031 912/1165/1030
f 920/1168/1033 915/1163/1028 914/1167/1032
f 919/1097/962 914/1167/1032 913/1166/1031
f 844/1096/961 845/1090/955 920/1168/1033
f 845/1090/955 846/1093/958 921/1169/1034
f 860/1110/975 855/1170/1035 854/1105/970
f 850/1092/957 849/1091/956 854/1105/970
f 853/1104/969 848/1098/963 847/1100/965
f 851/1094/959 850/1092/957 855/1170/1035
f 927/1/1036 933/3/1059 1061/2/1037
f 940/5/1039 1050/130/1165 1077/4/1040
f 928/7/7 1850/9/9 1849/8/1042
f 935/11/1044 1781/30/1062 930/10/1045
f 1029/13/1047 935/11/1044 941/14/1048
f 943/16/16 938/23/1055 939/15/1050
f 1061/2/1037 1062/27/1058 941/14/1048
f 1072/18/1051 934/19/1057 940/5/1039
f 1031/20/1052 1051/22/1138 1052/21/1053
f 944/24/24 932/29/1061 938/23/1055
f 946/26/1054 1052/21/1053 1062/27/1058
f 944/24/24 949/54/54 948/28/1060
f 1781/30/1062 945/25/1056 950/31/1063
f 932/29/1061 948/28/1060 950/31/1063
f 966/33/1065 954/38/1070 1783/32/1066
f 968/36/36 953/56/56 952/35/1068
f 967/37/1069 952/35/1068 954/38/1070
f 1787/39/1071 973/41/1076 958/40/1072
f 976/42/1074 974/44/44 957/43/43
f 973/41/1076 976/42/1074 956/45/1075
f 957/43/43 960/1007/870 959/47/1077
f 970/49/1078 963/57/1081 962/48/1079
f 970/49/1078 972/52/52 964/51/51
f 1786/53/1082 971/50/1080 962/48/1079
f 948/28/1060 967/37/1069 966/33/1065
f 949/54/54 968/36/36 967/37/1069
f 1782/55/1064 950/31/1063 966/33/1065
f 954/38/1070 971/50/1080 1786/53/1082
f 953/56/56 972/52/52 970/49/1078
f 952/35/1068 970/49/1078 971/50/1080
f 962/48/1079 963/57/1081 976/42/1074
f 963/57/1081 964/51/51 974/44/44
f 1784/58/1083 962/48/1079 973/41/1076
f 981/60/1084 983/62/1086 979/59/1085
f 983/62/1086 982/95/1113 929/61/1087
f 986/65/1089 985/99/1112 978/64/1090
f 984/67/1092 986/65/1089 980/66/1091
f 988/70/1094 990/74/1098 1108/69/1095
f 990/74/1098 989/75/1101 1109/73/1099
f 994/76/1100 993/83/1108 989/75/1101
f 992/77/1102 994/76/1100 990/74/1098
f 998/78/1103 997/80/1107 996/79/1104
f 1000/81/1106 995/82/1111 997/80/1107
f 1000/81/1106 998/78/1103 994/76/1100
f 998/78/1103 999/91/1105 993/83/1108
f 997/80/1107 1003/85/1391 1002/84/1109
f 1001/86/1110 1003/85/1391 997/80/1107
f 996/79/1104 1007/88/88 1008/87/87
f 993/83/1108 1006/90/90 1005/89/89
f 999/91/1105 1008/87/87 1006/90/90
f 1109/73/1099 1110/93/93 1004/92/92
f 1009/94/94 1007/88/88 996/79/1104
f 1012/97/97 1010/96/96 929/61/1087
f 987/63/1088 984/67/1092 977/68/1093
f 985/99/1112 1004/92/92 1011/98/98
f 942/101/1114 1856/161/1169 1859/100/1115
f 937/104/1043 1858/170/1180 1857/103/103
f 1015/105/1117 1019/112/1126 979/59/1085
f 1010/96/96 1020/107/107 1015/105/1117
f 1054/108/1119 1037/110/1135 1036/109/1120
f 933/3/1059 1013/106/1118 1018/111/1122
f 979/59/1085 1019/112/1126 1013/106/1118
f 1020/107/107 1028/113/113 1023/120/1123
f 1013/106/1118 1021/115/1127 1026/114/1124
f 1016/116/1125 1847/118/1133 1848/117/117
f 1019/112/1126 1027/119/1128 1021/115/1127
f 1015/105/1117 1023/120/1123 1027/119/1128
f 1033/122/1129 1034/129/1136 1055/121/1130
f 1075/124/1132 1846/125/1179 1847/118/1133
f 1053/126/1134 1040/127/1152 1037/110/1135
f 1034/129/1136 1035/142/1884 1056/128/1137
f 942/101/1114 1050/130/1165 1051/22/1138
f 934/19/1057 1029/13/1047 1030/131/1049
f 1068/132/1139 1045/134/1164 1044/133/1140
f 1048/135/1142 1045/134/1164 1068/132/1139
f 1064/137/1141 1044/133/1140 1833/138/1144
f 1046/139/1146 1048/135/1142 1067/136/1143
f 1056/128/1137 1035/142/1884 1039/141/1148
f 1059/143/1149 1039/141/1148 1038/144/1150
f 1060/145/1151 1038/144/1150 1040/127/1152
f 1058/146/1121 1036/109/1120 1033/122/1129
f 1070/153/1159 1043/151/1157 1047/152/1158
f 1069/154/1160 1047/152/1158 1046/139/1146
f 1042/150/1156 1043/151/1157 1070/153/1159
f 1065/156/1162 1041/147/1153 1834/148/1155
f 940/5/1039 1030/131/1049 1051/22/1138
f 1077/4/1040 1851/157/1178 1849/8/1042
f 1030/131/1049 941/14/1048 1052/21/1053
f 946/26/1054 1058/146/1121 1057/123/1131
f 1032/158/1166 1060/145/1151 1053/126/1134
f 1059/143/1149 1060/145/1151 1032/158/1166
f 1056/128/1137 1059/143/1149 1025/159/1167
f 1055/121/1130 1056/128/1137 1856/161/1169
f 1026/114/1124 1053/126/1134 1054/108/1119
f 1031/20/1052 1057/123/1131 1055/121/1130
f 1018/111/1122 1054/108/1119 1058/146/1121
f 1061/2/1037 935/11/1044 936/12/1046
f 1792/162/1170 1071/155/1161 1070/153/1159
f 1796/163/1172 1069/154/1160 1066/140/1147
f 1791/164/1171 1070/153/1159 1069/154/1160
f 1066/140/1147 1067/136/1143 1794/165/1174
f 1835/167/1163 1071/155/1161 1792/162/1170
f 1067/136/1143 1068/132/1139 1795/168/1176
f 1068/132/1139 1064/137/1141 1789/169/1177
f 1050/130/1165 942/101/1114 1851/157/1178
f 1017/160/1168 1025/159/1167 1846/125/1179
f 1073/102/1116 1859/100/1115 1858/170/1180
f 932/29/1061 1072/18/1051 1074/6/1041
f 1074/6/1041 1077/4/1040 939/15/1050
f 1088/173/1181 1087/172/1185 1081/175/1182
f 1089/171/1183 1081/175/1182 1079/426/399
f 1106/178/1188 1838/179/1187 1840/180/1189
f 1105/183/183 1085/182/182 1080/191/1191
f 1841/185/1193 1839/1186/1903 1101/184/184
f 1098/187/1195 1083/189/1200 1086/188/1196
f 1104/181/1192 1080/191/1191 1084/195/1197
f 1840/180/1189 1841/185/1193 1099/186/1194
f 1097/194/1199 1078/193/1201 1083/189/1200
f 1102/190/1198 1084/195/1197 1078/193/1201
f 1853/198/1203 1852/201/1206 1024/197/1204
f 1093/196/1202 1095/203/1211 1032/158/1166
f 1852/201/1206 1855/1088/953 1022/200/200
f 1854/202/1207 1853/198/1203 1076/199/1205
f 1032/158/1166 1095/203/1211 1854/202/1207
f 1102/204/1198 1097/205/1199 1021/115/1127
f 1097/205/1199 1098/211/1195 1093/196/1202
f 1845/207/1208 1842/213/1212 1094/206/1209
f 1104/209/1192 1102/204/1198 1027/119/1128
f 1098/211/1195 1100/210/1186 1095/203/1211
f 1842/213/1212 1843/1086/952 1096/212/207
f 1028/113/113 1105/214/183 1104/209/1192
f 1092/215/1213 1844/216/1214 1845/207/1208
f 1100/210/1186 1106/1085/1188 1844/216/1214
f 989/75/1101 1005/89/89 1110/93/93
f 1108/69/1095 1109/73/1099 985/99/1112
f 984/67/1092 1107/71/1096 1108/69/1095
f 983/62/1086 981/60/1084 977/68/1093
f 982/95/1113 983/62/1086 980/66/1091
f 991/72/1097 988/70/1094 1107/71/1096
f 1767/217/1215 1769/1016/1851 988/70/1094
f 1145/221/1219 1146/223/1222 1118/222/1220
f 1146/223/1222 1148/225/1305 1119/224/1223
f 1111/227/1224 1115/235/1234 1189/226/1225
f 1190/229/1227 1116/231/1239 1112/230/1228
f 1194/233/1230 1126/299/1299 1141/232/1231
f 1167/236/1233 1121/345/1327 1115/235/1234
f 1191/239/1236 1120/320/1334 1117/238/1237
f 1192/241/1238 1122/246/1243 1116/231/1239
f 1196/243/1240 1130/274/1272 1137/242/1241
f 1122/246/1243 1149/326/1322 1147/245/1244
f 1169/248/1245 1125/342/1899 1144/247/1246
f 1202/250/1248 1193/252/1326 1124/251/1249
f 1186/253/1251 1173/255/1277 1133/254/1252
f 1184/256/1254 1180/258/1270 1134/257/1255
f 1171/260/1257 1129/329/1325 1140/259/1258
f 1200/262/1260 1195/264/1324 1128/263/1261
f 1159/266/1263 1142/333/1301 1213/265/1264
f 1197/269/1266 1132/319/1280 1181/268/1267
f 1198/271/1269 1134/257/1255 1180/258/1270
f 1130/274/1272 1153/324/1321 1161/273/1273
f 1152/276/1274 1183/298/1297 1182/275/1275
f 1197/269/1266 1199/280/1311 1135/279/1279
f 1200/262/1260 1139/318/1262 1823/281/1281
f 1829/283/1283 1177/261/1259 1140/259/1258
f 1137/242/1241 1161/273/1273 1827/284/1285
f 1201/244/1242 1137/242/1241 1824/285/1286
f 1211/287/1288 1209/351/1330 1178/249/1247
f 1143/288/1250 1208/290/1329 1212/289/1289
f 1215/292/1290 1141/232/1231 1162/291/1291
f 1203/234/1232 1141/232/1231 1215/292/1290
f 1826/295/1294 1158/297/1298 1138/296/1295
f 1183/298/1297 1154/218/1216 1131/219/1218
f 1158/297/1298 1152/276/1274 1127/277/1276
f 1126/299/1299 1151/325/1900 1162/291/1291
f 1159/266/1263 1150/301/1901 1123/300/1300
f 1160/302/1302 1112/230/1228 1116/231/1239
f 1163/303/1303 1164/304/1304 1146/223/1222
f 1164/304/1304 1166/305/1318 1148/225/1305
f 1176/306/1306 1160/302/1302 1147/245/1244
f 1168/307/1307 1150/301/1901 1159/266/1263
f 1174/309/1309 1170/310/1323 1152/276/1274
f 1185/311/1310 1172/312/1314 1154/218/1216
f 1199/313/1311 1136/278/1278 1157/314/1312
f 1135/279/1279 1156/220/1217 1154/218/1216
f 1174/309/1309 1158/297/1298 1826/295/1294
f 1218/316/1316 1175/308/1308 1159/266/1263
f 1143/288/1250 1175/308/1308 1218/316/1316
f 1139/318/1262 1174/309/1309 1828/315/1315
f 1132/319/1280 1172/312/1314 1185/311/1310
f 1128/263/1261 1170/310/1323 1174/309/1309
f 1124/251/1249 1168/307/1307 1175/308/1308
f 1111/227/1224 1176/306/1306 1165/237/1235
f 1117/238/1237 1120/320/1334 1166/305/1318
f 1113/321/1319 1117/238/1237 1164/304/1304
f 1162/291/1291 1178/249/1247 1219/322/1320
f 1827/284/1285 1161/273/1273 1177/261/1259
f 1155/323/1256 1157/314/1312 1136/278/1278
f 1153/324/1321 1171/260/1257 1177/261/1259
f 1155/323/1256 1173/255/1277 1186/253/1251
f 1162/291/1291 1151/325/1900 1169/248/1245
f 1149/326/1322 1167/236/1233 1165/237/1235
f 1184/256/1254 1186/253/1251 1171/260/1257
f 1181/268/1267 1185/311/1310 1170/310/1323
f 1156/220/1217 1204/1187/1313 1198/327/1269
f 1170/310/1323 1185/311/1310 1183/298/1297
f 1180/258/1270 1184/256/1254 1153/324/1321
f 1205/272/1271 1180/258/1270 1130/274/1272
f 1206/270/1268 1181/268/1267 1128/263/1261
f 1171/260/1257 1186/253/1251 1179/328/1253
f 1129/329/1325 1179/328/1253 1206/330/1268
f 1127/277/1276 1182/275/1275 1205/331/1271
f 1199/280/1311 1204/1187/1313 1156/220/1217
f 1119/224/1223 1148/225/1305 1216/267/1265
f 1213/265/1264 1142/333/1301 1203/332/1232
f 1202/334/1248 1212/335/1289 1211/287/1288
f 1822/336/1296 1138/296/1295 1201/337/1242
f 1825/338/1284 1140/259/1258 1200/339/1260
f 1136/278/1278 1199/313/1311 1197/340/1266
f 1182/275/1275 1131/219/1218 1198/327/1269
f 1179/328/1253 1133/254/1252 1197/340/1266
f 1129/329/1325 1195/1172/1324 1200/339/1260
f 1144/247/1246 1125/342/1899 1193/341/1326
f 1138/296/1295 1127/277/1276 1196/343/1240
f 1118/222/1220 1119/224/1223 1192/344/1238
f 1121/345/1327 1191/355/1236 1189/226/1225
f 1142/333/1301 1123/300/1300 1194/346/1230
f 1190/348/1227 1188/1188/1229 1114/347/1221
f 1187/349/1226 1189/240/1225 1117/238/1237
f 1211/287/1288 1212/335/1289 1222/353/1328
f 1167/236/1233 1209/351/1330 1210/354/1332
f 1210/354/1332 1207/357/1333 1191/355/1236
f 1207/356/1333 1208/290/1329 1120/320/1334
f 1221/352/1331 1222/353/1328 1207/357/1333
f 1119/224/1223 1213/265/1264 1220/358/1293
f 1217/293/1292 1219/322/1320 1167/236/1233
f 1120/320/1334 1214/317/1317 1218/316/1316
f 1166/305/1318 1218/316/1316 1216/267/1265
f 1122/246/1243 1215/292/1290 1217/293/1292
f 1220/294/1293 1215/292/1290 1122/246/1243
f 1266/359/1335 1228/361/1349 1223/360/1336
f 1268/362/1338 1227/364/1341 1230/363/1339
f 1267/365/1337 1223/360/1336 1227/364/1341
f 1270/368/1342 1231/367/1350 1226/375/1343
f 1245/370/1345 1249/401/1404 1279/369/1346
f 1272/373/1348 1225/372/1374 1228/361/1349
f 1271/366/1344 1226/375/1343 1224/411/384
f 1229/376/349 1225/372/1374 1272/373/1348
f 1269/378/1340 1230/363/1339 1231/367/1350
f 1234/380/1351 1237/388/1390 1252/379/1352
f 1253/384/1354 1235/383/1362 1233/440/407
f 1255/386/359 1238/385/358 1234/380/1351
f 1252/379/1352 1237/388/1390 1232/392/1355
f 1258/391/1357 1236/390/1360 1239/410/1358
f 1257/387/1356 1232/392/1355 1236/390/1360
f 1250/393/1361 1240/394/1373 1235/383/1362
f 1247/396/1363 1241/399/1366 1276/395/1364
f 1241/399/1366 1246/422/1380 1277/398/1367
f 1279/369/1346 1249/401/1404 1244/400/1368
f 1288/402/1370 1289/403/1385 1278/371/1347
f 1243/404/1371 1247/396/1363 1275/397/1365
f 1244/400/1368 1242/1173/1406 1282/406/379
f 1283/408/381 1248/409/382 1243/404/1371
f 1231/367/1350 1250/393/1361 1253/384/1354
f 1223/360/1336 1257/387/1356 1258/391/1357
f 1227/364/1341 1258/391/1357 1256/389/1359
f 1228/361/1349 1252/379/1352 1257/387/1356
f 1256/389/1359 1239/410/1358 1240/394/1373
f 1229/376/349 1255/386/359 1251/381/1353
f 1226/375/1343 1253/384/1354 1254/382/355
f 1225/372/1374 1251/381/1353 1252/379/1352
f 1324/413/1375 1323/489/1432 1945/412/1376
f 1303/415/1378 1262/417/1399 1260/416/389
f 1265/419/392 1261/454/1400 1301/418/1379
f 1246/422/1380 1308/423/1383 1306/421/1381
f 1259/424/1382 1264/475/1403 1308/423/1383
f 1230/363/1339 1256/389/1359 1250/393/1361
f 1085/182/182 1274/377/350 1272/373/1348
f 1081/175/1182 1271/366/1344 1273/374/347
f 1080/191/1191 1272/373/1348 1266/359/1335
f 1087/172/1185 1270/368/1342 1271/366/1344
f 1078/193/1201 1267/365/1337 1268/362/1338
f 1083/189/1200 1268/362/1338 1269/378/1340
f 1084/195/1197 1266/359/1335 1267/365/1337
f 1289/403/1385 1288/402/1370 1240/394/1373
f 1283/408/381 1281/405/1372 1285/427/1386
f 1280/407/1369 1282/406/379 1291/429/402
f 1281/405/1372 1275/397/1365 1284/431/1388
f 1279/369/1346 1280/407/1369 1290/430/1387
f 1188/432/1229 1236/390/1360 1232/392/1355
f 1112/433/1228 1239/410/1358 1236/390/1360
f 1275/397/1365 1276/395/1364 1287/434/1389
f 1112/433/1228 1160/435/1302 1289/403/1385
f 1237/388/1390 1284/431/1388 1287/434/1389
f 1285/427/1386 1284/431/1388 1237/388/1390
f 1286/428/401 1285/427/1386 1234/380/1351
f 1240/394/1373 1288/402/1370 1290/430/1387
f 1235/383/1362 1290/430/1387 1291/429/402
f 1176/441/1306 1278/371/1347 1289/403/1385
f 1114/442/1221 1232/392/1355 1287/434/1389
f 1145/443/1219 1287/434/1389 1276/395/1364
f 1163/444/1303 1276/395/1364 1277/398/1367
f 1278/371/1347 1176/441/1306 1111/439/1224
f 1245/370/1345 1278/371/1347 1277/398/1367
f 1293/445/408 1009/94/94 1002/84/1109
f 1292/446/409 1293/445/408 1003/85/1391
f 1941/447/1392 1326/449/1419 1319/448/1393
f 1344/450/1395 1322/452/1436 1325/451/1396
f 1297/453/1398 1295/1189/1986 1260/416/389
f 1300/455/418 1296/461/1407 1261/454/1400
f 1294/456/1401 1298/458/1416 1263/457/1402
f 1249/401/1404 1306/421/1381 1303/415/1378
f 1307/425/1384 1308/423/1383 1246/422/1380
f 1302/459/1405 1307/425/1384 1241/399/1366
f 1305/420/393 1301/418/1379 1243/404/1371
f 1244/400/1368 1303/415/1378 1304/460/423
f 1243/404/1371 1301/418/1379 1302/459/1405
f 1313/464/427 1310/463/1414 1296/461/1407
f 1315/465/428 1295/1189/1986 1297/453/1398
f 1314/468/431 1788/1055/925 1318/467/1411
f 1316/470/433 1314/468/431 1309/469/1412
f 1310/463/1414 1313/464/427 1316/470/433
f 1318/467/1415 1311/466/1410 1297/453/1398
f 1310/463/1408 1312/471/1418 1299/472/1417
f 1312/471/1418 1309/469/1420 1294/456/1401
f 1345/473/1397 1325/451/1396 1326/474/1419
f 1298/458/1416 1297/453/1398 1262/417/1399
f 1298/458/1416 1294/456/1401 1309/469/1420
f 1299/472/1417 1294/456/1401 1264/475/1403
f 1264/475/1403 1263/457/1402 1306/421/1381
f 1303/415/1378 1306/421/1381 1263/457/1402
f 1352/476/1421 1333/478/1832 1712/477/1422
f 1351/479/1424 1329/481/1740 1330/480/1425
f 1328/483/1427 1332/497/1439 1347/482/1428
f 1710/486/1430 1718/980/1830 1715/485/1431
f 1323/489/1432 1321/493/1466 1942/488/1433
f 1320/490/1434 1324/413/1375 1943/414/1377
f 1343/492/1394 1319/448/1393 1320/490/1434
f 1942/488/1433 1321/493/1466 1322/452/1436
f 1350/494/1426 1330/480/1425 1719/495/1437
f 1332/497/1439 1331/500/1443 1353/496/1440
f 1327/498/1441 1328/483/1427 1346/484/1429
f 1331/500/1443 1329/481/1740 1351/479/1424
f 1727/501/1444 1341/503/1452 1336/502/1445
f 1335/505/1446 1342/508/1449 1723/504/1447
f 1342/508/1449 1340/517/1457 1722/507/1450
f 1726/509/1451 1339/510/1462 1341/503/1452
f 1721/511/1453 1337/513/1456 1338/512/1454
f 1261/514/1400 1336/502/1445 1337/513/1456
f 1725/515/1455 1338/516/1454 1335/505/1446
f 1340/517/1457 1339/510/1462 1726/509/1451
f 1341/503/1452 1942/488/1989 1344/450/1458
f 1343/492/1459 1944/491/1460 1342/508/1449
f 1944/491/1460 1943/414/1465 1340/517/1457
f 1945/412/1461 1942/488/1989 1341/503/1452
f 1337/513/1456 1345/473/1464 1941/518/1463
f 1336/502/1445 1344/450/1458 1345/473/1464
f 1338/516/1454 1941/447/1463 1343/492/1459
f 1943/414/1465 1945/412/1461 1339/510/1462
f 1353/496/1440 1351/479/1424 1321/519/1466
f 1349/499/1442 1346/484/1429 1320/521/1434
f 1347/482/1428 1353/496/1440 1323/520/1432
f 1326/524/1419 1348/487/1423 1715/485/1431
f 1346/484/1429 1347/482/1428 1324/523/1375
f 1321/519/1466 1351/479/1424 1350/494/1426
f 1352/476/1421 1348/982/1423 1326/525/1419
f 1730/527/1467 1570/529/1763 1567/528/1468
f 1533/530/1470 1730/527/1467 1729/531/1469
f 1571/532/1472 1569/534/1786 1359/533/1473
f 1567/528/1468 1358/870/1764 1357/535/1475
f 1568/536/1476 1357/535/1475 1652/537/1477
f 1659/539/1479 1566/541/1769 1507/540/1480
f 1534/546/1485 1354/686/1616 1597/545/1486
f 1561/549/1488 1538/872/1990 1362/548/1489
f 1560/551/1491 1559/553/1771 1360/552/1492
f 1584/555/1494 1583/717/1645 1728/554/1495
f 1668/557/1497 1667/559/1573 1368/558/1498
f 1361/560/1500 1362/548/1489 1365/561/1501
f 1369/563/1502 1427/580/1520 1426/562/1503
f 1676/565/1505 1675/567/1563 1396/566/1506
f 1539/568/1508 1363/570/1525 1366/569/1509
f 1545/571/1511 1370/573/1521 1372/572/1512
f 1546/574/1514 1550/576/1668 1428/575/1515
f 1384/578/1517 1390/614/1554 1422/577/1518
f 1427/580/1520 1369/563/1502 1371/581/1516
f 1543/582/1499 1368/558/1498 1370/573/1521
f 1548/583/1522 1373/585/1526 1374/584/1523
f 1363/570/1525 1374/584/1523 1373/585/1526
f 1599/586/1527 1604/588/1784 1576/587/1528
f 1599/586/1527 1577/590/1529 1572/589/1530
f 1575/591/1532 1574/593/1598 1385/592/1533
f 1383/594/1534 1381/596/1553 1387/595/1535
f 1379/597/1537 1378/599/1634 1600/598/1531
f 1572/589/1530 1383/594/1534 1382/600/1539
f 1594/603/1541 1693/968/1631 1694/602/1542
f 1573/601/1540 1382/600/1539 1687/605/1544
f 1577/590/1529 1381/596/1553 1383/594/1534
f 1577/590/1529 1576/587/1528 1380/613/1552
f 1385/592/1533 1391/610/1549 1390/614/1554
f 1392/615/1555 1390/614/1554 1412/616/1556
f 1382/600/1539 1388/620/1559 1688/617/1558
f 1381/596/1553 1380/613/1552 1386/607/1546
f 1383/594/1534 1389/627/1536 1388/620/1559
f 1387/595/1535 1386/607/1546 1394/608/1548
f 1430/623/1561 1403/639/1578 1677/622/1562
f 1677/622/1562 1403/639/1578 1402/625/1564
f 1389/627/1536 1387/595/1535 1395/621/1560
f 1393/611/1551 1399/962/1819 1398/628/1566
f 1696/629/1567 1379/597/1537 1601/630/1538
f 1401/631/1569 1400/633/1572 1404/632/1570
f 1676/565/1505 1679/634/1576 1400/633/1572
f 1426/635/1503 1368/558/1498 1667/559/1573
f 1429/637/1575 1400/633/1572 1679/634/1576
f 1403/639/1578 1430/623/1561 1432/640/1579
f 1407/642/1580 1411/655/1591 1410/641/1581
f 1429/637/1575 1431/645/1583 1404/632/1570
f 1431/645/1583 1433/647/1585 1408/644/1584
f 1433/647/1585 1434/1175/1588 1409/646/1586
f 1405/649/1571 1432/651/1579 1430/648/1561
f 1403/639/1578 1407/642/1580 1406/643/1582
f 1405/649/1571 1404/632/1570 1408/644/1584
f 1585/650/1587 1605/690/1620 1598/547/1487
f 1432/651/1579 1405/649/1571 1409/646/1586
f 1427/652/1520 1428/867/1515 1372/572/1512
f 1413/654/1589 1415/1176/1590 1414/653/1557
f 1391/610/1549 1413/654/1589 1412/616/1556
f 1393/611/1551 1392/615/1555 1414/653/1557
f 1393/611/1551 1415/1176/1590 1413/654/1589
f 1432/640/1579 1434/818/1588 1411/655/1591
f 1650/656/1592 1649/544/1483 1418/542/1482
f 1418/542/1482 1364/543/1484 1366/569/1509
f 1558/659/1594 1361/560/1500 1649/658/1483
f 1431/661/1583 1406/643/1582 1410/641/1581
f 1402/625/1564 1406/643/1582 1431/661/1583
f 1680/626/1565 1678/663/1577 1394/619/1548
f 1385/592/1533 1421/664/1822 1423/612/1550
f 1656/666/1595 1579/667/1611 1420/579/1519
f 1580/668/1597 1421/664/1822 1385/592/1533
f 1654/669/1596 1420/579/1519 1422/577/1518
f 1589/670/1599 1588/672/1680 1614/671/1600
f 1440/673/1602 1555/1190/1629 1332/497/1439
f 1424/674/1603 1384/578/1517 1420/579/1519
f 1359/533/1473 1424/674/1603 1425/681/1604
f 1439/682/1613 1438/684/1625 1436/683/1614
f 1575/591/1532 1582/685/1788 1603/678/1608
f 1354/686/1616 1375/680/1609 1603/678/1608
f 1653/687/1617 1651/957/1478 1578/676/1607
f 1669/688/1574 1364/960/1484 1365/561/1501
f 1596/691/1619 1610/840/1745 1605/690/1620
f 1457/692/1621 1459/694/1666 1516/693/1622
f 1435/695/1624 1436/683/1614 1438/684/1625
f 1553/698/1628 1552/700/1768 1555/699/1629
f 1608/701/1630 1694/703/1542 1693/702/1631
f 1354/686/1616 1441/696/1626 1438/684/1625
f 1527/707/1635 1526/855/1749 1466/706/1636
f 1706/712/1639 1705/886/1776 1531/711/1640
f 1444/714/1642 1728/554/1495 1730/527/1467
f 1571/532/1472 1536/716/1474 1448/715/1643
f 1446/718/1644 1447/896/1734 1583/717/1645
f 1660/719/1646 1446/718/1644 1584/555/1494
f 1451/721/1648 1538/872/1990 1561/549/1488
f 1598/547/1487 1605/690/1620 1443/725/1651
f 1658/727/1481 1450/732/1656 1564/726/1652
f 1560/551/1491 1537/730/1493 1449/729/1653
f 1573/601/1540 1689/606/1545 1690/731/1568
f 1668/557/1497 1543/582/1499 1457/692/1621
f 1450/732/1656 1453/734/1650 1454/733/1657
f 1515/736/1623 1516/750/1622 1458/735/1658
f 1681/738/1660 1486/740/1818 1485/739/1661
f 1539/568/1508 1541/742/1510 1455/741/1663
f 1545/571/1511 1547/744/1513 1461/743/1665
f 1546/574/1514 1460/746/1672 1517/745/1667
f 1511/748/1669 1479/777/1696 1473/747/1670
f 1516/750/1622 1517/745/1667 1460/746/1672
f 1543/582/1499 1545/571/1511 1459/694/1666
f 1548/583/1522 1549/752/1524 1463/751/1673
f 1462/754/1674 1463/751/1673 1452/753/1664
f 1606/756/1675 1591/758/1679 1590/755/1676
f 1607/759/1678 1586/764/1687 1591/758/1679
f 1473/747/1670 1474/776/1697 1588/672/1680
f 1472/760/1681 1478/762/1710 1476/761/1682
f 1468/763/1684 1608/701/1630 1607/759/1678
f 1471/765/1686 1472/760/1681 1586/764/1687
f 1666/768/1688 1665/831/1737 1593/767/1689
f 1692/770/1691 1471/765/1686 1587/766/1632
f 1586/764/1687 1472/760/1681 1470/771/1683
f 1820/773/1692 1821/833/1898 1663/772/1693
f 1591/758/1679 1470/771/1683 1469/775/1695
f 1479/777/1696 1480/783/1702 1474/776/1697
f 1481/778/1698 1503/780/1731 1501/779/1699
f 1691/781/1700 1477/788/1705 1471/765/1686
f 1470/771/1683 1476/761/1682 1475/782/1701
f 1477/788/1705 1478/762/1710 1472/760/1681
f 1476/761/1682 1484/794/1711 1483/787/1694
f 1683/790/1706 1492/807/1721 1519/789/1707
f 1491/792/1708 1492/807/1721 1683/790/1706
f 1478/762/1710 1486/740/1818 1484/794/1711
f 1487/795/1712 1488/964/1820 1482/785/1703
f 1697/796/1713 1694/703/1542 1608/701/1630
f 1490/797/1714 1494/799/1730 1493/798/1715
f 1681/738/1660 1490/797/1714 1489/800/1716
f 1671/802/1655 1457/692/1621 1515/801/1623
f 1684/805/1717 1489/800/1716 1518/804/1719
f 1492/807/1721 1496/809/1725 1521/808/1722
f 1495/810/1723 1499/812/1735 1500/811/1724
f 1493/798/1715 1520/813/1727 1518/804/1719
f 1497/814/1726 1522/815/1729 1520/813/1727
f 1498/816/1728 1523/821/1770 1522/815/1729
f 1519/817/1707 1521/820/1722 1494/799/1730
f 1495/810/1723 1496/809/1725 1492/807/1721
f 1494/799/1730 1498/816/1728 1497/814/1726
f 1410/641/1581 1411/655/1591 1434/818/1588
f 1521/820/1722 1523/821/1770 1498/816/1728
f 1461/743/1665 1517/877/1667 1516/693/1622
f 1503/780/1731 1504/823/1991 1502/822/1732
f 1501/779/1699 1502/822/1732 1480/783/1702
f 1482/785/1703 1504/823/1991 1503/780/1731
f 1502/822/1732 1504/823/1991 1482/785/1703
f 1500/811/1724 1523/879/1770 1521/808/1722
f 1563/722/1649 1561/549/1488 1535/824/1733
f 1452/753/1664 1455/741/1663 1453/724/1650
f 1360/552/1492 1562/657/1593 1418/542/1482
f 1520/825/1727 1522/826/1729 1499/812/1735
f 1520/825/1727 1495/810/1723 1491/792/1708
f 1820/773/1692 1481/778/1698 1479/777/1696
f 1487/795/1712 1483/774/1694 1685/828/1720
f 1474/776/1697 1480/783/1702 1512/784/1704
f 1665/831/1737 1664/832/1817 1509/749/1671
f 1474/776/1697 1510/967/1736 1594/603/1541
f 1509/749/1671 1664/832/1817 1663/772/1693
f 1663/772/1693 1821/833/1898 1511/748/1669
f 1574/593/1598 1612/900/1787 1602/834/1738
f 1532/835/1739 1330/480/1425 1329/481/1740
f 1513/836/1742 1514/837/1747 1509/749/1671
f 1448/715/1643 1506/843/1783 1514/837/1747
f 1527/707/1635 1525/845/1753 1524/844/1748
f 1589/670/1599 1615/842/1601 1610/840/1745
f 1610/840/1745 1464/841/1746 1443/725/1651
f 1662/846/1750 1661/720/1647 1584/555/1494
f 1454/733/1657 1453/734/1650 1673/847/1718
f 1356/850/1752 1376/909/1789 1355/849/1471
f 1551/697/1627 1553/869/1628 1437/851/1615
f 1525/852/1753 1695/854/1821 1529/853/1754
f 1526/855/1749 1524/844/1748 1435/695/1624
f 1443/725/1651 1464/841/1746 1526/855/1749
f 1528/857/1756 1529/853/1754 1468/763/1684
f 1554/859/1757 1334/860/1816 1712/477/1422
f 1637/862/1759 1619/914/1782 1617/861/1760
f 1704/866/1762 1708/978/1829 1378/599/1634
f 1547/744/1513 1372/572/1512 1428/867/1515
f 1525/845/1753 1553/869/1628 1551/697/1627
f 1570/529/1763 1535/824/1733 1358/870/1764
f 1362/548/1489 1538/872/1990 1540/871/1765
f 1367/564/1504 1542/874/1767 1544/873/1766
f 1670/689/1618 1674/875/1772 1542/874/1767
f 1544/873/1766 1546/574/1514 1371/581/1516
f 1539/568/1508 1549/752/1524 1374/584/1523
f 1537/730/1493 1360/552/1492 1373/585/1526
f 1556/876/1741 1329/481/1740 1331/500/1443
f 1517/877/1667 1461/743/1665 1547/744/1513
f 1660/878/1646 1506/843/1783 1566/541/1769
f 1523/879/1770 1500/811/1724 1499/812/1735
f 1559/553/1771 1359/533/1473 1417/880/1612
f 1608/701/1630 1587/766/1632 1586/764/1687
f 1540/871/1765 1538/872/1990 1451/721/1648
f 1544/873/1766 1542/874/1767 1456/737/1659
f 1674/875/1772 1540/871/1765 1454/733/1657
f 1460/746/1672 1546/574/1514 1544/873/1766
f 1463/751/1673 1549/752/1524 1539/568/1508
f 1537/730/1493 1548/583/1522 1462/754/1674
f 1616/883/1773 1620/927/1795 1622/882/1774
f 1705/886/1776 1713/971/1831 1714/885/1758
f 1554/887/1757 1699/889/1826 1711/888/1777
f 1700/891/1779 1703/972/1823 1465/890/1780
f 1639/893/1781 1618/884/1775 1619/892/1782
f 1506/843/1783 1448/715/1643 1565/881/1654
f 1562/657/1593 1417/880/1612 1652/895/1477
f 1536/716/1474 1560/551/1491 1565/881/1654
f 1564/726/1652 1563/722/1649 1447/896/1734
f 1535/824/1733 1561/549/1488 1557/550/1490
f 1536/716/1474 1359/533/1473 1559/553/1771
f 1358/870/1764 1557/550/1490 1558/659/1594
f 1614/671/1600 1609/604/1543 1508/708/1637
f 1447/896/1734 1535/824/1733 1570/529/1763
f 1600/598/1531 1572/589/1530 1573/601/1540
f 1609/604/1543 1614/671/1600 1588/672/1680
f 1665/897/1737 1666/898/1688 1611/757/1677
f 1656/899/1595 1576/587/1528 1604/588/1784
f 1473/747/1670 1589/670/1599 1596/691/1619
f 1514/837/1747 1595/838/1743 1593/767/1689
f 1514/837/1747 1506/843/1783 1592/839/1744
f 1513/836/1742 1596/691/1619 1585/650/1587
f 1569/534/1786 1571/532/1472 1598/547/1487
f 1728/554/1495 1583/717/1645 1570/529/1763
f 1612/900/1787 1574/593/1598 1575/591/1532
f 1690/731/1568 1689/606/1545 1580/901/1597
f 1384/578/1517 1424/674/1603 1582/685/1788
f 1579/667/1611 1581/675/1605 1425/681/1604
f 1425/681/1604 1581/675/1605 1578/676/1607
f 1424/674/1603 1359/533/1473 1569/534/1786
f 1582/685/1788 1569/534/1786 1597/545/1486
f 1568/536/1476 1651/538/1478 1653/904/1617
f 1615/842/1601 1614/671/1600 1466/706/1636
f 1612/900/1787 1377/856/1755 1419/906/1638
f 1606/756/1675 1465/890/1780 1467/858/1685
f 1613/679/1610 1375/680/1609 1377/856/1755
f 1419/906/1638 1377/856/1755 1438/684/1625
f 1697/907/1713 1695/908/1821 1527/707/1635
f 1378/599/1634 1376/909/1789 1599/586/1527
f 1640/910/1790 1616/883/1773 1618/884/1775
f 1638/863/1761 1617/861/1760 1616/911/1773
f 1617/861/1760 1619/914/1782 1623/913/1791
f 1623/915/1791 1622/882/1774 1626/916/1793
f 1619/892/1782 1618/884/1775 1622/882/1774
f 1617/861/1760 1621/919/1792 1620/917/1795
f 1621/919/1792 1625/1178/1800 1624/918/1796
f 1645/921/1797 1631/933/1803 1629/920/1798
f 1621/919/1792 1623/913/1791 1627/923/1794
f 1630/925/1801 1634/936/1808 1635/924/1802
f 1620/927/1795 1624/1182/1796 1626/916/1793
f 1648/928/1804 1647/930/1807 1628/929/1805
f 1645/931/1797 1648/928/1804 1630/925/1801
f 1631/933/1803 1635/941/1802 1633/932/1806
f 1647/934/1807 1646/922/1799 1629/920/1798
f 1628/937/1805 1629/920/1798 1633/932/1806
f 1637/862/1759 1638/863/1761 1641/938/1811
f 1630/925/1801 1628/929/1805 1632/939/1810
f 1639/893/1781 1637/894/1759 1642/943/1812
f 1638/863/1761 1640/912/1790 1644/944/1814
f 1530/713/1641 1532/865/1739 1643/945/1813
f 1530/713/1641 1642/1181/1812 1641/946/1811
f 1532/865/1739 1528/857/1756 1644/947/1814
f 1467/858/1685 1641/946/1811 1644/947/1814
f 1646/922/1799 1625/1178/1800 1627/923/1794
f 1648/928/1804 1645/931/1797 1627/948/1794
f 1646/922/1799 1647/934/1807 1624/918/1796
f 1368/558/1498 1426/635/1503 1427/652/1520
f 1647/930/1807 1648/928/1804 1626/916/1793
f 1639/893/1781 1643/1180/1813 1644/949/1814
f 1579/667/1611 1656/666/1595 1657/905/1785
f 1332/497/1439 1555/1190/1629 1552/950/1768
f 1442/951/1633 1440/673/1602 1328/483/1427
f 1531/952/1640 1333/478/1832 1719/495/1437
f 1702/953/1815 1698/975/1828 1355/849/1471
f 1554/954/1757 1709/979/1778 1710/486/1430
f 1653/904/1617 1657/1177/1785 1604/588/1784
f 1592/839/1744 1661/959/1647 1662/903/1750
f 1650/660/1592 1652/537/1477 1357/535/1475
f 1380/613/1552 1654/956/1596 1655/609/1547
f 1576/587/1528 1656/899/1595 1654/956/1596
f 1563/722/1649 1564/726/1652 1450/732/1656
f 1651/957/1478 1652/895/1477 1417/880/1612
f 1611/757/1677 1666/898/1688 1662/846/1750
f 1446/718/1644 1660/719/1646 1659/728/1479
f 1469/775/1695 1475/782/1701 1663/786/1693
f 1590/755/1676 1469/775/1695 1664/958/1817
f 1477/788/1705 1485/739/1661 1486/740/1818
f 1506/843/1783 1660/878/1646 1661/959/1647
f 1456/737/1659 1542/874/1767 1674/875/1772
f 1540/871/1765 1674/875/1772 1670/689/1618
f 1672/848/1751 1673/847/1718 1515/736/1623
f 1455/741/1663 1671/802/1655 1673/803/1718
f 1541/742/1510 1668/557/1497 1671/802/1655
f 1426/562/1503 1669/688/1574 1670/689/1618
f 1669/636/1574 1667/559/1573 1366/569/1509
f 1541/742/1510 1366/569/1509 1667/559/1573
f 1429/662/1575 1678/663/1577 1680/626/1565
f 1394/608/1548 1678/638/1577 1679/634/1576
f 1397/961/1507 1395/621/1560 1679/634/1576
f 1398/628/1566 1399/962/1819 1677/622/1562
f 1396/963/1506 1675/624/1563 1677/622/1562
f 1401/631/1569 1430/648/1561 1675/567/1563
f 1686/793/1709 1685/828/1720 1518/827/1719
f 1483/787/1694 1484/794/1711 1684/805/1717
f 1486/740/1818 1681/738/1660 1684/805/1717
f 1487/795/1712 1686/793/1709 1683/790/1706
f 1485/830/1661 1488/964/1820 1683/790/1706
f 1490/797/1714 1681/738/1660 1682/965/1662
f 1468/763/1684 1529/853/1754 1695/854/1821
f 1508/708/1637 1609/604/1543 1694/602/1542
f 1512/784/1704 1691/829/1700 1692/966/1691
f 1510/967/1736 1692/966/1691 1693/968/1631
f 1379/597/1537 1696/629/1567 1439/709/1613
f 1440/705/1602 1439/709/1613 1437/969/1615
f 1556/864/1741 1552/700/1768 1553/698/1628
f 1696/629/1567 1690/731/1568 1602/902/1738
f 1687/605/1544 1688/617/1558 1423/665/1550
f 1689/606/1545 1687/605/1544 1421/970/1822
f 1700/891/1779 1713/971/1831 1705/886/1776
f 1703/972/1823 1705/886/1776 1706/712/1639
f 1701/974/1825 1698/975/1828 1711/888/1777
f 1717/977/1827 1716/984/1833 1709/976/1778
f 1465/890/1780 1703/972/1823 1707/973/1824
f 1698/975/1828 1701/974/1825 1533/530/1470
f 1467/858/1685 1707/973/1824 1706/712/1639
f 1701/974/1825 1700/891/1779 1444/714/1642
f 1708/978/1829 1702/953/1815 1376/909/1789
f 1698/975/1828 1702/953/1815 1717/977/1827
f 1709/979/1778 1716/981/1833 1718/980/1830
f 1699/889/1826 1554/887/1757 1714/885/1758
f 1333/478/1832 1531/952/1640 1714/983/1758
f 1713/971/1831 1700/891/1779 1701/974/1825
f 1702/953/1815 1708/978/1829 1704/866/1762
f 1716/981/1833 1442/951/1633 1327/498/1441
f 1718/980/1830 1327/498/1441 1349/499/1442
f 1704/866/1762 1442/704/1633 1716/984/1833
f 1322/985/1436 1350/494/1426 1720/986/1438
f 1719/495/1437 1330/480/1425 1532/835/1739
f 1333/478/1832 1352/476/1421 1720/986/1438
f 1299/472/1417 1722/988/1450 1726/987/1451
f 1302/459/1405 1725/990/1455 1724/989/1448
f 1301/418/1379 1721/991/1453 1725/990/1455
f 1317/462/1409 1726/987/1451 1727/992/1444
f 1259/424/1382 1723/993/1447 1722/988/1450
f 1724/989/1448 1723/993/1447 1259/424/1382
f 955/46/1073 1755/995/1860 1753/994/1834
f 951/996/1836 1752/998/1852 1750/997/1837
f 1001/86/1110 1772/1000/1871 1773/999/862
f 1735/1001/864 1734/1030/889 955/46/1073
f 1746/1002/1839 1767/217/1215 991/72/1097
f 1770/1003/1840 1771/1014/1849 995/82/1111
f 961/1004/1841 1754/1006/1848 1751/1005/1842
f 1063/1008/1844 1745/1009/1855 1746/1002/1839
f 947/1010/1845 1749/1012/1850 1747/1011/1846
f 975/1013/1835 1753/994/1834 1754/1006/1848
f 1771/1014/1849 1772/1000/1871 1001/86/1110
f 965/1015/1838 1750/997/1837 1749/1012/1850
f 1769/1016/1851 1768/1040/1867 992/77/1102
f 969/1017/1843 1751/1005/1842 1752/998/1852
f 930/10/1847 1747/1011/1846 1748/1018/1853
f 1745/1009/1855 1731/1020/1864 1737/1019/1856
f 1754/1006/1848 1756/1022/1865 1736/1021/1857
f 1752/998/1852 1742/1024/1862 1738/1023/1858
f 1734/1025/889 1766/1027/891 1757/1026/1859
f 1733/1028/1861 1756/1022/1865 1754/1006/1848
f 1751/1005/1842 1736/1021/1857 1742/1024/1862
f 1750/997/1837 1738/1023/1858 1732/1029/1863
f 1732/1029/1863 1731/1020/1864 1747/1011/1846
f 936/12/1854 1748/1018/1853 1745/1009/1855
f 1766/1027/891 1764/1034/898 1733/1028/1861
f 1762/1031/895 1763/1037/901 1742/1024/1862
f 1738/1023/1858 1761/1033/897 1760/1032/896
f 1764/1034/898 1765/1036/900 1756/1022/1865
f 1732/1029/1863 1760/1032/896 1758/1035/899
f 1758/1035/899 1759/1048/912 1737/1019/1856
f 1756/1022/1865 1765/1036/900 1762/1031/895
f 1763/1037/901 1761/1033/897 1738/1023/1858
f 1757/1026/1859 1733/1028/1861 1753/994/1834
f 1770/1003/1840 1744/1039/1868 1743/1038/1866
f 1768/1040/1867 1739/1041/1874 1744/1039/1868
f 1740/1042/1869 1739/1041/1874 1768/1040/1867
f 1737/1019/1856 1741/1047/1873 1767/217/1215
f 1774/1043/1870 1775/1051/915 1773/999/862
f 1776/1044/908 1802/1046/910 1799/1045/1872
f 992/77/1102 1768/1040/1867 1770/1003/1840
f 1769/1016/1851 1767/217/1215 1741/1047/1873
f 1737/1019/1856 1759/1048/912 1776/1044/908
f 978/64/1090 1011/98/98 1012/97/97
f 1777/1049/913 1779/1053/917 1744/1039/1868
f 1797/1050/1875 1800/1058/930 1777/1049/913
f 1743/1038/1866 1780/1052/916 1775/1051/915
f 1744/1039/1868 1779/1053/917 1780/1052/916
f 1771/1014/1849 1743/1038/1866 1774/1043/1870
f 1784/58/1083 1787/39/1071 975/1013/1876
f 1783/32/1066 1786/53/1082 969/1017/1878
f 947/1010/1880 1782/55/1064 1785/34/1067
f 1786/53/1082 1784/58/1083 961/1004/1877
f 1785/34/1067 1783/32/1066 951/996/1879
f 930/10/1045 1781/30/1062 1782/55/1064
f 934/19/1057 945/25/1056 1781/30/1062
f 1157/314/1312 1134/257/1255 1198/271/1269
f 1082/176/1184 1269/378/1340 1270/368/1342
f 1361/560/1500 1558/659/1594 1557/550/1490
f 1388/620/1559 1389/627/1536 1397/961/1507
f 1729/531/1469 1567/528/1468 1568/536/1476
f 1788/1055/925 1315/465/927 1311/466/1882
f 1795/168/1176 1789/169/1177 1036/109/1120
f 1794/165/1174 1795/168/1176 1037/110/1135
f 1036/109/1120 1789/169/1177 1836/1056/1883
f 1790/166/1173 1794/165/1174 1040/127/1152
f 1791/164/1171 1796/163/1172 1039/141/1148
f 1796/163/1172 1790/166/1173 1038/144/1150
f 1792/162/1170 1791/164/1171 1035/142/1884
f 1837/1057/1175 1792/162/1170 1034/129/1136
f 1808/1059/1885 1801/1076/947 1800/1058/930
f 1798/1063/1889 1797/1050/1875 1739/1041/1874
f 1799/1045/1872 1798/1063/1889 1740/1042/1869
f 1807/1065/936 1806/1067/938 1803/1064/1887
f 1806/1067/938 1805/1073/944 1778/1066/1890
f 1803/1062/1887 1778/1078/1890 1816/1068/1891
f 1817/1069/1892 1819/1071/1894 1812/1070/1893
f 1817/1069/1892 1808/1059/1885 1797/1050/1875
f 1809/1072/943 1810/1185/1897 1778/1066/1890
f 1819/1071/1894 1814/1075/1896 1813/1074/945
f 1809/1072/943 1813/1074/945 1814/1075/1896
f 1812/1070/1893 1811/1077/948 1801/1076/947
f 1819/1071/1894 1818/1184/1895 1811/1077/948
f 1778/1078/1890 1810/1079/1897 1817/1069/1892
f 1810/1079/1897 1814/1075/1896 1819/1071/1894
f 1798/1063/1889 1815/1061/1888 1816/1068/1891
f 1807/1065/936 1804/1060/1886 1799/1045/1872
f 1804/1060/1886 1815/1061/1888 1798/1063/1889
f 1396/963/1506 1399/962/1819 1393/611/1551
f 1392/615/1555 1398/628/1566 1394/619/1548
f 1449/729/1653 1452/753/1664 1507/540/1480
f 1482/785/1703 1488/964/1820 1485/830/1661
f 1483/774/1694 1487/795/1712 1481/778/1698
f 1125/342/1899 1825/338/1284 1831/1080/1282
f 1123/300/1300 1822/336/1296 1830/1081/1287
f 1151/325/1900 1827/284/1285 1829/283/1283
f 1823/281/1281 1828/315/1315 1168/307/1307
f 1828/315/1315 1826/295/1294 1150/301/1901
f 1150/301/1901 1826/295/1294 1822/336/1296
f 1830/286/1287 1824/285/1286 1126/299/1299
f 1824/285/1286 1827/284/1285 1151/325/1900
f 1169/248/1245 1829/283/1283 1825/338/1284
f 1193/252/1326 1831/282/1282 1823/281/1281
f 1041/147/1153 1065/156/1162 1832/1083/1145
f 1789/169/1177 1064/137/1141 1832/1083/1145
f 1042/150/1156 1071/155/1161 1835/167/1163
f 1836/1056/1883 1832/1083/1145 1065/156/1162
f 1837/1057/1175 1793/1082/1902 1065/156/1162
f 1840/180/1189 1088/173/1181 1089/171/1183
f 1841/185/1193 1089/171/1183 1090/174/174
f 1100/177/1186 1086/188/1196 1082/176/1184
f 1838/179/1187 1082/176/1184 1088/173/1181
f 1106/1085/1188 1103/1084/1190 1845/207/1208
f 1099/1087/1194 1101/1191/184 1843/1086/952
f 1103/1084/1190 1099/1087/1194 1842/213/1212
f 1847/118/1133 1024/197/1204 1022/200/200
f 1846/125/1179 1076/199/1205 1024/197/1204
f 1851/157/1178 1073/102/1116 937/104/1043
f 1850/9/9 931/17/17 939/15/1050
f 1094/206/1209 1096/212/207 1855/1088/953
f 1092/215/1213 1091/208/1210 1853/198/1203
f 1091/208/1210 1094/206/1209 1852/201/1206
f 1856/161/1169 1017/160/1168 1075/124/1132
f 1859/100/1115 1075/124/1132 1016/116/1125
f 1858/170/1180 1016/116/1125 1014/1089/954
f 1445/556/1496 1728/554/1495 1444/714/1642
f 1867/1091/1904 1862/1096/1910 1863/1090/1905
f 1868/1092/1906 1863/1090/1905 1864/1093/1907
f 1937/1095/1909 1938/1097/1983 1862/1096/1910
f 1866/1098/1912 1865/1100/1915 1860/1099/1913
f 1866/1098/1912 1861/1103/1911 1862/1096/1910
f 1861/1103/1911 1860/1099/1913 1936/1102/1916
f 1871/1104/1917 1866/1098/1912 1867/1091/1904
f 1876/1107/1920 1875/1108/1930 1870/1106/1919
f 1878/1110/1921 1873/1170/1984 1874/1109/1922
f 1877/1112/1924 1876/1107/1920 1871/1104/1917
f 1884/1113/1925 1883/1114/1928 1878/1110/1921
f 1881/1115/1926 1876/1107/1920 1877/1112/1924
f 1882/1116/1927 1877/1112/1924 1878/1110/1921
f 1880/1117/1929 1875/1108/1930 1876/1107/1920
f 1889/1118/1931 1888/1119/1934 1883/1114/1928
f 1886/1120/1932 1881/1115/1926 1882/1116/1927
f 1887/1121/1933 1882/1116/1927 1883/1114/1928
f 1885/1122/1935 1880/1117/1929 1881/1115/1926
f 1894/1123/1936 1893/1124/1939 1888/1119/1934
f 1891/1125/1937 1890/1126/1945 1885/1122/1935
f 1892/1127/1938 1887/1121/1933 1888/1119/1934
f 1898/1128/1940 1893/1124/1939 1894/1123/1936
f 1891/1125/1937 1886/1120/1932 1887/1121/1933
f 1895/1130/1942 1890/1126/1945 1891/1125/1937
f 1897/1132/1944 1892/1127/1938 1893/1124/1939
f 1896/1131/1943 1891/1125/1937 1892/1127/1938
f 1904/1133/1946 1903/1134/1948 1898/1128/1940
f 1902/1135/1947 1897/1132/1944 1898/1128/1940
f 1900/1136/1949 1895/1130/1942 1896/1131/1943
f 1902/1135/1947 1901/1137/1950 1896/1131/1943
f 1909/1138/1951 1908/1139/1952 1903/1134/1948
f 1908/1139/1952 1907/1140/1954 1902/1135/1947
f 1906/1141/1953 1905/1142/1957 1900/1136/1949
f 1907/1140/1954 1906/1141/1953 1901/1137/1950
f 1914/1143/1955 1908/1139/1952 1909/1138/1951
f 1914/1143/1955 1913/1145/1959 1907/1140/1954
f 1912/1146/1958 1911/1147/1962 1905/1142/1957
f 1913/1145/1959 1912/1146/1958 1906/1141/1953
f 1919/1148/1960 1914/1143/1955 1915/1144/1956
f 1919/1148/1960 1918/1150/1965 1913/1145/1959
f 1916/1151/1963 1911/1147/1962 1912/1146/1958
f 1918/1150/1965 1917/1152/1964 1912/1146/1958
f 1924/1153/1966 1919/1148/1960 1920/1149/1961
f 1921/1155/1968 1916/1151/1963 1917/1152/1964
f 1924/1153/1966 1923/1157/1970 1918/1150/1965
f 1923/1157/1970 1922/1156/1969 1917/1152/1964
f 1929/1158/1971 1924/1153/1966 1925/1154/1967
f 1926/1160/1973 1921/1155/1968 1922/1156/1969
f 1929/1158/1971 1928/1162/1975 1923/1157/1970
f 1928/1162/1975 1927/1161/1974 1922/1156/1969
f 1934/1163/1976 1929/1158/1971 1930/1159/1972
f 1931/1165/1978 1926/1160/1973 1927/1161/1974
f 1934/1163/1976 1933/1167/1980 1928/1162/1975
f 1933/1167/1980 1932/1166/1979 1927/1161/1974
f 1939/1168/1981 1934/1163/1976 1935/1164/1977
f 1937/1095/1909 1936/1102/1916 1931/1165/1978
f 1939/1168/1981 1938/1097/1983 1933/1167/1980
f 1938/1097/1983 1937/1095/1909 1932/1166/1979
f 1939/1168/1981 1863/1090/1905 1862/1096/1910
f 1940/1169/1982 1864/1093/1907 1863/1090/1905
f 1878/1110/1921 1877/1112/1924 1872/1105/1918
f 1872/1105/1918 1867/1091/1904 1868/1092/1906
f 1871/1104/1917 1870/1106/1919 1865/1100/1915
f 1873/1170/1984 1868/1092/1906 1869/1094/1908
